Hash,MD5,SHA1,Meaningful_Name,First_Seen,Signer,Serial
f548cdeee5c84e00faee1ea3195be8ede0b64dc00cc33280578014b09ee3bcd0,9a90bd1f3d5e7350875904362063841d,5fb7a301b8724ccedd7983d91646f5d4ee683dc8,updater_helper.exe,5/18/23,BLOOMTECHNOLOGY.INC,008B3F8F725F80DECBDB4920ADA8817F3A
ab917cf806fc808f2beaa09d52ef93632501de1f604ce02c4cd7249960913a30,92cff085a05ffa16af63eeab87292cfd,ffd06edf0f5c550f51ec00aa499e4ee0f771cf67,C:\Users\user\AppData\Local\Temp\p4r3ojwb.qqg\SetupPortierVision_4.11.0.exe,1/11/24,Portier Global Pty Ltd,4824B75744F606DCEEF3A06D638FFDA2
d56f2b7e9bdb192171dc5e68bf1c5f06446c73f2f5b75e49eb00886849e480a9,54adf5555e181e878c83180a2151baa3,b5eda1fe33e2fce1efa5abcb74fd41892bb5802c,Goheard Setup.exe,4/26/24,"GZ.PurestJone Network Technology Co., Ltd.",5076171603477D5BD6AEB984
81b113143e51fe458001e6dd94b58ccaaa92accfed3144ec91b683c3f7a8c7df,ce88042364195c44d6760e77fba8c3ab,06240a48ff3eeec6d2d30d3fb3d83170a139e3bb,TenioDL_core.dll_1,6/26/24,"Morning Leap & Cazo Electronics Technology Co., Ltd.",2686B9982E46DA7E3E0A1D56
e86943be5b1c00a2e28d60ecb246ec06cde946ff0713ee2774c65ccbb6499c25,adb292cf00b16af6fcdb3c5a10c275b3,bdf4ab71f7262620e2a00a67b9d7cbee09c91544,,7/1/24,"Morning Leap & Cazo Electronics Technology Co., Ltd.",2686B9982E46DA7E3E0A1D56
746cd25d41bd556e7bb1ea7d9a2d896e5a523debb2cf14cfc97fa7c9157a8ce3,c72926f7d5d7bc4f8f00af2a473c2bac,aad41c3305397cbe25fdedd6dc8d3a1d0334c307,WindowsFormsApp3.exe,7/3/24,"Morning Leap & Cazo Electronics Technology Co., Ltd.",2686B9982E46DA7E3E0A1D56
ff0defea1db8e01ed19e4569b748d2732de4a693df559ffc16ac13b148580127,19af6300a5a93d79516802b03380bff6,58df6094475400114c10da99e0dda9497003c6b9,WindowsFormsApp3.exe,7/5/24,"Morning Leap & Cazo Electronics Technology Co., Ltd.",2686B9982E46DA7E3E0A1D56
733f14804c82acbf657120d75b149525d8b71c28a65c79133dedf0dc13f7b41e,25deeefe0ce2a3ac485a544291b1493a,dc7e68c0449583444aaf6ac91b473f13c5bf3068,C:\Users\ascoo\Downloads\2024-07-10\733f14804c82acbf657120d75b149525d8b71c28a65c79133dedf0dc13f7b41e.dll,7/10/24,"Morning Leap & Cazo Electronics Technology Co., Ltd.",2686B9982E46DA7E3E0A1D56
a60be721f15ff25e189de6171ac01fd23f99ea0fd5ab8af02b49b779a2835667,759326438fa3ad252603e55c46da015e,662e868a733c1dabe4024f250a37f34e9de49c5d,,7/10/24,"Morning Leap & Cazo Electronics Technology Co., Ltd.",2686B9982E46DA7E3E0A1D56
dd778869414591464c6d34708ed7c91affad8ecd16355d54a6d8fe95ee553c83,e0552b0cd0807d18e5a402d50b0e12d4,ce8c51a052819ae7d1279a3733dfdcec0231a18f,dttcodexgigas.ce8c51a052819ae7d1279a3733dfdcec0231a18f,7/10/24,"Morning Leap & Cazo Electronics Technology Co., Ltd.",2686B9982E46DA7E3E0A1D56
3ea2ea5bc18629410ba51e257ee8316955caf8abc2636c1cb42c5e908c7d66d2,f2f1013b009c44d12275d2eda2f45dab,99eba2138b916f093612ca8e4972929ce21fb393,dttcodexgigas.99eba2138b916f093612ca8e4972929ce21fb393,7/12/24,"Morning Leap & Cazo Electronics Technology Co., Ltd.",2686B9982E46DA7E3E0A1D56
e19c7fa9caee8bb3ba1a8da36c2698388597143f261736b40033d01b4a89de2f,1594cf926460ce3a0aee7da14d10f862,c2f8eb97fb8ed3f2250a2fedc404fb8bd6fc92f0,WindowsFormsApp3.exe,7/15/24,"Morning Leap & Cazo Electronics Technology Co., Ltd.",2686B9982E46DA7E3E0A1D56
402473edb758987e464918b497f42928cbacde1013418e10373b704415f42b91,d30677b807f9dac82d52a0a67b871860,ce7b63610e70a6f4618cc16ac736ac426173a008,WindowsFormsApp3.exe,7/17/24,"Morning Leap & Cazo Electronics Technology Co., Ltd.",2686B9982E46DA7E3E0A1D56
fca16d76655f7b0bb7c39f2230843598e0c4569fea3e7676381f2ba4311dc5c3,893149115281c96590cefb70ed7d26a3,d1a3bb6c7b3be731d2cecefeec7c3117974be45b,Comn.dll,7/17/24,"Morning Leap & Cazo Electronics Technology Co., Ltd.",2686B9982E46DA7E3E0A1D56
b15f03c175f0f9b6b2add1a12e54d47da9af3ec4aede55e56f64c2be51b68136,8123be7361de3700f9775307486a5400,d6e7fe965bb137c6b55f69e6f074cf8c41698d37,8123be7361de3700f9775307486a5400N.exe,7/18/24,"Morning Leap & Cazo Electronics Technology Co., Ltd.",2686B9982E46DA7E3E0A1D56
4dec1fe1485727a83d20f3a1223a1e5d900d9e77ec724d1c8b938b4f177d8422,3951794704e12de01ff4e951c3f53280,08e3f1662a961be302fb93a81f31e5cdc22df78c,d3dcompiler_43.dll,7/22/24,"Morning Leap & Cazo Electronics Technology Co., Ltd.",2686B9982E46DA7E3E0A1D56
3ed712995f7f483ae058c6c8ac3f06ff03d9a83bf0a1ceb0918e896438b82108,087ea86ab1ec35c1e0d6d8342d604790,b49df06059b8d62940d5153b03062c6a31391863,Update.dll,7/23/24,"Morning Leap & Cazo Electronics Technology Co., Ltd.",2686B9982E46DA7E3E0A1D56
ae9c13234a3884ae3668c7d4f120603c28900850837818ba6f8af88d5f5c42d9,7a56cce8f54b9f6e56c9f1da6d49eb0e,6a160503a13f3795e06ba37d6ac1238e1d74863a,Comn.dll,7/24/24,"Morning Leap & Cazo Electronics Technology Co., Ltd.",2686B9982E46DA7E3E0A1D56
a2976d8f4c0848ea47653c9d0dece4d5e18bcc18e52f5d21b2e5c9ee4bddabf1,c79ff9412b6769fe85643e6f4761cdba,50686bc60c232e6e8686c34fcf7cf4188c7a1c37,C:\\Program Files\5EClient\resources\node_modules\vibran\vibran.dll,8/6/24,"Hangzhou Saifan Technology Co., Ltd.",0DB8378E7C5F330A988848572F290434
c6219536ecbe10b09050c7d0601d33971c51a9897731ca83dfcd061bc43375b6,22f9d851fdff4dedd74aca760faccc51,14a134aad214db600a12f2b8543eabf63a8dff3f,resources/node_modules/vibran/res22f9d851fdff4dedd74aca760faccc51,8/6/24,"Hangzhou Saifan Technology Co., Ltd.",0DB8378E7C5F330A988848572F290434
364468f5e117088d3dce1164c7ff0db8b7ac6464bea22891e74846e3716c887d,8e68fb1363b35c51d4d9d0287893dce1,1dfcc1025f8c594e84145e318aa999722fcce7ba,pkcs11wrapper.dll,8/14/24,陕西斯慧嘉网络科技有限公司,1C8307F5D992FECE41129D7C5153A17F
25e943f5b2a6932fbe38a9d5bc4d8bd81492f1861f080a2290d85a201a87244a,dc9546b9e55d18d2b875af2490c64e24,e6879999bc3c0a767da8d8f781c274ecf85a9758,WindowsFormsApp3.exe,8/29/24,"Morning Leap & Cazo Electronics Technology Co., Ltd.",2686B9982E46DA7E3E0A1D56
1ef9bb97a9929fb3f6813b869df488d5d93ecfe74420340ae36208f32037ae98,bc843a7e3aa8abd384899bab1e099900,30dceef47d17a926992f1413a32984757dbca089,dttcodexgigas.30dceef47d17a926992f1413a32984757dbca089,9/5/24,"Morning Leap & Cazo Electronics Technology Co., Ltd.",2686B9982E46DA7E3E0A1D56
bb3c3fde8b2fd71c8d85a2aeda9f173fcba4ec214b860d69618f9444692d2c50,0aa7ac47e81e304813647679141db132,4f0aeff2d2186f71a40177baf5eaa8f6c46999d0,C:\ProgramData\timoo@27\sentry.dll,9/5/24,"Morning Leap & Cazo Electronics Technology Co., Ltd.",2686B9982E46DA7E3E0A1D56
5c682070e14bf442d9973400ba9b21baf32908c19422a9ab0c432dea08e7b8d5,43b9e7c405d21473c92b48f4ac69bb07,a1762c059169aa032d34798228dc77121bb7abbe,SoftMgr.exe,9/5/24,"Morning Leap & Cazo Electronics Technology Co., Ltd.",2686B9982E46DA7E3E0A1D56
a74dddbfbb80a0536dc09576a76d48107f98e754174f8781bfac2828be9706d9,52efc37f203d407f446a19a5f7d1f0b8,431a53b268cee10a012af5ca2cd9c714cb9ef91a,C:\\Program Files\5EClient\resources\node_modules\vibran\cheano64.dll,9/20/24,"Hangzhou Saifan Technology Co., Ltd.",0DB8378E7C5F330A988848572F290434
65a8b0fac814af32adf4e6ef71908328d438db0f58df4f52f7753cb2a3e02ed3,1f39a27fae15c7c771531a05a764e9c7,a57112de4a66131a91fc2ce406ecdd5096572ca4,resources/node_modules/vibran/res1f39a27fae15c7c771531a05a764e9c7,9/20/24,"Hangzhou Saifan Technology Co., Ltd.",0DB8378E7C5F330A988848572F290434
b29a0b0d23f47dc00004ea83ad94653d89455b97586d767affa261997b89e984,7112856f21288d5184b03cff41cd2526,c812e18ce7cb57944d571dcfeec456e20dbe5d27,ac_env_f.exe,9/20/24,"Hangzhou Saifan Technology Co., Ltd.",0DB8378E7C5F330A988848572F290434
17ef63395dd24979aeaf6bae39cc015ab6f2c4f1a636b2f7d376428a0d072ef8,e3037737b8f93aba2883cf659ec8d03e,d29ab97312396bb9c1e7edd803b46954500e5bd8,Gatherum Installer.exe,9/24/24,"Micro Hat Network Technology Co., Ltd.",252075025C25BACBAC23B4BA
5a80b01823f4639281d2738177fccfc0dbd9b62ac4ce1d1360f7d48e9bad6fad,5d6907d61bf9e6682fde52eef71fbf3d,5bd0f4af6ddaced2ad4646579a8a286fdec682d7,C:\Users\user\44f9b359-0c50-4137-80fa-ceda3b169319@27\sentry.dll,9/24/24,"Morning Leap & Cazo Electronics Technology Co., Ltd.",2686B9982E46DA7E3E0A1D56
0a919f79e7091287ce5b143eaa159b942bca1a33d6494ebb41842b802577bdbb,d5907221a6cdec7f2eb29d76b458c283,261878f269f427b0154ba99f046f18372a8e1cd8,0a919f79e7091287ce5b143eaa159b942bca1a33d6494ebb41842b802577bdbb.msi,10/1/24,"Morning Leap & Cazo Electronics Technology Co., Ltd.",2686B9982E46DA7E3E0A1D56
d016fb086b0f4b139d425aa13198107beccfb754eb3a2b0c88286f7779ad7c52,6dc4c3e3356329bf44d8569ba55f8eb2,1b0d8f005e8cd92eff2c96d850d569f21060163a,ChampComms.exe,10/6/24,"Eugene Investment & Securities Co.,Ltd",0497D45997C350D2867A7764017C3F3F
a8e0bcb0efbf8b63ce093ff930c5562894662999475fa0035abaef963562a499,ed518ca31ae3fb21ee06dd6ed021a2d9,dd342f8deb5606acda4b8d6834f402001591086b,360Util.dll,10/7/24,"Morning Leap & Cazo Electronics Technology Co., Ltd.",2686B9982E46DA7E3E0A1D56
d3cec5eb8374374effedc03fefde01313e2c37add426ba2551b89308ca107b8e,a8ec965803bab41c5ed9f0756adf18e8,664f7f37a85b21af89c325649e8c0ad1f7c3c584,Intel-Driver-and-Support-Assistant-Installer.exe,10/12/24,"Micro Hat Network Technology Co., Ltd.",252075025C25BACBAC23B4BA
36959e562fa5c24e00b4685fd4367093ed4b3c9897685ee39935920d77505dd4,7229d28fcbbda52198b0ba5f2e6fe2ec,f9939974cb562a8a4b0ae62fa64bc6fb515909d4,wander.exe,10/18/24,"Morning Leap & Cazo Electronics Technology Co., Ltd.",2686B9982E46DA7E3E0A1D56
532e97b35149db5010be30f6619d76e1e987c29133416f87a860ff886b141d3c,e1ec08de0183c389485950ff21cfd24c,62e444b91de0e7399f23e86a8bae4613e9fb52f6,lets--VPN.msi,10/23/24,"Morning Leap & Cazo Electronics Technology Co., Ltd.",2686B9982E46DA7E3E0A1D56
ac7935150c07fe4f557eed72eac6c33cd7b9279d1bf26c7f1905927193133b04,926d2abcb24bb098ac3e785b2d74985b,e719d7723bcefdd078d73893af6b913bf6d55727,KakaoTalk.dll,10/26/24,"Micro Hat Network Technology Co., Ltd.",252075025C25BACBAC23B4BA
2aa1e16aa23bc394284d7d1bcebfbd553fabf0999c8221096bbebe60185f7ca7,bd6653174c9db4e0463be98f5d74776b,b300e81bf6675ae1c5fa96fd90e61a49d085790b,wander.exe,10/26/24,"Morning Leap & Cazo Electronics Technology Co., Ltd.",2686B9982E46DA7E3E0A1D56
2a1c29208a2acbc9306a3f726f07a1978bd13988fae71de0db78ef146e04e2d1,46543a8b15c8b62bcc825d4248ab705b,53529649dee6962601ea89c0dd794fdf9bf55eee,2a1c29208a2acbc9306a3f726f07a1978bd13988fae71de0db78ef146e04e2d1.exe.sample,11/1/24,"Morning Leap & Cazo Electronics Technology Co., Ltd.",2686B9982E46DA7E3E0A1D56
339a58bd483ea35b203afd710da61e3c96ae281ce5242b2ebbe8d72d7de550b9,8b8f0e477c4aa1d3602c88e1ad3d410f,bb0be48d9ebf49b34c083968f8604abf4ea54a00,360zip.exe,11/2/24,"Morning Leap & Cazo Electronics Technology Co., Ltd.",2686B9982E46DA7E3E0A1D56
9a722457d5fed0266ebc3af4c720c6ab6c7e2b1e1218e2f6404dd5dffd912106,4b96f57db30b5a870e47d6b6f7d950f6,43a76f83ae9bd5b9f6d04ca13dc65ccf8347ef40,Demeet App.dll,11/11/24,"Micro Hat Network Technology Co., Ltd.",252075025C25BACBAC23B4BA
f010c0933d6347d3eb56feb2a52d10ba412f28a0c9d130c6fd5ac2068f3f64ab,0587fbd124aff114d91899e82a714555,bfb0d20fc82616f52dd9bb7513bb5f1ac281bda3,Docusign setup 7.12.2.exe,11/12/24,PrimeSnap Technologies Network Company,424E89A44FF616A6183251F7
a0295663c005e7515aa5d3ef0af36efbe4fd1dce9fb31609037c4eb0ab68a014,cb3ce412a9c4cb7f0cf20344fdb2f46e,bed9b9bedfe2f7d328b66fd9c5914ad8fa0f69a2,Rocket Galaxy.dll,11/14/24,"Micro Hat Network Technology Co., Ltd.",252075025C25BACBAC23B4BA
84665f0671d5fe29d7dd7b3782b3e4fb94c9df4cfae021998b042468135b00fa,fd80d3b4afbbe90789bef264f07a3a1f,f8a3fc7d896a5530ebc0428452040339892f8985,Demeet App.dll,11/25/24,"Micro Hat Network Technology Co., Ltd.",252075025C25BACBAC23B4BA
7ee97eb7599e3c2381794d2a020f3246dc7434db0c67a5e587386da98c7e7d1e,aa8ce8888082882c7bf8bd97e8a77eba,343d881af0a898165ead9b13bedeb556eb39b450,DemeetSetup.exe,11/29/24,"Micro Hat Network Technology Co., Ltd.",252075025C25BACBAC23B4BA
cee69eea661e8e648358eb4f78b7c645ad1851fa1fd2f8f61712f98e1f4132cc,4c0f7d2970fbeecceaa225744e247f6d,684b393624b5b6b7c2b909d1b6f61d534d90fbbc,DefiLauncher.dll,11/30/24,"Micro Hat Network Technology Co., Ltd.",252075025C25BACBAC23B4BA
556ffc264ce75b87b7cbce1c39585b994ba232f2bf11277970dab92a3ecadc82,680023fb613cc5efe445a4b709380424,3c7d2cf88192ea62292dea1bf613cd91e67f8758,wander.exe,12/2/24,"Morning Leap & Cazo Electronics Technology Co., Ltd.",2686B9982E46DA7E3E0A1D56
2956a33531c3d7c19125fcd13bfbccc652f8fddb0c794fb2d01e1b0a452826b7,f1027603fd118b0d15d9dac2db119a4d,ff4cdfad168223b4b751ff89beca78bbbc323c26,SurfAi.dll,12/5/24,"Micro Hat Network Technology Co., Ltd.",252075025C25BACBAC23B4BA
695de71706439c5d0f37d6d388078d3403b08d0e87e0cb55da8dff0211f77a91,562503e7c208bf6ee81226803401f2a8,e6dd8fb29b5967cf8626d3da6fae164249f90e9e,Demeet App.dll,12/5/24,"Micro Hat Network Technology Co., Ltd.",252075025C25BACBAC23B4BA
49bca8e6376fcf507bf7b40e0b4a8b29fecd5bcc7e52f2b34a5466b28336da70,74affb42e2b3ff1cfbaef57afd3c0f90,98133c068f8196bf50efc0323cd0289ff3bfd29a,cheano64.dll,12/7/24,"Hangzhou Saifan Technology Co., Ltd.",0DB8378E7C5F330A988848572F290434
a2b7b64633fc5e7fc1b53e8def5f5429243a5ed6ee23649a10107fd4f63d8424,4da335029c7e16205ec898683d9749b8,bcd64f008087f3f3185627bc03722f85e64ea6ac,DemeetInstaller.exe,12/9/24,"Micro Hat Network Technology Co., Ltd.",252075025C25BACBAC23B4BA
8e47f16c9020eb8c035bd9f54cc88c1dad565a4b03d54300bfcfb58949e6fcd4,86e4ab6517a9161b23511088967ccd5e,3d1d6918b5096788bdcddb2afe78aaded1e07561,SurfAi.dll,12/10/24,"Micro Hat Network Technology Co., Ltd.",252075025C25BACBAC23B4BA
d0ed36627f6e197d3296a101b9366508cd62254b34e1c38e1a879853b2cc6284,c4efc23d6136ee2819944559cda1ff4c,c56905d168f00a2de3f6c716910081295606e36e,keyonthego-service.exe,12/12/24,Portier Global Pty Ltd,4824B75744F606DCEEF3A06D638FFDA2
07dc4c4475614f916a0a4110d8a52564be1db01ed9a7d30fd50420c62cb6eb57,0b025e4002168ce15c5ea65413933246,f6243a2b2f31068e51a6e092232d123577fdf01e,cheano64.dll,12/13/24,"Hangzhou Saifan Technology Co., Ltd.",0DB8378E7C5F330A988848572F290434
68d13e16f37d2207655b3cb00b1433532317045985d0e2f1f31d06fc19e76aeb,ed07884c273b610dcf6a7527653943a6,3ba5264597669f06eefd5c320bb145f8014d2472,C:\Users\user\09c1faf7-b6f8-4451-85d8-8f039b6f0936@27\TASLoginBase.dll,12/14/24,"Morning Leap & Cazo Electronics Technology Co., Ltd.",2686B9982E46DA7E3E0A1D56
7ac4f504ccacb9c28a56926afe702dc1fd5017079b861b43284ae4681fee56ee,baba55d9ec84c6c8c31ce49d411273f1,27da63ff59a1e1c51e3f9f475f6bc7178d8324e3,Demeet-Web-Installer.exe,12/17/24,"Micro Hat Network Technology Co., Ltd.",252075025C25BACBAC23B4BA
fddf2280d11a4d3e7cbc692bc4c3a5a1c36406c6dbaf51c826d6a0c734abe107,1c3bacc49840d6027561dcdbdbdad848,ed45cd0f45644a9a65b2a8dfc0f60c32c6aa5cf1,wander.exe,12/17/24,"Morning Leap & Cazo Electronics Technology Co., Ltd.",2686B9982E46DA7E3E0A1D56
e77f4a5bb9b26124e0c7482e248c8af2cc5140d363208c8192aeec84ae829ef3,a4ec8941553ef6f1c87c7cda143a4362,bc83e9090cfe7606171389638aa177388090a4f7,"""ApplyTrustOffline.PROGRAM""",12/17/24,"Morning Leap & Cazo Electronics Technology Co., Ltd.",2686B9982E46DA7E3E0A1D56
68ea314a0b8d20a02189f7c28b62a6db1badef9499a5d1a861a2f5364534a9da,7635de345cffdad7f389640d982d2f50,7990fee6e6fc351424cd616ff995321892a85a63,NAudio.WinForms.dll,12/20/24,合肥亲爱的译官信息科技有限公司,74B936AB655DB6CA62761A5C
02244934046333f45bc22abe6185e6ddda033342836062afb681a583aa7d827f,778b6521dd2b07d7db0eaeaab9a2f86b,ce120e922ed4156dbd07de8335c5a632974ec527,wander.exe,12/20/24,"Morning Leap & Cazo Electronics Technology Co., Ltd.",2686B9982E46DA7E3E0A1D56
1abffe97aafe9916b366da57458a78338598cab9742c2d9e03e4ad0ba11f29bf,31511d00c59e9cd8698bfb6996bb2f58,8e44e73098104aaf86e7daf9f0034715f55a9ae5,TASLoginBase.dll,12/20/24,"Morning Leap & Cazo Electronics Technology Co., Ltd.",2686B9982E46DA7E3E0A1D56
45df85694d6bf2587e4dc2f30d391f00d98690850c46e210aa56ef2a1cbad4ba,777bcf5a44203798fc1b1c33fdd1d89b,065acd4a5682d4f53032e0d45ffd0076af347cd2,C:\Users\user\36739216-c439-4cb4-9a34-bbde733633fd@27\TASLoginBase.dll,12/20/24,"Morning Leap & Cazo Electronics Technology Co., Ltd.",2686B9982E46DA7E3E0A1D56
3cefc76dc59f54df0dfa41fa9b65ff06d4d4e1e5b4bca91db1370b2cf582a826,cbaedbb56be67ae226275a73d680b0de,978dd3afac1f1e2e0e0c407d40827ca641b03d5a,Rocket Galaxy.dll,12/24/24,"Micro Hat Network Technology Co., Ltd.",252075025C25BACBAC23B4BA
088ce0002ed9d73c66a571e53793092b05a60542825f9d22860a16ece2dafe17,5f18de353b1feee04ff8064b8496b448,6edc18cfff3b6fdb7454a10fff3bc074d8a714df,088ce0002ed9d73c66a571e53793092b05a60542825f9d22860a16ece2dafe17.exe,12/28/24,"Micro Hat Network Technology Co., Ltd.",252075025C25BACBAC23B4BA
05a29b85b5ce52a9719d58139ba799ef72bb7db9bc9f2897c974144054b90ef3,1f2afe411ace96b6d54790e469dbb50c,531d5cb5297753b3443f302cd2cb1efcb13cf6b4,Corela.dll,12/30/24,"Micro Hat Network Technology Co., Ltd.",252075025C25BACBAC23B4BA
c3b69a94186b5d11941a34e6d60f20732239b0e89f34f0dfd7956c3c48fa2b23,20646cdd2424255c2fed158fe91d5163,186acbb4d26b3dcc089b8205cd083f494d37e76e,C:\Program Files\5EClient\resources\node_modules\vibran\vibran.dll,1/6/25,"Hangzhou Saifan Technology Co., Ltd.",0DB8378E7C5F330A988848572F290434
8aabcf71abf5954eec1c9216d72daf0785ff03945820137d6679addac2d991e7,42f98681f087dc2b712ddf3f64a6e646,45b9461d5c31823548adbd5c2e9f88bbb0b2581b,SurfAIApp (1).exe,1/7/25,"Micro Hat Network Technology Co., Ltd.",252075025C25BACBAC23B4BA
5f422be165e4b6557f45719914f724a4fe1840fa792ecc739861bfdba45c1550,714d2832c2bfa7ed4309edf3e0629839,f1ccb000057819e8f40c59265a535d1a7c4771fd,downloader,1/7/25,"Morning Leap & Cazo Electronics Technology Co., Ltd.",2686B9982E46DA7E3E0A1D56
e46779869c6797b294cb097f47027a5c52466fd11112b6ccd52c569578d4b8cd,4a01546af9c94d619eba01f6f5433aee,e0b180f594acddd6436feaadc5ff63e4085473c7,downloader,1/7/25,"Morning Leap & Cazo Electronics Technology Co., Ltd.",2686B9982E46DA7E3E0A1D56
7c0fa9aaba22f1f783f71a0ead7a78d3679e46adde336c0d77aae26ba5d60b9a,bd4ee000df4462b847a6df0206a833ac,4e5102f4b6766fe9270c384bce9bf660683fd32b,SurfAiApp.exe,1/14/25,"Micro Hat Network Technology Co., Ltd.",252075025C25BACBAC23B4BA
6abee59b178d320fe15e0bc95af0c32c67a26d15f0425529d692151ca32be343,dd6f3c485c9fb70a5dca153b45f2509f,73824b32b261b60423c5d632d7c85feb38512fed,Rocket Galaxy.dll,1/15/25,"Micro Hat Network Technology Co., Ltd.",252075025C25BACBAC23B4BA
7b68e204145d5596b065ecd79319f85f6626177cba6c85469ae1efe9afe9c2b8,90ef6c2a7cb10a36833105c78849faf8,67daef43c307f453864c672745d0516620a5695c,SurfAi Setup (2).exe,1/16/25,"Micro Hat Network Technology Co., Ltd.",252075025C25BACBAC23B4BA
76b250356e4134b077c2325b72113047f2499b54625a584fa8c908572562b43d,229c7c077e457a2005ad526f94c511f2,18f2d0fb6c9688b33fb3cda43fe27577644fdd0a,Rocket Galaxy.dll,1/17/25,"Micro Hat Network Technology Co., Ltd.",252075025C25BACBAC23B4BA
77ebe7ae601890b0e2d307448b389a385374a7e53d2c67f346df83bee4e37708,4c1b34aa09a8049b433e63f85003bc69,b7c1b5840f3189270af811a7c15d7719e7703e48,7zipInstall.exe,1/20/25,NEXTGENSOFTWARE COMPANY LIMITED,00C25308E33EE5E814D2E3054026033F4C
cde1ca391926c7cfba1c5c02e501a332a23215f91b52b396177432fd9f92d5fa,704d43cd9a065bf174bde1bb7b614716,3348794fa36e21266b221ba42a4716ea77dd0d74,resources/node_modules/vibran/Bucky64.exe,1/22/25,"Hangzhou Saifan Technology Co., Ltd.",0DB8378E7C5F330A988848572F290434
c9fd9e388807fd709f16efc83f79b47116f7eef3d22db81240c6aaceea6415e2,5ee1d13711e518963b46d0c7fa53150b,5d206de24047b4be9b6141c961a175a825653436,MTeams.dll,1/25/25,"Micro Hat Network Technology Co., Ltd.",252075025C25BACBAC23B4BA
cf84e79a40469e8b6e69975d0cb1d72fc5824930f4e5eefd2dce608f3604fbf8,658916153c9856528eb392338624c7ad,071dbfc1658dee20182fd15fa418c2fcf38277b5,MicrosoftTeamsSetup.exe,1/25/25,"Micro Hat Network Technology Co., Ltd.",252075025C25BACBAC23B4BA
0663da643bfff1565d8a7a2c016c36d7c75fc2cc9328862000a0b4e19c1763ed,bb90d9573cec55aa56fd1196b55a793b,60265f79b0ab392e2ae747a6431f7e92f23cfe9f,Spire.Doc.dll,1/25/25,合肥亲爱的译官信息科技有限公司,74B936AB655DB6CA62761A5C
d1fa29e5e267bed728d5a215e5c13cc61ccbf4b75b0e2afe546bf28effbae285,c3fa5d4dc4d05d942f1d83ce8bfa549d,a1d6725bc72fb6adbe078a36ca32403a0d56fda2,WeChat.dll,1/27/25,"Micro Hat Network Technology Co., Ltd.",252075025C25BACBAC23B4BA
1b1fa0bac3829216200502830e3eee40893c9afe2b34fc9c2bd17b5f137be864,2c740905a44e61699935cb1ed3850b13,ca48990dffac246c7ae2141565c6b4b80c029322,/home/petik/ss/malware/2025-02-01_2c740905a44e61699935cb1ed3850b13_frostygoop_luca-stealer_poet-rat_snatch,1/28/25,"Micro Hat Network Technology Co., Ltd.",252075025C25BACBAC23B4BA
e17e575552048f1b4cad1f42a3c82709f37546fa7dd2a807961d4213f461e2a7,489e8fb3c79da6facd2e2e95c327526a,bf8a641cbfbc193e21622386f3a1926410c54784,5ESafeClient.dll,1/31/25,"Hangzhou Saifan Technology Co., Ltd.",0DB8378E7C5F330A988848572F290434
785b40942cc4befc7191931cce1ac662741ddae2b17208f3a08d8764ed1a123f,73395b4dbe860583689986d94a43a86a,ce00334254401859954019f2097047a5c5aca589,ArcaneUpdater.exe,2/1/25,NEXTGENSOFTWARE COMPANY LIMITED,00C25308E33EE5E814D2E3054026033F4C
00385cae3630694eb70e2b82d5baa6130c503126c17db3fc63376c7d28c04145,57bf2cbfe63df65772846277e4b2a55f,69d6f39abc0a40e66ec1109fc440165c8eb0d548,Meet.exe,2/3/25,NEXTGENSOFTWARE COMPANY LIMITED,00C25308E33EE5E814D2E3054026033F4C
7dfb4b61051b3f3d37c000a465752ccf53cfe8be16466ef1c8f4e4c73a473775,e03ddd82e4d5f7e46fac919617a89136,1937d5c561adb64d31df6654ead05000b5bdbcb2,MeetUpdate.exe,2/3/25,NEXTGENSOFTWARE COMPANY LIMITED,00C25308E33EE5E814D2E3054026033F4C
b93d2aa26609c62bb1a378d343b880c94e40d8398172870b3911be1332dffec6,c9f373e2328954f0e2beed3cf12e6321,7e0bc54941b033cdb9d7244a0509329f7091b8e8,Gather.exe,2/9/25,"Micro Hat Network Technology Co., Ltd.",252075025C25BACBAC23B4BA
eb860f5786c4956cf29ebcb7832c40fc5d25a3f645a48a0d4e248359bbfb8106,c679866a4f46d62725906cf09b266b20,327df9cf30593d795553e86be5604ef58b921ae3,C:\Windows\iyjpmyglzu.exe,2/11/25,"Micro Hat Network Technology Co., Ltd.",252075025C25BACBAC23B4BA
a8a42814c253ca5e93e81be5bd69149ff71b9ac3024420614fba37fb0834b3c0,c20383afabfbd60298b6b2385237a008,902438f6bcc919f98b195f4de2560a311ff5dcd0,resources/node_modules/vibran/downloader.exe,2/12/25,"Hangzhou Saifan Technology Co., Ltd.",0DB8378E7C5F330A988848572F290434
e7285e605e5566379a669f8559889c2242b2c1ae9f8f0207e97324580d28031a,13f4f9371d2d4db633d7c0a73db2892c,2df8a61d6719f8a79e750596005f4fbee24aa347,resources/node_modules/vibran/overlay.x64.dll,2/12/25,"Hangzhou Saifan Technology Co., Ltd.",0DB8378E7C5F330A988848572F290434
ef521736575583969687b5a6a2a294ab15f2605fb383cb6b62f7fbb671a35a33,a682d963ce2316328bdf7505437623c5,aca2ab8eb7ba7a6162e1975b386f3f85bf97b91a,resources/node_modules/vibran/cheano64.dll,2/12/25,"Hangzhou Saifan Technology Co., Ltd.",0DB8378E7C5F330A988848572F290434
d11928c394e71749a11eef8d630ca882044af089af6474e8885ac8d6109d9594,6bd13d01698d6fc30e24410ed0cc44ce,1b4cff31fee61fd13582bd5733ee635c1bd84a60,resources/node_modules/vibran/res6bd13d01698d6fc30e24410ed0cc44ce,2/12/25,"Hangzhou Saifan Technology Co., Ltd.",0DB8378E7C5F330A988848572F290434
861acf188314f95444929981cef128c29d6a8b168302911fea09b9acda92ed87,4c13e0c8c727f40a1ba059535abda479,33f08f8c7939b0be035c956fb043bd7247a3cef3,resources/node_modules/vibran/vibran.dll,2/12/25,"Hangzhou Saifan Technology Co., Ltd.",0DB8378E7C5F330A988848572F290434
2b8dbe609648be0fbe472fb56ecee86cf46c8973fe0ae78f87f15ceff31914d4,666b0c62ecc222fec07f65f92b8e17ab,056758e6c34d85a2947f08f7db746b2050a10f34,resources/node_modules/vibran/5ESafeClient.dll,2/12/25,"Hangzhou Saifan Technology Co., Ltd.",0DB8378E7C5F330A988848572F290434
6ef671c2fc24a36c501396226e06074e1ea8ee30ab303f8b4c914aaf1b9135b7,e92d0c8130556116abd650e9b3bec3b7,3eefae32f339aaf65e391a44869aa7e1b977d3b9,csgo_sta.dll,2/12/25,"Hangzhou Saifan Technology Co., Ltd.",0DB8378E7C5F330A988848572F290434
845105eb61ae171afcabb6361e4397fd1c5c8660d087e08b153e2e9ab18ef56d,e1506ca0b3353d5d4b25249041988cf4,5b62a38f286819ff149dfc52473423223fa9d935,7zipInstall.exe,2/19/25,NEXTGENSOFTWARE COMPANY LIMITED,00C25308E33EE5E814D2E3054026033F4C
88ff6f37f20bb5bd1637ef64306310c88ab949f8ee1569b9ec2da88c8e1759c6,2b5d3ebe9babd38d4bba1e65ec1f45c9,23b9505431fd3d5923a3744b2756c28f18f4e3cb,GetWordSearch.exe,2/20/25,"Shenzhen Xiangyou Network Technology Co., Ltd.",172C26AE164BCD6BEFEC180E
10cf2df8f655127d0935dc56bcd1222ea5c9e84cd7cf36285352ddf9122b5f38,48d760347daa6bd514fcd6b374adba00,3483b1a4152b553639c1595451924c4e3d8a84ed,10cf2df8f655127d0935dc56bcd1222ea5c9e84cd7cf36285352ddf9122b5f38.dll,2/20/25,"Shenzhen Xiangyou Network Technology Co., Ltd.",172C26AE164BCD6BEFEC180E
71181867d6e45cd80627938e25da05382964e05db70de9087dc9e06f10a64bcf,1adb14dfff983d8798a2e9f75c2e7615,d2d22da7f1c569b06cc01bbd9fae8e143ad614b7,wander.exe,2/20/25,"Shenzhen Xiangyou Network Technology Co., Ltd.",172C26AE164BCD6BEFEC180E
4e699d74a9ea31ffc96a50110ad6e9d714770b1eedb0323a61826f233161632d,76ec782d0b84c5974788f3f6b6aacb68,23f559849fd7c26d7ecaab442ada10df76103889,WeChat (1).exe,2/21/25,"Shenzhen Zhongxingda Technology Co., Ltd.",50A57A36055177255C77BDC6
0650305fe94bc654bbc9156406770c7e54bca8694d81badd148f23feb740a492,05c21441c9c266f4b869937b23042a94,4e9a3aefe6fac7c2f3ac5913e13f83110cee9e42,WeChat.dll,2/21/25,"Shenzhen Zhongxingda Technology Co., Ltd.",50A57A36055177255C77BDC6
5f37915128693f58087a1678eed6c328c39070c2b9a41901fa148d989629eddc,38e37c5406ffdc43ce28644a9289f7ca,38bff740c410d53f790e122a8ace9a4f90addbf6,HiTech.exe,2/21/25,NEXTGENSOFTWARE COMPANY LIMITED,00C25308E33EE5E814D2E3054026033F4C
c3c100f3c55a60ed4a10ffcafd083b4bc8d0b48faa3d754bc6df3560f5804e80,d3b49c180d6559b9c4909bc37d483e14,f338ddecfe563d3243b2c44511db2f6c1f3930c0,prx.exe,2/21/25,NEXTGENSOFTWARE COMPANY LIMITED,00C25308E33EE5E814D2E3054026033F4C
d95f631c18ecf494d8cd1c65118355ef8994854b826f914714ac74a5fbdab3ea,70c33496a75a69d5c9f042423fd637f2,8123dc13105129f8e862b6f295543457f892faa3,C:\Program Files\VideoLAN\VLC\70C33496A75A69D5C9F042423FD637F2,2/21/25,"Shenzhen Xiangyou Network Technology Co., Ltd.",172C26AE164BCD6BEFEC180E
fe14cc6fb83af99493d48119106fd83d4288292eada0e76526c1ac636e94e45e,084127bd75c5ef420b79986f771e1e8e,c91c161d8eee2c930a89011625fa386179ecc464,D:\Windows\SysWOW64\084127BD75C5EF420B79986F771E1E8E,2/21/25,"Shenzhen Xiangyou Network Technology Co., Ltd.",172C26AE164BCD6BEFEC180E
a94557f95b524cc5ac14721160121cd506f5902f570d2f26e54430b035d1a75b,789575d3b211644cc7c10511d8c521aa,8a9316ce977f2cda80ca50d93b4ab1569e1b5607,chrome_proxy,2/21/25,"Shenzhen Xiangyou Network Technology Co., Ltd.",172C26AE164BCD6BEFEC180E
3a338725967f6bb7fc3d5245bc40371742f46caae99f0db23e52f81c748091ab,df2d1351e1d110080cbd82fa72ede738,2453f3a9e262ee4e451e5d2838368a0ed72ae4da,/tmp/cache/extracted_files/2453f3a9e262ee4e451e5d2838368a0ed72ae4da.bin,2/22/25,"Shenzhen Xiangyou Network Technology Co., Ltd.",172C26AE164BCD6BEFEC180E
f7c03b7344f20a7a23d31c3e7ba4b2d5a2628b0187a2768038853222efa23b05,0790ec7779641c1124ae244b5898916d,68a83f2d70c40c796cb9384dd3b5bd5d3a1c5179,f7c03b7344f20a7a23d31c3e7ba4b2d5a2628b0187a2768038853222efa23b05.exe,2/23/25,"Shenzhen Zhongxingda Technology Co., Ltd.",50A57A36055177255C77BDC6
a0b9aa75f1db034dff731fba94c616ee56f94534bcf497541f004fc2832d09d3,5d01b1273d07b28e9d95c0e189035d46,140f661753a528844e0051da2c1a4acd8308ba0d,MTeams.dll,2/23/25,"Shenzhen Zhongxingda Technology Co., Ltd.",50A57A36055177255C77BDC6
5f347210ec34112a8f67ca2ccc10e70cff3da64a267375d954f48a7a12c33da5,9fd172e43ccf1ca232596e5550b8e69b,529f9884b4a3c94f5ef13525bd9efb4950aafb84,GetWordSearch.exe,2/23/25,"Shenzhen Xiangyou Network Technology Co., Ltd.",172C26AE164BCD6BEFEC180E
dd68771f1ec87378a3d5e289ef70f51950471ca2edab05c72380a6ada7f7a2b3,6807567619a42fef4b76a80bbafcf274,459df6708956e1ee20efb505fdd62f7a0d5b5373,E:\Program Files (x86)\Microsoft\Edge\Application\6807567619A42FEF4B76A80BBAFCF274,2/23/25,"Shenzhen Xiangyou Network Technology Co., Ltd.",172C26AE164BCD6BEFEC180E
e444f9d2d9744342cbca9313497c3a9ffb4e35499d0a4f6bd56925ea62b5b7ab,253375e0bf0960a63dd93331fc14282c,0142091a2a9b1d4e62e84a4ab1bb064b43989be1,SearchApp,2/23/25,"Shenzhen Xiangyou Network Technology Co., Ltd.",172C26AE164BCD6BEFEC180E
45e98a89cc17770091a5e6cb44605c9488bf19f4f18a82be2b2b88f04583b0ae,08a7d798b60d6aa956665d2316b1d14d,aa62336d64dbf11418b70590d35bf47e3a83c6c0,E:\Program Files\WinRAR\08A7D798B60D6AA956665D2316B1D14D,2/24/25,"Shenzhen Xiangyou Network Technology Co., Ltd.",172C26AE164BCD6BEFEC180E
e7d4b8586834e770bf4eab4382b7156bf1ee24a890dbbb20d4cde4d31ada8744,485b0b04da7c42394b7325a921167796,0a35e6b7cdfeca3eb3206ff25269a2411adff15f,e7d4b8586834e770bf4eab4382b7156bf1ee24a890dbbb20d4cde4d31ada8744.exe,2/25/25,"Shenzhen Zhongxingda Technology Co., Ltd.",50A57A36055177255C77BDC6
1f7280d62f7c5b228ef1ffdb8128c707c80ea4f413201406af720c1fd3caada3,d185cb85253864c1be1e21ddc85b4fd5,a7be901045d776e9d40e1d2fd447edbe7eec9c60,ZoomInstallerFull.exe,2/25/25,"Shenzhen Zhongxingda Technology Co., Ltd.",50A57A36055177255C77BDC6
0f16d737b437c372e561fdaf022e7bf84a4f26ee5d56713e4f78ec9d888dc98a,4971fa254376791e1357d306a7d20c14,d132f5a8adc0fafa9a7ef6243ec59f9641210f99,F:\ProgramData\4971FA254376791E1357D306A7D20C14,2/25/25,"Shenzhen Xiangyou Network Technology Co., Ltd.",172C26AE164BCD6BEFEC180E
7144a0fdfda80239df8dd66bf6c9d9109d23112843f5cbd7fccf792ca4deabe5,65b52425bb24866908624c412e26e17d,ba0fed5189ec8cf59938778c2288104acdff015c,F:\Program Files\VideoLAN\VLC\65B52425BB24866908624C412E26E17D,2/25/25,"Shenzhen Xiangyou Network Technology Co., Ltd.",172C26AE164BCD6BEFEC180E
fe4d15893812679b1392f52304cc48e4f491484f1e08a4d62fadd20729f801aa,56de83a7b477b9dcec9cc43f0cd4bc89,306ae68a1c87eafd49b6289ade84c972edb085d3,SearchApp,2/25/25,"Shenzhen Xiangyou Network Technology Co., Ltd.",172C26AE164BCD6BEFEC180E
91569f5c5d10f42e79c3ad2463feec619cbc3530cc3ac2398532f358cd3d2ab0,357f1471486ea605523a79068430aa55,4a265e3bcf0d315219075084d0bc89ac2612381a,freealarmcl.exe,2/26/25,REDSTRIKEVN COMPANY LIMITED,426CBFFCD566DBCEA4652191
4e0a623842ca65209c2e5c5d2c42c874eb49b422cfd76a578ed0fcfa38285e44,5d16bf1e869cb92f4be87b645b084d86,cd50659bb2d343d8c936d1840a80f9e7c8f2c80e,PWA Identity Proxy,2/26/25,"Shenzhen Xiangyou Network Technology Co., Ltd.",172C26AE164BCD6BEFEC180E
74eb7382458dfbb11b56060579d0c96fa7f13fd1b98aa2cc6f055ff3240292af,89ef7d062a3843751f6266948dc60b97,4083ac3e645e0622a10e04a097917c1255f3ea35,VibeCall.dll,2/27/25,"Shenzhen Zhongxingda Technology Co., Ltd.",1334C4352845314A1151AE35
943fda8b8da22bcdfed923e4647d1c2cee5600b0ab372e0e28f522d8f8685e34,ad98ad882bb51c55b9def4b1fccc0655,7aa1f23288aa7bf974ebeb1f95fb89c9132531a1,VibeCall Setup (1).exe,2/27/25,"Shenzhen Zhongxingda Technology Co., Ltd.",1334C4352845314A1151AE35
b63367bd7da5aad9afef5e7531cac4561c8a671fd2270ade14640cf03849bf52,fd33e9b2d26a30171852031ae407bef5,646d2c13230c5b64cf0e518996d5ce9883a53e26,VibeCall.dll,2/28/25,"Shenzhen Zhongxingda Technology Co., Ltd.",1334C4352845314A1151AE35
370dcb39f105b0aa9267e2fa4950a8d246f272cef67716a6ce4dfbe7084cbc60,7bc99064b22c09a007c3b37631215ca4,d56109e3aef45e52de66972859b19716d2a8831e,Zoom.dll,2/28/25,"Shenzhen Zhongxingda Technology Co., Ltd.",1334C4352845314A1151AE35
a5f45be2ee2850af70cb91a63efb1e6f433fae9878791da6892a0b0abe92aa47,933142b69b5b42ae7fdb343836d27815,9f3dc086006eb34df0ed60376222f0127db976aa,WeChat.dll,2/28/25,"Shenzhen Zhongxingda Technology Co., Ltd.",1334C4352845314A1151AE35
b70827d3c093540cb6d6bc775235d9a6edb8485f6c465c4f2d854c211eba76a1,b43afdf1f064a8c4b697c30cf2120f4b,fafefb7c2a2514be78cd07eb779ff111f8e0d65f,Zoom (2).exe,2/28/25,"Shenzhen Zhongxingda Technology Co., Ltd.",1334C4352845314A1151AE35
c8604500787680e5ce5deab4c4a438d970c45267fb1cdf942a1ca8da94003ccb,b75ae50de3eec73a0af65a35e835f4af,d76b23cb3f56c7ecf9e99380ba3f715b6e525e9f,WeChat (3) (1).exe,2/28/25,"Shenzhen Zhongxingda Technology Co., Ltd.",1334C4352845314A1151AE35
3e9e1b102eeaef7e4d6929f50ea8e1a115b4a0e51825ec63dadcc4f8f8308a80,c58b67400256d99b21eda65691e54e91,79998098700645a35083db8c16205434076ff3a5,PWA Identity Proxy,2/28/25,"Hena Luxion Network Technology Co., Ltd.",7EAD677A7DD7F660379D116A
9e0079d05788440118d41a3d6d404e8385c947c1d3c3cc13645e24ee4eed67eb,4c6f439a52abc1a4898828944f62a85f,2cd4b75bb5692f49ec8c38436790516bf799d85f,9e0079d05788440118d41a3d6d404e8385c947c1d3c3cc13645e24ee4eed67eb.dll,2/28/25,"Hena Luxion Network Technology Co., Ltd.",7EAD677A7DD7F660379D116A
d8630f6160ae153a0b1bd06a53aa058b943ffb1deb8a5816965e8f746c92ef16,72e4ef3dbaf7ec789a32e1f6e054b053,87c3d453b1a49067a76c9795284a8c1c4717a127,Meeton App v2.32.exe,3/1/25,"Shenzhen Zhongxingda Technology Co., Ltd.",1334C4352845314A1151AE35
48a2c5750eb3d09f1c9b54becc1b261ce4bb659abecc38bd2bd56e5d20845c9d,946638e03405c5151c5b4a203fd0e251,24f5560acdbd32ea8e9fd3fcbc34f4c62c00d9a1,VibeCall.dll,3/2/25,NEXTGENSOFTWARE COMPANY LIMITED,18AC896DD6B2EA430E85F68E
950290ad8121990d1b481d827217964ab80e48954af82b19b08b132f06d0cac0,319a9d41e5ea023cdeb16dfcf32f4d51,015ceb41f1829f74e868d342751dc4baa3d6f8f7,Aicoin (2).msi,3/2/25,运城市盐湖区风颜商贸有限公司,4FA68807EFBBD22B25622E60F2EF3041
22a3c92378ee6dbf4fddb669db12ff38e3265d2ae3852c818757a296b74e83d2,1b5ba7d6412b5aa41e26e9b07971eb4e,546dd81d741a5e88f6fe78647ed26c10a00f7acc,Invite.exe,3/3/25,REDSTRIKEVN COMPANY LIMITED,426CBFFCD566DBCEA4652191
94e0a257a33d62314d79016613a6d145c65460b9b6f689f27435b8f9cbbdb0cf,996ad0c04036d9e81596e44705b2f539,7c0b0f434865bf46e0a3c8fc3db1723d0f44a965,TASLoginBase.dll,3/3/25,"Hena Luxion Network Technology Co., Ltd.",7EAD677A7DD7F660379D116A
cfd15665b1224fc3d8e3f957bf17aedf86461efbc7ae9810ff81ac64c8295dc8,870250493aa7c48e54f2b48c9c6e4794,15be27b704770806ae516ec23be1a5a176e789bc,PWA Identity Proxy,3/3/25,"Hena Luxion Network Technology Co., Ltd.",7EAD677A7DD7F660379D116A
046e94c5954a24bd04ae522e3d6b85c723ecb16ddd48668bb1bea2738dbff0e3,e68bf2cd62b380eae85e697813ec2243,405110415f091a3f4fd9bfbeae17167b069b98e5,046e94c5954a24bd04ae522e3d6b85c723ecb16ddd48668bb1bea2738dbff0e3.exe,3/4/25,NEXTGENSOFTWARE COMPANY LIMITED,18AC896DD6B2EA430E85F68E
7eeea3c88f103509ce0b98147a6cf686d03e3c1ad8ec524a4c4b6776e99f165b,18c533b784e2a7ebfb4def8c282efdcd,567a55f7b94479b60473668dfc54c9601bb1ba53,SearchApp,3/5/25,"Hena Luxion Network Technology Co., Ltd.",7EAD677A7DD7F660379D116A
9781d1362da83eb3d029bd9155fd4f88852bdc4c7c9fb204521e42c2602962ac,69c94e5bcf80bf53ffa778786b8f20fe,97af8cbc3b73fa1cd39e7c650f1513360523bf50,AdobeSign Setup 8.21.2.exe,3/5/25,PrimeSnap Technologies Network Company,424E89A44FF616A6183251F7
380b658209fb585c213cb538355354357ac11e3a6f24660cfae8afd9bd81f165,91149433d5be7837bcd89df17b48032a,605249b559ba50fcaf7baf6db39930b6b531d5c5,Microsoft Teams.exe,3/6/25,REDSTRIKEVN COMPANY LIMITED,426CBFFCD566DBCEA4652191
f7fe8f984298c2a05cba17db4949e038ba50b97b9d98e28791baeafa99606c07,e96914dddba9d8ba142c40f480e6659e,6a69ef757acad1e36025a97d427e41cbc67f9e13,Gmeet.dll,3/6/25,REDSTRIKEVN COMPANY LIMITED,426CBFFCD566DBCEA4652191
fab2f61ba4fcc672907a85c6aa82d7f4c56daa3e1cd1515dcde8947c7c2b950e,83226fbc137f7f25b39001a7e651bea1,b26c27a17d235e590eff79adeee90272f9792f7f,Teams.dll,3/6/25,REDSTRIKEVN COMPANY LIMITED,426CBFFCD566DBCEA4652191
b2273d7c09b52a18dd6aeea5a129c65cd62c32646ea6aceaee67af34d4d62fbe,0659b2db2b8f78980cdffb8459f90232,678934f4981d2b6c70403ef4a738fb39de9234a2,WeChat.dll,3/6/25,REDSTRIKEVN COMPANY LIMITED,426CBFFCD566DBCEA4652191
20354da713c8e4eef18b353d06834e6e7bf3edc68c015ab74ec4b1f443d2575a,2d9cc1ef95162c8deb3359dbb877cd61,5a977c3975057b302790ecc8557f0027c96d4d7d,SearchApp,3/6/25,"Hena Luxion Network Technology Co., Ltd.",7EAD677A7DD7F660379D116A
5d5c66e2e53b8011c43fcb15bdb74d391eb0f2da7ba05fc8f50ac2bfb0e34f6e,2ce059910a8f5f2cf2bb5bcbe737be31,5a6ff0f500c126f279eff0a8f30d523832235126,Teams.dll,3/7/25,REDSTRIKEVN COMPANY LIMITED,426CBFFCD566DBCEA4652191
6155fa05d684ca5f13c0fb27d25f33db62209ed4756cf74ead66a481410d021c,c114a1eaa4e195d32af6121f8f3fa550,1a114b0b250360be79a5ffa2c7040101d1187fc2,Updater.dll,3/8/25,"Shanghai Linyao Network Technology Co., Ltd.",623D84F3FD52F1A872E1BF83
8bb49036e0354865d888ee92532b5fa467667b71a2522bc2ea9bf8476be4a088,5a84281ef4205e3518c329ed273b9ffc,08b1baee9a49b989d71655149d6d29584d054974,Corela.dll,3/9/25,"Huethem Silicon Electronic Technology Co., Ltd.",6D855F60232A59021258A63D
d7ad41fedb0aeba7313e4cb6f1af87b2c312d01fde757d1705d9295c46f6b22c,c5830bde223630fb4752338726a4ed41,ca648bf2d632122905d724dbdde667d38a272e9e,C:\Users\Kaspe\Desktop\Virus\2\d7ad41fedb0aeba7313e4cb6f1af87b2c312d01fde757d1705d9295c46f6b22c.exe,3/9/25,REDSTRIKEVN COMPANY LIMITED,426CBFFCD566DBCEA4652191
3e9dc60b5bd891a663a7d105efa742b55ad0a680dea5c9fb426685b3ba2445d2,969d762c2e5c46ca6b0a7f8b66cbdd0f,745dab4231ddb3f186d4b002b04710aacb6e1069,C:\Users\Kaspe\Desktop\Virus\2\3e9dc60b5bd891a663a7d105efa742b55ad0a680dea5c9fb426685b3ba2445d2.exe,3/9/25,REDSTRIKEVN COMPANY LIMITED,426CBFFCD566DBCEA4652191
df84fe73774576c63e66c9a97b75c0f8128d9bb2a45c76d5b7a0b36831bc615a,92ae11d10f55b7b9cd377d32a02e4ee4,575f00038a617892e35804a8d99cd9860500e93e,Meet.dll,3/9/25,REDSTRIKEVN COMPANY LIMITED,426CBFFCD566DBCEA4652191
3f635d75901e677a3c8b856d10f6700d115f6ea27fc32668dd7d9f8fa52d8e10,87dba50bd08e80640dfe3a1c6613cb3c,23ef777cc39657589de79d9f6d49233766edcfb3,3f635d75901e677a3c8b856d10f6700d115f6ea27fc32668dd7d9f8fa52d8e10.exe,3/9/25,REDSTRIKEVN COMPANY LIMITED,426CBFFCD566DBCEA4652191
fd858b6f83d1f5c677a9dcd630195fd37d70929882f70ebfb73c6324882dab7d,2682e794d72156509b01a1b6dd9f1f88,62cc0d8fa2e981573f3c28ceea32e7490c7721fe,MTeams.dll,3/9/25,REDSTRIKEVN COMPANY LIMITED,426CBFFCD566DBCEA4652191
c04e7662421eac7bd7b6a4c7ee6dc114a18fa3504d204db6284fb54a60c0708b,178e327eb0ce0aa619f8cda0bd13dd3c,f5f72c86339c5691b62d2100a4e00d5e92b87e23,c04e7662421eac7bd7b6a4c7ee6dc114a18fa3504d204db6284fb54a60c0708b.exe,3/9/25,REDSTRIKEVN COMPANY LIMITED,426CBFFCD566DBCEA4652191
940e9fc812062423433b6fa45b2ab1e6e0803d4b7e64cf60404194afe8c476f3,89f02d41d26b618607f7aec8b349ee75,6332a75ba0a19a25b6c31355ec7f69ec0ececc20,Gather.dll,3/9/25,REDSTRIKEVN COMPANY LIMITED,426CBFFCD566DBCEA4652191
1b0cb8df1e30d264491ddb8904d1395767755d92fc2b7e9f792ddb75ed1aa4c9,46f169bdf8a6e0641ba59f37b4d19caf,5df5fe1ee30da96b1b36645dbfca6cca8cee76fd,PWA Identity Proxy,3/9/25,"Hena Luxion Network Technology Co., Ltd.",7EAD677A7DD7F660379D116A
55f7f34e141b49f96cb2f9d1df6581b46c0414c1f83f1f13d38935af30efcab7,e9ad3553e2c0b2de67c37ebf3daba726,10ab67df76b55337e62cc62a705f937491afdeda,55f7f34e141b49f96cb2f9d1df6581b46c0414c1f83f1f13d38935af30efcab7.dll,3/9/25,"Hena Luxion Network Technology Co., Ltd.",7EAD677A7DD7F660379D116A
be54b1ee9aeab4d914403807565bf335814c73ea58e26410c81d2a17e8799c13,5786397d6b652d8d4e5b7f2312e9358f,d05c4f51696d20564f311d59f2c7188bd15c1307,SearchApp,3/9/25,"Hena Luxion Network Technology Co., Ltd.",7EAD677A7DD7F660379D116A
9149934feacd6b6fbfcbf308005f48f1bd25470df5de900cf1821361c394bf1e,9905bf91d0e085747b6f595a7eca6dcd,10955abe37a2ca6a42aa8c0cefbcadf3cafd0aa9,PWA Identity Proxy,3/10/25,"Hena Luxion Network Technology Co., Ltd.",7EAD677A7DD7F660379D116A
872842a8bd4eddf8d10d172e15211954d7b3b1d4fe1112a7a1fa236c24e35db5,d32ec5c4a8279c76a41f0f36c06207e1,0c468fc52c4fe3fed7849680ae6d5f4c4045d8f2,setup-us.exe,3/10/25,运城市盐湖区风颜商贸有限公司,4FA68807EFBBD22B25622E60F2EF3041
7b8e66b3d973a17e3e9442107d98aa5d6797a929513a12b6bffd051aa36c2e4c,6de5956921fe05b3281cc7c27062edba,84197351a02701235e21effc823045951072a6bc,7b8e66b3d973a17e3e9442107d98aa5d6797a929513a12b6bffd051aa36c2e4c.dll,3/11/25,"Hena Luxion Network Technology Co., Ltd.",7EAD677A7DD7F660379D116A
2e87acd5d7524935e2e79f9060140a15447ac6a1ed761e77b11bb81db368a1c7,9b5b5d82e1fd90d435ec643052e2e4a7,ce2d1ccdc333787b212f94f982124b062f19c633,xlbrowsershell.rc,3/11/25,"Hena Luxion Network Technology Co., Ltd.",7EAD677A7DD7F660379D116A
b5f76b6641cc57840712d4031721a861eb9afff284b4b9486db5f996dd7a9e59,acbee5535217abbe8aea119ffd285b63,5067437a394551685676b91c7c8fb0a8f84a0dfa,PWA Identity Proxy,3/11/25,"Hena Luxion Network Technology Co., Ltd.",7EAD677A7DD7F660379D116A
9a8cfb7525dbf845d55a8aa1410306c15a616e9ce8727347ef29456ead09478f,652d66665aa3c628cf4c8558ba8bb88f,fd637e3e39d6daf8cfc8551b6d63d72e6e24123d,PWA Identity Proxy,3/11/25,"Hena Luxion Network Technology Co., Ltd.",7EAD677A7DD7F660379D116A
d651bc7e16cbee872f7df63e6072bd001dc20331cd1863f453ef4b07dadf475d,bf5519f3a462fc4d1b95235f61b55ee5,61edecadc9a62991d26aa17339895808140804ed,wander.exe,3/12/25,"Shenzhen Xiangyou Network Technology Co., Ltd.",172C26AE164BCD6BEFEC180E
006d604bab898fbefdf07815bf9165f68c14f8ce365e64a91cd43a6bcdff43a5,88d44d2fff8524190449f07d408d0fd0,46bc0497ee20d9460c5852fb53fc6a32f2752e00,xlbrowsershell.rc,3/12/25,"Hena Luxion Network Technology Co., Ltd.",7EAD677A7DD7F660379D116A
4ee3269aa3da1b148a7e8348684b306d8f227ec8685ebe4546228e0fb518c81c,37d495e3c9d74a5d5644707a43dfba93,057d89e2099049d715f01934b5fe47296129eceb,NexVoo.dll,3/13/25,NEXTGENSOFTWARE COMPANY LIMITED,18AC896DD6B2EA430E85F68E
0761f7c1774b5efbacebbdcf4f229cceff2fc48c8130a5958535a55774442fa5,d1a6e2beb0967c09109a4e4aef0e8ab1,ce4f1b67e57c5f7c3da25627a4f6ecb333e36a0f,PWA Identity Proxy,3/13/25,"Hena Luxion Network Technology Co., Ltd.",7EAD677A7DD7F660379D116A
caefa709a7a0bb48657f0844b356651b5aa6b1d3b01b4c7a57b21942f8e4d651,ffff92a1aaaa42bf6e90c745bb3f65b0,cea64c0dd5e83356cb805215a21a63ad2bc0bde0,Python Application,3/14/25,"Hena Luxion Network Technology Co., Ltd.",7EAD677A7DD7F660379D116A
d58859ddc52f98e48d32f47b000970ad03e807b8eeb3a1aae7d4af2721b43ecf,db751a8c754fa5fb22c480b74e3b2806,e6ba5eb49bea990204608081eb5a51a28649a470,ntkrnlmp.exe,3/15/25,"Hena Luxion Network Technology Co., Ltd.",7EAD677A7DD7F660379D116A
1a4a0bbcb5b6a815d8bfe89bac30b68b2e4b7bad4995fe2674af0930b2e7757c,5f252e8de68a7eecb2485bf6c110955d,7ca8228503a1e82b0b5878f6602e1c316fc3662f,PWA Identity Proxy,3/15/25,"Hena Luxion Network Technology Co., Ltd.",7EAD677A7DD7F660379D116A
a3fd0ef579058d593b4cfee4534647ef5c2a73c4e5ff539951c0f88bfe7f3741,4f483124084f030b3ac5fee4113ac465,b43571ab9212c0c756f78ae57cedd46750b27c1b,Zoom.dll,3/16/25,"Hebei Duxin Technology Co., Ltd.",5C6DA215CE8C891D2D08B7CD
77db83099c38bb49456086c14395a8884b0ab52654f800adf985ba8f247bafa1,62f29467a117006e146080904b360602,1b26a55db908f75edbb1181dc9b47fde63fceeef,Zoom (2).exe,3/16/25,"Hebei Duxin Technology Co., Ltd.",5C6DA215CE8C891D2D08B7CD
a8ddf0c8931334b18ecb6cd748fa90b1a490d9943b16675bd9c97c1bdeacafec,4602d2a7df7941c7f51b848c74aecd11,1f2b353915f57d8a16496340b539905c5d6d5845,NeX_Setup.dll,3/16/25,Redstrikevn Company Limited,00EF5A23A24B787CDD7A1CF590238E4DED
992998cd7083f73bb8fa0adbeb1c2f0564a887670d8fb986943dafd3f7278d0f,eb82d2c7a1e59c1a4aa471138764e73b,ca49faf6f924b57774316b27261c2dc59987d564,NexVoo.dll,3/16/25,Redstrikevn Company Limited,00EF5A23A24B787CDD7A1CF590238E4DED
b28012e33e16bd578af103b630e485c84a04da8d86f941e59f1d1e4944bf123e,7b421945615d78608971fa64c033013f,4fc83dac6f948aa4a30a82227830273b5b10fa9b,b28012e33e16bd578af103b630e485c84a04da8d86f941e59f1d1e4944bf123e.dll,3/16/25,"Hena Luxion Network Technology Co., Ltd.",7EAD677A7DD7F660379D116A
12650308c96a8634e1ff0a24ceeb8e4d948093188b6693062244eae3479a7c49,dde501ba2aa5812e5ee9946dcec3775c,ff43fab80c63390f3c302bb37baa2bd4d33b7185,c:\users\oqxzraykm\dbb6f1a2-3712-4e8b-9d38-937991678c6b314\commonbase.dll,3/16/25,"Hena Luxion Network Technology Co., Ltd.",7EAD677A7DD7F660379D116A
422d8d1f652be8790b7b54cc2e05d67f8b1b94e74da9dd6b3733c8968171447b,8eb61719c5a7319923729f8f366264b0,532cd4ef5c010374b16f37dc1313081be841a23e,ntkrnlmp.exe,3/16/25,"Hena Luxion Network Technology Co., Ltd.",7EAD677A7DD7F660379D116A
5a0db0a91b174486fef85831b2c57fbeec88ee7228b3651214ac715cb7b44e65,8ce6bfd3fe3f3a3fd38ba9825f69c108,7789ccbe420f5a1d77430e6d2f3b9acc0cfd2a01,agora_rtc_sdk.dll,3/16/25,合肥亲爱的译官信息科技有限公司,74B936AB655DB6CA62761A5C
f8f8c2fad5f64e4ff471155bbd06bdf465abdf6a637e2acb5ce535e6f31620ac,714fe7d7f2e4cf77dbd0bc33407d6f6f,16f0a957b3a5363ef4fb8c6d7d9251279f273464,libagora_ai_echo_cancellation_extension.dll,3/16/25,合肥亲爱的译官信息科技有限公司,74B936AB655DB6CA62761A5C
d3d1530c11f95931375522d774a592f566f09091d89f95e96c785f3731295b5d,2e146625090162295d8557f8c5a93643,34a3276d29107371e127d577fb39c9dc97fffb5c,libagora-wgc.dll,3/16/25,合肥亲爱的译官信息科技有限公司,74B936AB655DB6CA62761A5C
c63605edf94bf8e3003e123e378d861640c4b816c34542681336e06d1b07a677,bcfd6aad300ddb43b3caa9818d62b123,36d57e7ffa505cd892039f8e94aa16ece4fd6a05,libagora_video_quality_analyzer_extension.dll,3/16/25,合肥亲爱的译官信息科技有限公司,74B936AB655DB6CA62761A5C
bffcb05ec71980edf671aaa4bbe833cf85b9448c2f83acebb6aa69f083567904,5b3422e5d5238e627386bca5c2d5532e,53987dd616ae314674e5c16ab9dc8d6c128898c9,libagora_screen_capture_extension.dll,3/16/25,合肥亲爱的译官信息科技有限公司,74B936AB655DB6CA62761A5C
b26bef3a5523f910deff1f4429c30019b64cabfc82c0d89d4f1524886ff6c364,b45283b4927900485791225db8b0bf48,30c4a5c157af0c1b5a2c1766f3309c46f7b5bee3,libagora_video_encoder_extension.dll,3/16/25,合肥亲爱的译官信息科技有限公司,74B936AB655DB6CA62761A5C
a110a5e48e6cba92f98d561306762a58952234b6da62b445892a47d47c0d0772,40e3c0707ae44f18dee5a9a26a5783cf,bbd2ee4822f80106c5ef61818d8e959cc4e1c281,agorartc.dll,3/16/25,合肥亲爱的译官信息科技有限公司,74B936AB655DB6CA62761A5C
a038d896f221c220d84719c489b9444f9fadccc46f72ed9f2e505f7dbfad7029,fe9ff9feb81109b4e2643d22c4bc9fc9,76cc7f23857dadc1aee692bb6f541f345c8c966d,libagora-ffmpeg,3/16/25,合肥亲爱的译官信息科技有限公司,74B936AB655DB6CA62761A5C
51324954ae757cd1b9208be4c4e64b3ffc6adc2549cfc24e001c8631292154c1,ddd19f8967e9074a454cb9e384909861,d18b9f8706192b125f5063a382701ba1e0cbb33f,iTourTranslator.dll,3/16/25,合肥亲爱的译官信息科技有限公司,74B936AB655DB6CA62761A5C
6659463f5818876450d98d81a1559e1691f8750f5cf46f8cc99dd60d7c29e549,06f898268f06f563994d3c6d80a073a7,89eb854f56377c136338f307d90d60a5f736b783,libmp3lame.dll,3/16/25,合肥亲爱的译官信息科技有限公司,74B936AB655DB6CA62761A5C
06114593f23b93d1d9c9f42da1cddb118c0ed09d168e442ece51a3ca66c0b82d,6cde96c963eb29117962abceb91b4efb,dfbfc3aaaa16a8960a78c14046440977618f3661,libagora-fdkaac.dll,3/16/25,合肥亲爱的译官信息科技有限公司,74B936AB655DB6CA62761A5C
69255dbf914a19e039b7ea42aa8e06119200e2ad848f62b37b277438be745967,44e82bb9350d6f6ce015d2d3368206fc,a2c5c57e8cdfdc54910b9afc30dd8c962983ad05,GPTAssistant.dll,3/16/25,合肥亲爱的译官信息科技有限公司,74B936AB655DB6CA62761A5C
7499a3825cae97dd2b780e613eb9f3eb72a01418d1423d3b9a8fc2b1f8dcbbc2,f6b6262146c67d184973e59f252d3b5a,1618f24db6287d401b288b0fe579f408c1898238,libagora_udrm3_extension.dll,3/16/25,合肥亲爱的译官信息科技有限公司,74B936AB655DB6CA62761A5C
6258de1ce4b774be54f91c4482c634142b4384eb19e886620200002dc9709527,2c97dae22102c94087213e832f69f7bc,7753bc0784478885367b210cd7972441aca8f405,libagora_video_decoder_extension.dll,3/16/25,合肥亲爱的译官信息科技有限公司,74B936AB655DB6CA62761A5C
05732fe99f1e437e9ec0f995cc02f3ca8a79b4be1385175dc560927febf0884c,b24415ec4eb1c197655b742c802b43c4,c03fe2a6b98579d594e9994c3e8d320b0ab7cb27,video_dec.dll,3/16/25,合肥亲爱的译官信息科技有限公司,74B936AB655DB6CA62761A5C
5471e8de37943a268515edbf522daef00d93473854262c8a987cf9f0d61ff077,c708ec9daa8f63da2b1a818e2c935015,807fd125b16b5a0b47362bd303db2d8f732a480f,libagora_clear_vision_extension.dll,3/16/25,合肥亲爱的译官信息科技有限公司,74B936AB655DB6CA62761A5C
1135ffcb6e3c5bad1a89449ce0f226683f841bcefb463e4a143954289ae92e2c,25cdf949e19e61542e6c406c74546e27,45a66b1f8a96037241f14b93e869d8bc8eca2040,video_enc.dll,3/16/25,合肥亲爱的译官信息科技有限公司,74B936AB655DB6CA62761A5C
957a584d9e30884efe8ccf522fd49b2d62f6fec40052b6111f827fcbdd2f8f27,23a0c6f100dd6882079de412f79efe53,d1575d8677a2268e95acfd18dc398ecf5ea1e98f,glfw3.dll,3/16/25,合肥亲爱的译官信息科技有限公司,74B936AB655DB6CA62761A5C
488c217be0f76564c59344dad4fed94bd47e7f95e9a3bf9759c8d6bfcd55e625,597d237457de5675b028622b966a162a,f36722ee54118eb9dcbe84915cada2a92f0749e4,agora_core.dll,3/16/25,合肥亲爱的译官信息科技有限公司,74B936AB655DB6CA62761A5C
94f783372e05630e3851f95f08b9fed83c9df830441e4760eecb5d9bff1bfa48,5871d982c20022a92d48348379fec88b,340e5984b33ba51d37308bd261aa75b5930990b2,libagora_drm_loader_extension.dll,3/16/25,合肥亲爱的译官信息科技有限公司,74B936AB655DB6CA62761A5C
77b65b48d09a3e28993e7abcfb21da3a56c8834a4220b9ae0f41400addbd539a,f37667c2f8aef9878fa81e7cbbd0cc2c,f67273b7cb8a616a3f7fabbfb2faa1badb4328f6,libagora_segmentation_extension.dll,3/16/25,合肥亲爱的译官信息科技有限公司,74B936AB655DB6CA62761A5C
63e31a51f8ba96212272a8592343117aa88b09485a52fd919ded966c6a42c017,84c51705dbcdfe6a05075e3538ff8b9d,0ff434cdcf81836c35bf601f1b3d38f9cf50c7b3,libagora_audio_beauty_extension.dll,3/16/25,合肥亲爱的译官信息科技有限公司,74B936AB655DB6CA62761A5C
47f2254d5fc564df7aed27f10c3b7b0bb236a94712833f209c282eb94dfdedd3,fb95624939df7fe79bb8b5bd11f5bd5a,16bac8e7fed38423dd41f75a700974b292976f8a,iTourTranslator.dll,3/16/25,合肥亲爱的译官信息科技有限公司,74B936AB655DB6CA62761A5C
5dd59f82a1415cca5af2e429983889607e027ddca98ab27a05d4aa1df66ff918,020851203cf6511182b4c6ee52f7d149,2891c88b53db7935df973ccc6f35d603e284171b,libagora_face_detection_extension.dll,3/16/25,合肥亲爱的译官信息科技有限公司,74B936AB655DB6CA62761A5C
2cb958fabcaacbac77da55589745d003a1688f8659ae4aa78351ce43ec69442b,396246c1b3293a6f6f22a0a2ecd885fc,50fd810f32f2cd8756dfc75c4b8806fccaa82606,libagora_spatial_audio_extension.dll,3/16/25,合肥亲爱的译官信息科技有限公司,74B936AB655DB6CA62761A5C
0e951eb9181f604571616ddcab332ef8cd46d59a6d58a375c13985111a5fe5c1,576640581df801a2ea9b711305b93cc3,1968b00cfebdc45eacf1beef0aebd5339c077bc1,libagora-soundtouch.dll,3/16/25,合肥亲爱的译官信息科技有限公司,74B936AB655DB6CA62761A5C
4de8a71b4e5e37f040532aaf31908311910f449c1a64db9141a485960bbae534,e061037d49476c8edbe5562b2b4af525,6f56c55911031e30cd452df121c435101b76f919,VC_redist.x64.exe,3/16/25,合肥亲爱的译官信息科技有限公司,74B936AB655DB6CA62761A5C
b2c7bfd56339f5c992dc4f57569ac599be577409508c5ce9a047ce87611b498f,975498a01fda891084612879432aa188,f3b8a952699a896a284cade414e6d91d3c58ed2d,Spire.Doc.dll,3/16/25,合肥亲爱的译官信息科技有限公司,74B936AB655DB6CA62761A5C
45782a976558159a0bf7ae51ed5415ec40b36b8e0e8ed2ff9e63c5709d92b0d7,84f51138d5eb034e8a76717a83fd544e,233d482f843fa97b4536112ec6074489b6255f3a,itextsharp.dll,3/16/25,合肥亲爱的译官信息科技有限公司,74B936AB655DB6CA62761A5C
4fed150a8ab0777788c6bb06dfa52ff8e09d9bac90669415d9302d9d37770061,d677bc8a7efd7a9e145bfee8753471e7,ebf0c4763624922af23f54dce55fd8dd22a63191,libmp3lame.dll,3/16/25,合肥亲爱的译官信息科技有限公司,74B936AB655DB6CA62761A5C
3206589f428ea680e5ff5f0802bc7ad581be3bb5b1ed71048601d8851b37b6a2,72cc855a976ac03413215e7e1cf6d1ef,40a910d95a5af5842429632984d295c6d818c123,hyjiacan.py4n.dll,3/16/25,合肥亲爱的译官信息科技有限公司,74B936AB655DB6CA62761A5C
0534e4e855a71197aa3e3b4127b2e4ce7f06143bea44fa1198daab538d619b17,bccab92adab09203d71e0eedaa5f145d,10c8895cd5f19f0d0189179ac1dc5950c843c91e,XpsToPdf.dll,3/16/25,合肥亲爱的译官信息科技有限公司,74B936AB655DB6CA62761A5C
522b0a0c158e9de4a9335b4a1920b733c517b5a09735fd17e39c66ca0863f90e,765f4445977df46362d567fdd53deb6e,26bf66c2d36d1421ffdd75fb2edd411adda58da6,Typography.OpenFont.dll,3/16/25,合肥亲爱的译官信息科技有限公司,74B936AB655DB6CA62761A5C
f6c7d16c34dd4b257021506d3bb3614d4ce72fb4890654b7957a40136251f7da,21345452c7da48f89a14a052fff2d6ee,5cf4c362104589aeb981d974abc3e16a1e865fdc,log4net.dll,3/16/25,合肥亲爱的译官信息科技有限公司,74B936AB655DB6CA62761A5C
d02f7c7c44f7e37ea52e15415ba411ee936847085bad57e63e9c8e7ce36eb5a7,b10f5948944b369fdf37c153817caae2,eac72253bc8bbb86ed499b7da677c6b9f35c41f7,websocket-sharp.dll,3/16/25,合肥亲爱的译官信息科技有限公司,74B936AB655DB6CA62761A5C
9e196bfa34b09ef320ddee8c6bda3f813bb0fe6b8f571a30b097d99b77348218,e1942374955ffb2314af8b18d2ddd158,887a25a14089520949c5e5edbc42a39eb5ba5ee5,WPFControls.dll,3/16/25,合肥亲爱的译官信息科技有限公司,74B936AB655DB6CA62761A5C
ac5ed2fafdc2921c6d25072b75e351dfb83cbab4070ab2e1f2f76558d1f27bdc,ac29544c218797c67717864e74f0bf7c,fd1ca7524f02c54a35a9bd8b22b668b7478d592a,WebSocket4Net.dll,3/16/25,合肥亲爱的译官信息科技有限公司,74B936AB655DB6CA62761A5C
4a6fe4a9434e714ed22943b8df25abc6f80f5f72dda45cc365484ade342dd74e,5f75058e75b8b1f7651ffef5e416077c,f4a8b8adc71997b256d842f1d21c2afef9e65937,WeChat.dll,3/17/25,"Hebei Duxin Technology Co., Ltd.",5C6DA215CE8C891D2D08B7CD
519ffa69c89f1f6ca85fc80f08b9d2cb7b731cdd5ebff1cf3221a4e5d0c46582,fd34d57a5c0eb7cc5ae9a8f82bc0d6b7,3d3122cfde4f009118bd8c2f97a05509858c8a01,519ffa69c89f1f6ca85fc80f08b9d2cb7b731cdd5ebff1cf3221a4e5d0c46582.exe,3/17/25,"Hebei Duxin Technology Co., Ltd.",5C6DA215CE8C891D2D08B7CD
677fa0e6764f872b832bd199c317eb3f1c21ba43bedb239d9f5097836b9fb65c,29707608c57f097d551c1c1f0b49ad9f,aa6f77bdee314cd15aa4384905a29d5d2999d267,677fa0e6764f872b832bd199c317eb3f1c21ba43bedb239d9f5097836b9fb65c.exe,3/17/25,"Hebei Duxin Technology Co., Ltd.",5C6DA215CE8C891D2D08B7CD
29f85c6880691e6163068d330497df8a5525ac5f6a14610ace868bca2adea5a7,f998e796ed6b743deced10d69a1b190b,39846a7881390029d36e6bbd8cbb54e78aa98f73,GoogleMeet.dll,3/17/25,"Hebei Duxin Technology Co., Ltd.",5C6DA215CE8C891D2D08B7CD
bdb6ef5d52bcd877bef32229e7e9a2b21323899c724d131301b45bd48ee216c6,545b2674f3518a395821c8dbaa62043a,213b74ec445b7a22f85c3f70732705f2f026381d,SIH Client,3/17/25,"Hena Luxion Network Technology Co., Ltd.",7EAD677A7DD7F660379D116A
319c33b75da0ca0b309c4972d4beaffb5a981ce88c96d950ba75127378fc1197,39eace1295e08c00053a51264d811032,2cfb46467465fd2f58cb740c36ef9c39ce6ff83b,SIH Client,3/17/25,"Hena Luxion Network Technology Co., Ltd.",7EAD677A7DD7F660379D116A
891451f332a378c3ee4b015eea60653419943983d9521e88a742b2025062d681,9d13e0e29e735f9c01a72a052bcf1e97,b6936e3635a4f27491569374239b17435e1e3595,891451f332a378c3ee4b015eea60653419943983d9521e88a742b2025062d681.dll,3/17/25,"Hena Luxion Network Technology Co., Ltd.",7EAD677A7DD7F660379D116A
a5e37e100d23f83171b2b2a2e9cba52f57e35b877fcd14af18c2d5f43dabe5a1,cac350f4e9d64a365a29187335d8d629,19d7cf87535d5ad869380c30272e990c62604809,/tmp/cache/extracted_files/19d7cf87535d5ad869380c30272e990c62604809.bin,3/17/25,"Hena Luxion Network Technology Co., Ltd.",7EAD677A7DD7F660379D116A
66915535ecdd79a103e4faeed5f8412144e561b18c5a224a6ff74d48a43ecc53,d1db42f2cdae468a690e7bd690cc5694,18ffc890a27041080d89aa4cee5beae211e33f63,WeChat (6).exe,3/18/25,"Hebei Duxin Technology Co., Ltd.",5C6DA215CE8C891D2D08B7CD
ff8a9e2e03765de976df2c2504eab44d1ae0ad34f7bf32e04e07e74e4c053d26,f8f0899a7c25099731f11c7ace25c0fe,fbacc69f86b6cfdc2440ec412d30e20101a0921b,WeChatFA.exe,3/18/25,益林 陈,3300021FFB7A57E64367C9F45A000000021FFB
53e16a1e81d087bd93345f55f29a0cc4fd3e665023ccc708eef696e0ecb56452,bd9557659c02a613a0acd4f94ab3565f,fb08c7ea5138c3d5f1c8efab1e8eb7e2980d1f2e,TeamsInstaller.exe,3/18/25,益林 陈,3300021FFB7A57E64367C9F45A000000021FFB
aa531bade9b0ff4f8b43cd41a0423ddd563e3c966e79ea4e22d87449e885dd64,5c9c868d0eb167ceed49356864cf9a18,42e0505dbfe96551cf9f99fcf388e0971e140209,aa531bade9b0ff4f8b43cd41a0423ddd563e3c966e79ea4e22d87449e885dd64.exe,3/18/25,益林 陈,3300021FFB7A57E64367C9F45A000000021FFB
2240ccae318ec18f421d7b539b610abcda114edcd60e4da96e8ca7e502d9f6bd,169db190d143c7c0142be428540586d5,cb2b757cfe28471fa9dce6e39ef2652055abdc16,Talksy_Setup.dll,3/19/25,红火 罗,33000306F23A9C36B302A577A30000000306F2
c9075edbd201388279ff4c32a3a4a85b6b0b1fd934383394f62a7131d5c6b5fb,a2ae08c8dc60482f2b6b8c831a23455a,18a1a9fd37ef142787c28cc91d9d62d0f53aaf81,c9075edbd201388279ff4c32a3a4a85b6b0b1fd934383394f62a7131d5c6b5fb.exe,3/19/25,"Hebei Duxin Technology Co., Ltd.",5C6DA215CE8C891D2D08B7CD
bb4d1e87bbab26d77af028693d2a9a5fdad3942dbb461b1a4f132ce61dc2ff02,562da0987b59c7f5090ab4d0a873705b,cb9bf7f8ee9d663118f184c6028e2bf2d8279767,test.exe,3/19/25,"Hebei Duxin Technology Co., Ltd.",5C6DA215CE8C891D2D08B7CD
e26b4588f7428d2a6be5f7150ca62f3b37716d9489cca690f73b2f4e5dc6d1e2,9206d18fb44dedee4733895df53eed2f,6f152ad19eeaa0294d5a33b0adfa6fe5e5237974,e26b4588f7428d2a6be5f7150ca62f3b37716d9489cca690f73b2f4e5dc6d1e2.dll,3/19/25,"Hena Luxion Network Technology Co., Ltd.",7EAD677A7DD7F660379D116A
44d0bcdc3af4d24407681f5f05267e64dfc65883fcfb61461eb89421690e87eb,1fdc51cb0d8204479c0dff63e182f300,5c36fd461477e6c8806d2293dde99ad41329d773,setup-us.exe,3/19/25,运城市盐湖区风颜商贸有限公司,4FA68807EFBBD22B25622E60F2EF3041
49a6dcb3307fde4b3d5ce437cfe6e9b08bf0732b041c9f1da86ddeec60a7cebf,1feaf61c42ad36ccb9ee5fc1d2807c5c,311d8ce9a7945d8982b7b0b1e43ef10698fbd98d,49a6dcb3307fde4b3d5ce437cfe6e9b08bf0732b041c9f1da86ddeec60a7cebf.exe,3/20/25,NEXTGENSOFTWARE COMPANY LIMITED,00C25308E33EE5E814D2E3054026033F4C
aae36559d8f600cee0f77dfa2e1bd88b58c908fb4190001d180ebb2ba1d9802c,aba674433391463f959baaa06ee677e3,9792dc26750b4f89deac42fd735099c9b291dc05,aae36559d8f600cee0f77dfa2e1bd88b58c908fb4190001d180ebb2ba1d9802c.exe,3/20/25,NEXTGENSOFTWARE COMPANY LIMITED,00C25308E33EE5E814D2E3054026033F4C
6c425bf67680ab44e5e02bd173137c74db5da2f208567a404b1f5764be149740,acd8dcdde9fac04a96f898c2d702d360,71d08b7a83bfa97aa8def6cdd95aebedf3520cd7,6c425bf67680ab44e5e02bd173137c74db5da2f208567a404b1f5764be149740.exe,3/20/25,NEXTGENSOFTWARE COMPANY LIMITED,00C25308E33EE5E814D2E3054026033F4C
89507bcd18f128b825bae46a4cc0444253544d095f1a7ea2964fe670b16c13bd,ca591e65c404b39805eafb190cef453e,4d5de847a5d5e18fe45ad63b4e22fda4c0b311d3,SIH Client,3/21/25,"Shanghai Linyao Network Technology Co., Ltd.",623D84F3FD52F1A872E1BF83
1300da9344852afaef2156703e3f001b13282341fc9417863353647c7ef6464a,86c3cd13e8f0d5551a536e8420c0a28b,2501f8cc4636c9c4a511629da635eb54c6b6c4ba,C:\Users\user\6c6d5660-81d1-4288-997d-7dfee8779b83323\TASLoginBase.dll,3/21/25,"Shanghai Linyao Network Technology Co., Ltd.",623D84F3FD52F1A872E1BF83
a59df0380894c909b9e6fb5d010d4f93618f16ce833a35e0f1a9b5bc5ae15285,ec3572750a887482e8ace191dd07671e,478fcbbab73de433edf16adb378a7f595f0ae85f,C:\Users\user\2ab8ab83-a310-499e-a537-764907080c22320\commonbase.dll,3/21/25,"Shanghai Linyao Network Technology Co., Ltd.",623D84F3FD52F1A872E1BF83
7cf2c858439e6f6d5a3347e5a9d815097857f2ff49856d483200b68c35e37fe2,298cd4d86ffa5ccedfda40de496a40c8,5bd27a84ddab75a79df57a5f1763c80b17b3bdb8,7cf2c858439e6f6d5a3347e5a9d815097857f2ff49856d483200b68c35e37fe2.exe,3/22/25,NEXTGENSOFTWARE COMPANY LIMITED,00C25308E33EE5E814D2E3054026033F4C
206481f09ce2b225e565c76cea8658355a564fd0df23954076f7017bfcc4506b,a016aaef2a2cc1fa660f7182ef96dc1b,4590ce85850fdd346ba053905a3e6d6f36817a92,photo202503235.jpg.pif,3/23/25,"Shanghai Linyao Network Technology Co., Ltd.",623D84F3FD52F1A872E1BF83
608cb2fddbabd3e3643a4c032859f821bdfa0956e14897e48384705cb571430d,c01c92decd5b84a9103fb18f7184381c,d8582303a937e3efacee631a1cdae29a2c348a7c,C:\Users\user\6c6d5660-81d1-4288-997d-7dfee8779b83323\commonbase.dll,3/23/25,"Shanghai Linyao Network Technology Co., Ltd.",623D84F3FD52F1A872E1BF83
0975f876121b9981db2a25c9e2a25c87c8e493a4e3b30d29673785c7288ab345,ca001eb016e5056eb3b9d1773bc772b7,cb81e14951330deb44ee0ce1371336200aaddffb,CeluInstall.exe,3/24/25,NEXTGENSOFTWARE COMPANY LIMITED,00C25308E33EE5E814D2E3054026033F4C
10b9139bb5debd4c93616333df58335ca60d5e417b73d90820d68b79e1336c37,2a5e01cf0d202a87ac36c45eea9bce5f,e97bcf94b197b121ad28971fc177d3f643142de4,Resources.dll,3/24/25,合肥亲爱的译官信息科技有限公司,74B936AB655DB6CA62761A5C
e4169e6d20af66bfea82aec4eb599d3c4a4df52fc884638fce408cdffdef5671,60e4590fe6a49edd556c993074d87c7c,b5c05033118b6a26f8780317bfec3fedfc308f5a,image20250325.jpg.pif,3/24/25,"Shanghai Linyao Network Technology Co., Ltd.",623D84F3FD52F1A872E1BF83
1e7ce5d31082047f9b2caa559df9b752cd931efd36f72296e6f1b8f4e334b0f5,965024c1b6b5d28eaea67c4e4a827252,abda0de49ed2e68284ff6edcf5df135a1f7db69a,C:\Users\user\0dcce1ac-67f8-4aaa-9d5d-b28fe8931f5b324\TASLoginBase.dll,3/24/25,"Shanghai Linyao Network Technology Co., Ltd.",623D84F3FD52F1A872E1BF83
936545edbbeb1e1c8a9f28c91dd05d0498b3f16bb63b2c593a14d47013a96285,80d0e4fec3290724224d7188455003e1,131d0db3b42f29a7da6205e3c9c30df025384502,Gather.exe,3/25/25,"Hebei Duxin Technology Co., Ltd.",5C6DA215CE8C891D2D08B7CD
f1c2dd0c85d6605d7d61989661f785c00ff4a8ade3362ccdecf2c80a8f86de13,300c4b4dc0fe54c2b857411ed357a0bc,44cd9cb6603ef3bc4699ce8440d68cf5e870a35f,chRoom Driver.dll,3/26/25,"Morning Leap & Cazo Electronics Technology Co., Ltd.",5BF73255E566E8DF1D295A93
5a1e7ba6cfd1f7cb274aad9ae5750e78eff70bc044fc11df15a5180bff4e7fac,3e9ee2f4ad7961b057ec3eedad47ba7c,cf03998b7b402cb69ae6b523f86ee4c3584e1798,5a1e7ba6cfd1f7cb274aad9ae5750e78eff70bc044fc11df15a5180bff4e7fac.exe,3/27/25,NEXTGENSOFTWARE COMPANY LIMITED,00C25308E33EE5E814D2E3054026033F4C
3295cdd256c2a69128decdfd777d9733c9987b8cefa85273361980f88f90d6bf,e1da7a176c8143e2243250d55e67de3d,294aa8cbd8d789d48a3166dd258a3d3e88b62810,WeApp.dll,3/29/25,"Hebei Duxin Technology Co., Ltd.",5C6DA215CE8C891D2D08B7CD
08a7f3f2a7317eb265009e46b466724f463924a584e7ca1614a3eb63c5e925f9,faf762dcb187947fb5c0c1a2edef3b72,b13c800dbbc398b3882d3a45b7073bf3e1db841e,BeepX.dll,3/31/25,REDSTRIKEVN COMPANY LIMITED,00C4B1716739E14C2FCB35D39D49ACB971
d59a122c30f5eb8caf63bec3012f1f855e5baa1d8e84dc56556d188dbcced4b7,fe96dd18c9789c78a6011b6f9821d205,6dea627584448604d0755706be60671661d8940e,C:\Users\user\fa8686eb-2f53-4e07-b2ed-f34bd940226e043\commonbase.dll,3/31/25,"Shanghai Linyao Network Technology Co., Ltd.",623D84F3FD52F1A872E1BF83
6130a8fda1672a1c74fd9a401324cc26eb72c0b24fff308fb9987f9e9bf3f390,1f3d685ccd0447864e6ee5364256fa13,134fa27d2ebd4e04c057e861933420b9e68417c0,Teams.dll,4/1/25,REDSTRIKEVN COMPANY LIMITED,00C4B1716739E14C2FCB35D39D49ACB971
f4d15fae89fc0b751bae32cdfdd1cde6335c8082ba563c85a5110f01ec3e8baf,0934a79a7cd562a9146f37cc9d293942,5b52e75200647dca98098d1e17f275444333cb02,SIH Client,4/2/25,"Shanghai Linyao Network Technology Co., Ltd.",623D84F3FD52F1A872E1BF83
5727cc8ef222a2a0f24ed139bbd4de56b0f09806561074d40ed4d62e40df1ad5,a5fb35b15c22b46a62905bf7a9f492bf,216a53be8dab4818a90044e5940cc3f13e8ab604,SIH Client,4/2/25,"Shanghai Linyao Network Technology Co., Ltd.",623D84F3FD52F1A872E1BF83
ee4589553dadaae174dce6ce9b62804186717f24e9d01c8a41ed8643cc8024e9,a0e94d0a4d264a049b24c6a0e888b1ff,62c0b27fc9dc763bba61c2b97b68b507b8f68781,SIH Client,4/2/25,"Shanghai Linyao Network Technology Co., Ltd.",623D84F3FD52F1A872E1BF83
64b88c710f28ea78d373262ad055a44f9037e2ef8f32b884ddcc10b2fac5aebc,313fc128389db8dc526e9dfc282f88db,024c70ffec734ed4fff127dc218044421067c079,MuXunAcc.tuntap.exe,4/2/25,Xiangyang Dianjue Trading Store (Sole Proprietorship),4C4C9F16877C6C8508A12BDD7C94607D
ab645160ed2197d45b19472f2e6fcb6478635596433295b632b66ff3f0fa38b3,b97c3d2437d3cda38bcaec4e6446b4d1,0ab4e9fb8bfbabdb51e0ed1bc135c4caddde54dd,photo20250403.exe,4/3/25,"GZ.PurestJone Network Technology Co., Ltd.",5076171603477D5BD6AEB984
a510f21edb633e0b40937244936e68568d1a3f75f8714e0f66547f846e6e0b8c,1a73e4402c6936864bae54adb5f4d899,395df069b1d557b55f708e632e84e4e3e4e4f16b,photo2025040368.jpg.pif,4/3/25,"GZ.PurestJone Network Technology Co., Ltd.",5076171603477D5BD6AEB984
97832f2274cf2cec740f72feb91c25ff884cf574a9f1c82d6918af7370a358b1,627b8bb2190258a6c4ec5d7049cff9d8,8cf8e93b00ba6dec18fc13d57e4c3fe303f43b7c,97832f2274cf2cec740f72feb91c25ff884cf574a9f1c82d6918af7370a358b1.dll,4/3/25,"Shanghai Linyao Network Technology Co., Ltd.",623D84F3FD52F1A872E1BF83
b7d6b8a8437b122d5c666f61a272b8f3e560a91e376434a2814baf45993d194a,75cae4b126c1f3c501f02ff883f73f00,d9b404af8a083652247f85a10b5bca661ce9e28f,b7d6b8a8437b122d5c666f61a272b8f3e560a91e376434a2814baf45993d194a.dll,4/7/25,"GZ.PurestJone Network Technology Co., Ltd.",5076171603477D5BD6AEB984
faa3ac0f1ddd5e5cbd3c1f5deef81ad057fe24df08b18bcf3e323209dc70675a,cd7b99be27944a5cc457ba6c90b0fdb5,9fb09784524c64a66450ea444b6db23f394c2ddf,photo202504075.exe,4/7/25,"GZ.PurestJone Network Technology Co., Ltd.",5076171603477D5BD6AEB984
dd71f68cb9ea204e3f6af6661fe23a8e3dda40fa4bf968d6f0907566eb45128a,3119caf7a707d927666eb649f72ec01d,339834492fb8a97a4ff4f362abd16a9e280dad26,BraveSoftware.dll,4/8/25,NEXTGENSOFTWARE COMPANY LIMITED,69E19C9125EEC7D62AE596F91F08D559
631c1d3bbf2b367a1d68b6d3145170592a1b1e1662db20cafe58fb2b0684a459,ae1c4db7a1b63fe286c9bd919b74d34a,678b3050c9bdb163faf8f209ae445097f225ff64,/tmp/cache/extracted_files/678b3050c9bdb163faf8f209ae445097f225ff64.bin,4/8/25,"GZ.PurestJone Network Technology Co., Ltd.",5076171603477D5BD6AEB984
e8afb0732974bc4de97adfee258979f299b21ff58b6fe23abf64755cc7e25a99,d19ae1bea56a091960b16197a1c01ab3,84fb50053e89014313409a320e6c334b909aa54d,e8afb0732974bc4de97adfee258979f299b21ff58b6fe23abf64755cc7e25a99.dll,4/8/25,"GZ.PurestJone Network Technology Co., Ltd.",5076171603477D5BD6AEB984
33a942276ace165ccbc9db4966b18d0a767e2e78f4a09d2bf0845bcd2c8a356c,643ca0322c3bd6ac794b8b2ea3c12788,61f9b2dd12f42752b1b8722b449444e921e64df1,photo20250409588.JPG.pif,4/8/25,"GZ.PurestJone Network Technology Co., Ltd.",5076171603477D5BD6AEB984
99e07b29b4a4c26f38f39a18fad2f73a3408aad8e55b1d9701947f764f7cf3f3,9b544825b0efc98b99a5b5b8f4ac0c03,921898106074e35e11c4083ba7c80411b2e65ecf,NeX_Setup.dll,4/9/25,NEXTGENSOFTWARE COMPANY LIMITED,69E19C9125EEC7D62AE596F91F08D559
3758c1cba6bc57d782f7a820607aaad5c677c71646590e2dc25687d5a8607596,238bd2dbf812a6fb12bb2680db97fd54,290335444564f732ea3cb235ea77329716f3547d,%USERPROFILE%\2ed119a6-1d28-4d67-aadd-0014c6efbf15042\commonbase.dll,4/10/25,"GZ.PurestJone Network Technology Co., Ltd.",5076171603477D5BD6AEB984
2ad0625f46754a415a0e88f6bff5f9dd21a44f012bcd1230c3a0a4c895348389,38ba66a0e7528d737e899758134fb08f,3857136a043dfc757a2eb3d27a70c2b224eea6fa,c:\users\keecfmwgj\97732cca-fae2-4bc9-8fdb-8e7688ac0c0e049\tasloginbase.dll,4/12/25,"GZ.PurestJone Network Technology Co., Ltd.",5076171603477D5BD6AEB984
c285cfe6da5a7eeb44e07b2dfb484a8f9f0cc9e44e0a34c5865b2b2a46d8a804,4d6270ceef1fd47edc20d45148052287,c6c0f25b759ef3ff3f51d9d710476a05676a6b49,c285cfe6da5a7eeb44e07b2dfb484a8f9f0cc9e44e0a34c5865b2b2a46d8a804.exe,4/12/25,"Klimine Far Year Electronic Commerce Co., Ltd.",07CD057EFB53D6F2C5C839FC
2fcbefd37a8aa1d9a4ca67023dc4dde54eb13f6f05204ecd5838d58897671064,93a7d35c2a2edf99248513dbd21386df,c87c6434a116f456ecfe0b7d4aeeae09157f56d2,=?utf-8?B?6b6NMS4yLmV4ZQ==?=,4/12/25,Xiangyang Dianjue Trading Store (Sole Proprietorship),4C4C9F16877C6C8508A12BDD7C94607D
594f24927d6c472250c18ab9c207586ff6fb9c7d328ee1c533a9bb7a9b8bdb5f,2ce180f31beae6982d7d70cfaeb4614d,962bc5bc59d71f305f80acbc448d853053198401,SIH Client,4/13/25,"Klimine Far Year Electronic Commerce Co., Ltd.",07CD057EFB53D6F2C5C839FC
70f9f20f5af8c8fac0ef6cb6647afe11d5f892e5de16f3da840d5bdc8cb0f6c7,52c4f402161d8b07452049609cc7b77d,d9b73d29dc39d5cdd571e81005ab4f0ab85e2e23,WIN32CALC.EXE,4/14/25,"J-Golden Strive Trading Co., Ltd.",2967FD8E4C50B8E2E7A19294
69c9ee97a8f60ec0f38cdfc5c9e6cf021debfadc063b3611912a7f150cb08032,0668b0b0f0d359f8f131c7d4970efc8f,3ca4611e7a9f47378f68c07433ad8d127bf9bf90,Teams.dll,4/14/25,"J-Golden Strive Trading Co., Ltd.",2967FD8E4C50B8E2E7A19294
6ec889fc18c8ae7a8531829afb593dc1f87539af9d67e38f3730c216c5a8746b,f8977cef0ee60e524ac5bc0a52b06986,d1f77f86f7efd16ea64b8361e98cf10849b8c99c,WeChat.dll,4/14/25,"J-Golden Strive Trading Co., Ltd.",2967FD8E4C50B8E2E7A19294
7a2adf0acbc37d870138bb65551e258a3d1bd4ab6bf50df0a7c66d770cc0f787,c7745615d1947c824949c88ba1f31318,6c2f6105178c8866f30c045aa8fe0f22b573d7e0,SIH Client,4/15/25,"Klimine Far Year Electronic Commerce Co., Ltd.",07CD057EFB53D6F2C5C839FC
f710e4cf7fa9e44e2f0f651e2baeac314c8770f6cf7d32d9a5dadee34fdb99bd,88cac193baea64b6dbd130f65491b5f0,fc5b2b21e20547a0ef08ad5f797f0df276c1de59,%USERPROFILE%\2ed119a6-1d28-4d67-aadd-0014c6efbf15042\tasloginbase.dll,4/15/25,"Klimine Far Year Electronic Commerce Co., Ltd.",07CD057EFB53D6F2C5C839FC
a72283992800bcbfe02137cedd38a247be4add9372bdb50fa958da8e6d34aea7,9870de93fa510b0c213dda8da58466a5,86b0581ba6aeaafbff1af50794d5ed32ddda9da3,c:\users\oqxzraykm\af045df5-467c-41a9-ab1c-fbe94fb671270419\tasloginbase.dll,4/17/25,"Klimine Far Year Electronic Commerce Co., Ltd.",07CD057EFB53D6F2C5C839FC
d1614a60566452debfeec698b709daa6e1211c152a7625da7db7e844fab220dc,06e94b7d60848cab8e33e737feb34a7e,8d7695f504c1319fedd9594b72f5a937b0c48bcc,C:\Users\user\Videos\152C85AC@27\DataReport.dll,4/17/25,"Klimine Far Year Electronic Commerce Co., Ltd.",07CD057EFB53D6F2C5C839FC
50e626b09f8a3a3060687fb86be6d506033f25e0a0407a370de87e1f3b2e32d3,b7414380483b90690eadb4e7487ea9d3,b175aa15d457ce58df71a25565151dd081bada3a,,4/17/25,"Klimine Far Year Electronic Commerce Co., Ltd.",07CD057EFB53D6F2C5C839FC
1f0f5173c6aae129e6cd5994da53b510497be2ba7f2ebf50fb0cb298314b0c8a,2ca85769db7d1e6ded7bde9f84bad2e0,68deafa3261aafe383edb52ffecacfe67a183652,C:\Users\Administrator\Desktop\Samples\1f0f5173c6aae129e6cd5994da53b510497be2ba7f2ebf50fb0cb298314b0c8a.exe,4/17/25,PrimeSnap Technologies Network Company,424E89A44FF616A6183251F7
6575fd0f058a67cdc900fab820ca537e16f5882763598f95b98c39f10dad5ad7,4aebae64fe84a92130a8092eb3b14b0a,9973ae862e0eff3872dfa253bbd0cea0b205cf5a,Google Meet.dll,4/18/25,"J-Golden Strive Trading Co., Ltd.",2967FD8E4C50B8E2E7A19294
61e903de86f0d595c58ffeb107d78fd52bbb5f2b26609a2c86f9dfe370d9f97e,d0c651bec619b27660b85dac20fc50ea,3f2342f5321c96f9abdbb048f18735a6dd380c3c,seccenter.exe,4/19/25,PrimeSnap Technologies Network Company,424E89A44FF616A6183251F7
7c08638f45a29bcfbef2bae6543c66b74e51df5598464a8bf0cb3fbf9c749c7f,d4a02411c5753bf500be3235bd37f44d,50149356943700959546919f656dd101bbd3aa96,7c08638f45a29bcfbef2bae6543c66b74e51df5598464a8bf0cb3fbf9c749c7f.exe,4/19/25,"Hangzhou Saifan Technology Co., Ltd.",0DB8378E7C5F330A988848572F290434
8d57b9f430b5f26443b858ba628dbc786c7ac51740a54aa26d8f985bafb96b69,79e7d4e89a21a3af39544b532de8bfcf,b4277ddad9057bce7e7a6e4e34fa9ce1607ced68,D:\Wakaba Mutsumi\cucumber64.sys,4/20/25,Xiangyang Dianjue Trading Store (Sole Proprietorship),4C4C9F16877C6C8508A12BDD7C94607D
5a7fa2d683795183fc16955d1ac79088d6fe171849b60b1814d3ea8f330504cf,c12e58ca3780b68550146fab0af406d2,e4f97b0cbdd247d86d6d278d1f95a8b289c0ae1a,5a7fa2d683795183fc16955d1ac79088d6fe171849b60b1814d3ea8f330504cf.exe,4/21/25,Love IT Oy,1C3FAED5780BD79FE1FE47DEA8E2FF6C
e061f17093f2ab14d86300a3450af9f427569d951edd707f1d40c95f6bb8ebfa,8ed5739f3f58d0b42cbdfa2e4847d3ff,2f0d668040f2fc43c3e17a76de2a28247ccc2e4e,vmtools.dll,4/21/25,陕西斯慧嘉网络科技有限公司,1C8307F5D992FECE41129D7C5153A17F
7a92cb2d90f3779dd08046a30f0ae42ed5695f5c5977ccfb170b1f86fcdd10cd,9c667aad3b42eb07da715bc3faa52129,50fc1bfb2224d55b3214d26f2fb6227127d2bb4e,SETUPAPI.DLL,4/21/25,陕西斯慧嘉网络科技有限公司,1C8307F5D992FECE41129D7C5153A17F
67d9a42df044f1bec25fa3fd0f69ea6ba675c9289ff4a7e16c9fa470f1f69257,a616c0f2ff778b36e6ca0eb395e5733b,53f50887e744bc1308359d3fede08f8ae746acd3,67d9a42df044f1bec25fa3fd0f69ea6ba675c9289ff4a7e16c9fa470f1f69257.exe,4/23/25,Love IT Oy,1C3FAED5780BD79FE1FE47DEA8E2FF6C
47c86c7a17eaede5d28ae5d2f5f3f9912eb1ba001cfad9ad60e9036e453bb327,458f01bfa6553def1e8c577dca1073b1,a42d9e240f594b3f47b36066437eb4b236f75dc4,ZoomInstallerFull.dll,4/25/25,"J-Golden Strive Trading Co., Ltd.",2967FD8E4C50B8E2E7A19294
05c3920b4f3ce04acdca0f316504e74a3f2b96ffb1e12b56b35e088708f9f603,797f555a6d06dcc0d5610d0dbe6f82ae,57a1c3b48c1784a7866859005d038c67ec861825,TodeskService.sys,4/27/25,Xiangyang Dianjue Trading Store (Sole Proprietorship),4C4C9F16877C6C8508A12BDD7C94607D
02b73d7eaaaaedca0f9ca9efd7bde817d6f63bc7f387c0013ab597f94d0f2237,306c0ad82d67cc650387a4c7e3efba02,d757d9475d945a23d32a70bc308ac69a76ab89cc,LocusGameChain.dll,4/29/25,BLOOMTECHNOLOGY.INC,008B3F8F725F80DECBDB4920ADA8817F3A
6c8931978b932b4ea55c323294828bc3dc79764a88bab35ff49962e09409f572,1d5b4dabe5240db7f16568e687941eda,35c8bd02532a3c48a8db2014b24ce332b872b13b,chRoom Driver.dll,4/30/25,"Morning Leap & Cazo Electronics Technology Co., Ltd.",5BF73255E566E8DF1D295A93
ffb7bb2d46fc715cb14689b618389c818452901372e79edd905d534c9a4f6a32,93f505d0b36285d9e4d64ecc50e39542,1b6ebb7398e530cd6aa4a101e641fc5ce239f77e,ffb7bb2d46fc715cb14689b618389c818452901372e79edd905d534c9a4f6a32.exe,4/30/25,Love IT Oy,2A11B2B3582663E2EE4716C8656F5135
a40c65ee329119974fed0601b4d3b068cc39da42d8f23a8202e99d41737d49d8,adf8559007ccf4dcd70502f1f1fd9971,5f98becb7f72a7c44f735cd905cbec9bc7fa53a1,XTRA.dll,5/1/25,"Morning Leap & Cazo Electronics Technology Co., Ltd.",5BF73255E566E8DF1D295A93
ad89d781f68ee9b76c6ec279611e27317d45815b4f93fe496f136e9f40b4dc0b,7c5ac5bc8578fdc6bd53260d36ca53d3,6b914ef5d4b7151986b2fd15e1ffb91283295893,2.exe,5/1/25,Love IT Oy,56F6A688C743831312A4A80A6899DA37
1ecdba5fc853cdc7bf58930a9c67b5e402d78a84599c09ebd66b6b1aec08d898,5ec71abf26aa849d455375ed6c4de188,98e066b6f31e273c9037dd59c289a185d8a450f0,video_enc.dll,5/2/25,合肥亲爱的译官信息科技有限公司,74B936AB655DB6CA62761A5C
2de77c3799f41d0b5de20b5e2f13b8f7bc3d80a1323319427c16f42d2ed16359,01652b8b1f6aeeb2c00276994e06fd62,6595b2982fc38860172ebe2c95929ea37a8cb7b7,libagora_segmentation_extension.dll,5/2/25,合肥亲爱的译官信息科技有限公司,74B936AB655DB6CA62761A5C
8fedd0373b79408455c8ef4efab2b82b6d99cb4cf9c61273508d79818439aaa9,ebe6261268ff2775dd3d997d3c5c8746,5a04949f09998d04c72bc88434bcf1ebffcc2827,libagora_ai_noise_suppression_extension.dll,5/2/25,合肥亲爱的译官信息科技有限公司,74B936AB655DB6CA62761A5C
61a69d07c29c653f81bd0765e74756e8175f0a1e55bf46e602ce89f6a093e29b,ca85ebce1d8048e3931d273c26357808,7c95a3bdc5c7f50eeb9bf313541559a92474b837,iTourTranslator.dll,5/2/25,合肥亲爱的译官信息科技有限公司,74B936AB655DB6CA62761A5C
5d9391020e01778f8a5572fac997e43ec5d193d64ef7da5156e3689e85170e0d,d4b6d18cc0624c3181146c0b70dbcd8f,79e72bf744aa0a0676c1ef97083fd5a00185dbb8,libagora_screen_capture_extension.dll,5/2/25,合肥亲爱的译官信息科技有限公司,74B936AB655DB6CA62761A5C
563f7eb9a0148955922f641f764654da45a00d791ad22c3f150582c6e45cdd69,62c51c56e6461da038abc538ba89cc89,d48dcda024b910537f5e18195b6421c94d0cb35a,libagora_content_inspect_extension.dll,5/2/25,合肥亲爱的译官信息科技有限公司,74B936AB655DB6CA62761A5C
004c3b8cad1ef6eb9485b770c6a2291392e0a086bae9690b6f6ace451e70b92a,880bc1c44dfe7a0dc6fd1c5436e5ce93,03d15a5e0fcadf43f77fe560319339eb60d1c9ed,SettingBLL.dll,5/2/25,合肥亲爱的译官信息科技有限公司,74B936AB655DB6CA62761A5C
4b33d82af573217dad77b8e27d4c69e8fccd1e3f4e5445d787f099c45c1e4bdf,06cdd55953f1d216816126476e2c6677,660d5c9719eb924a96c1c3d001847ac8d43824b6,Kill.dll,5/2/25,合肥亲爱的译官信息科技有限公司,74B936AB655DB6CA62761A5C
de6f7dd5c996e386a57611f0339d9a492974c535a89ed5568526240cdb1bf1fe,111d132f47d97971037af290f6b5a1e5,370617527d281e0b22c1360f653a27048507e306,CertumEV_SecureBoot.sys,5/2/25,"Gucheng County Qizhishang Trading Co., Ltd.",5E0016A3D3E00463E5BF0753D80CDED2
97a2d5e70f82ba56cdc8e7180c63d1fcd165704389e7362ed142f968c5b1ccaa,3f1fd52c4ca27e91a50adb3d2fd96b63,2ced0b7d04a2de4a365c6f5b041e4832c53baccd,msedge_proxy,5/4/25,"Hoozoou Leeser Smart Technology Co., Ltd.",648B06C27B37237B6D204BB5
4e328c2c0e9454197d8c5c38ccdb9d7c405e0e9a6c2d8cf912cc614b4db801bb,9d5edc1ebcfb3430efdfcc9856fbe473,8344e03154feaf056bd5612fc6452a5c215c762c,commonbase.dll,5/4/25,"Hoozoou Leeser Smart Technology Co., Ltd.",648B06C27B37237B6D204BB5
3784a39324c68bcc12a68db42d8b8f0984880041939b1f7a5944ecd47ed7bc3e,ede6d4c5fd51246ab678ab9d66c3184a,e22ae80559d3254d7aa82eeaafacffdf0cc027dd,TASLoginBase.dll,5/4/25,"Hoozoou Leeser Smart Technology Co., Ltd.",648B06C27B37237B6D204BB5
b678637aa881360593e3ec949a55e0536506f50f78b0bfa0909029f3548b8998,fbdfef7fdafe4dd230ab630fdb24f72d,94d56271d1164a2759f3d0af7bc649e307eae45a,BraveSoftware.dll,5/5/25,JSC Unicom,290D9001839754E3D50E5295
9c1a85f711fb500d70760d40e9e57854555dfc225fae68bb035f4a0167324e29,9dd7d377ebd1562677798b72a00c64ca,5ccf7349a497e1929f0b9de014a0dee291aed6c2,vmtools.dll,5/8/25,陕西斯慧嘉网络科技有限公司,1C8307F5D992FECE41129D7C5153A17F
82946b60449f8b7159afae9d672f595d44712e26c92c282ca2d8e8f852961c43,9be284608cef0866d62f706c505764ca,690106b2da10d81a38635966a192e4dd59c0c193,python310.dll,5/8/25,陕西斯慧嘉网络科技有限公司,1C8307F5D992FECE41129D7C5153A17F
1a0fcd81af6b14b367f1ac93aa7a7b650450405f7652a17e667604e681d457b0,2a5137f4a8c3aab165cb60e18cab3eab,8c222232b0dbcec41e365ed10d780c3532ed9a76,HelloWorld.exe_1,5/8/25,"Acoustica, Inc",00ADC445B14C3C850CC30C6C0007EA9920
719d7afe8035b20b6e0fcfb03b37b15de22be22dd45b781474a5068a45daea15,7f1cfd93167e2770e32ab7c707d3eb76,018869e80d6a006d8707f225377636151fb8c7e4,goober.exe,5/9/25,陕西斯慧嘉网络科技有限公司,1C8307F5D992FECE41129D7C5153A17F
210831fe75ff348dbb6d0143f652dc22087bc6031d70ca3d89018ada2d062c1a,157a3f71fb746175d02aed384b6e25a7,368063783d0cd794d956a19dfd8f8d15c4cf2c80,NeX_Setup.dll,5/10/25,JSC Unicom,290D9001839754E3D50E5295
1c8b46f3fec613a9d70c50b6a1d417bbe4e10e6c1088bf012be64399d548cba6,600ed493048bb7413c7b841bfd2f42a5,6d6222179a4b7a7c6b608ddbd3504f5e556c257a,,5/10/25,陕西斯慧嘉网络科技有限公司,1C8307F5D992FECE41129D7C5153A17F
46ec2d9663e57ff3681078929a5349dc1b235e01e7aea1768d8204ef8bc1099b,6d332ae22fce3715234c5b3ac0568d67,62cb1af2963666db5868518c30bda17c432d916e,,5/10/25,陕西斯慧嘉网络科技有限公司,1C8307F5D992FECE41129D7C5153A17F
436d996d08ecc9ec4a2c6f1bf88036ef5861a50ea673af2abd421f0ef7586f63,24d57696e04a490a08364a2f43d5c8e6,2b92c97e1d59889f837f31f3d3d3b2a21842a697,InstallShield Setup.exe,5/11/25,"Eugene Investment & Securities Co.,Ltd",0497D45997C350D2867A7764017C3F3F
43cf67f70eca32f3ca5809f48e5e69cf2e56770c794f29ef41d5dd716a0805b0,e415c6984f68d7656706844f17ebce95,6874a0cca71e6d3ae7d9b86f474e1c2727c14a53,Talkwav.dll,5/12/25,JSC Unicom,290D9001839754E3D50E5295
3f666cd864799da19cda48cd1caa5148965ab3fe31ce438d2be087802c8f04e1,7256c01bb0f61cca7c41a2e29f60d131,9401f1cfab2948e282e4a879583a76eec8546819,Teams.dll,5/12/25,"Fengyan Trading Co., Ltd. In Yanhu District, Yuncheng City",010A8D74E727BB24A47EA7FC
7b32f8bbe5362bd3f0911edfbca12d3fc47f0f90677f558363752b98d92dc471,cc38562e91d845f60699c0c9c706259c,3ca108c7b162381f42b0ad3b624cb3eac8be8742,Slapix.dll,5/13/25,"Fengyan Trading Co., Ltd. In Yanhu District, Yuncheng City",010A8D74E727BB24A47EA7FC
5429a38fb75e8a8642f60f00bfdac9046b2f8ffbeeb4f841b93d2c36460f7399,819f3d00b94f4400045594a711915847,fbde2cacc5e35cb9d865100abd54630e0f2659e9,SETUPAPI.DLL,5/13/25,陕西斯慧嘉网络科技有限公司,1C8307F5D992FECE41129D7C5153A17F
f3bfad562ee8c2f9c707bf72747af6752857d2e5d104fb799cfdf93e3815fa8b,5ba816e237e93ff66de6e63dab10d932,696b45c4f36356a526901a232a8560aeea094c17,BraveSoftware.dll,5/16/25,JSC Unicom,290D9001839754E3D50E5295
5c8ee004b2b77f133765d5f0e6cf3abf1f10492c35a3d5487abdd4ff701e5863,d12f8f7ff156c20063beb88fd3eadd4f,3db13f8de95b25d8bb9a645a95bc38b605878b3b,NexVoo.dll,5/18/25,JSC Unicom,290D9001839754E3D50E5295
b95597e0d25f4bc5cf1736aee96d8dbf214b6e7bbf1b51c981d2b90880268c6f,9e09f34bf73f681eb08d57fc6b917b44,22662dfb6c7efd020c483bc582cc170c6c766e93,Flowus.dll,5/19/25,JSC Unicom,290D9001839754E3D50E5295
0d2d37d74bb0332c26a7145e94e95a56983c19a8e245aa1dbcbe1971ff96f9ea,d9ffd7c6b9a4c49b5a7e03c0e78464ba,95d1caba97deca0fd82ac1fc6c3bd1eac4ac5474,flashinstall (1).COM,5/19/25,BLOOMTECHNOLOGY.INC,008B3F8F725F80DECBDB4920ADA8817F3A
3d206d547056db0a0a741ead95797f483c1a9ed91ef7b400bc1a4729f7c524b9,1c708c6d864a545c3c9d137c2d2ca368,a023ffb2dcbe58f42e5ddc1840dd9093d486785f,Update.exe,5/21/25,"Klimine Far Year Electronic Commerce Co., Ltd.",07CD057EFB53D6F2C5C839FC
06663c82d1e6df0eff9712b4250e4a189a076e2592feae7753485c1dd97c6bf6,3c646ab2a538b277fa60b478cf1cbef3,83cdb2f2f0914a2e569c446b7b811f940b34f46a,06663c82d1e6df0eff9712b4250e4a189a076e2592feae7753485c1dd97c6bf6.dll,5/21/25,海口市勤莱佳科技有限公司,34E947F11A0DA31561875BFC5FBCC5AB
a61e8eded61c33379670d6a08b9174ca4556558045621b6a89c40ed878472c9c,65c2ab5dd1d12ed277d0a06c0e3b9444,a6c54136d1ad87bab64b0fa9e4f91d123c405216,commonbase.dll,5/21/25,海口市勤莱佳科技有限公司,34E947F11A0DA31561875BFC5FBCC5AB
48d0d162bd408f32f8909d08b8e60a21b49db02380a13d366802d22d4250c4e7,bb23d0e061a8535f4cb8c6d724839883,21a390cd3c56a5277c88f201a67b864e4511ee4b,Encrypted.exe,5/21/25,"Chengdu Nuoxin Times Technology Co., Ltd.",2F93FA58F00445EEDC313273
a04f1e64fd7e2ef6decbfd2e26ad2a3066862fbe039a3bbed5cc9b6eacd4edf9,296a2384c375d1dbb92fe261fc4da0a5,047554a0a9db397dd5af46f53b3866c085728464,mpextms.exe,5/24/25,"Harman International Industries, Incorporated",00C86D943E4E146E5FDF9694F06DA41F2B
749edc4ed6c6e9c861dcdf452c7acc7ec521cd1b4ac91ffee4158ab53ec57730,5a870212f2efdf8f84712986f9fb1cf4,9ffbde7dd34806507f3d68158376dff4fd355e7e,749edc4ed6c6e9c861dcdf452c7acc7ec521cd1b4ac91ffee4158ab53ec57730.dll,5/24/25,"Ventis Media, Inc.",70205E32FEFDB3E3D948AF5E67472901
dbc380f8b31022cf14864d09a1c1f72d06ad0dbc45aed297b680385602a6030f,5b24a419ab587271de3e619fd0b23f8e,6753bce2a0af1ce0ba247ca49ee3743cb2b9fe8a,WindowsFormsApp.exe,5/24/25,海口市勤莱佳科技有限公司,34E947F11A0DA31561875BFC5FBCC5AB
0191ca2518ec61070c8c3ce98cfa6553ad28d9e960d4db847fbc24306a94cb2b,1f6a0850666d5a958e8734f1546df007,64eed93fef1f098b49374388bf7217c049631341,logexts.dll,5/25/25,"Ventis Media, Inc.",70205E32FEFDB3E3D948AF5E67472901
4df57753c3cee146a59379712d7e7b6246fbde1df29bb3d3d42db92c172af6d2,d11a0577a5f52aebedea1d3e944a18d4,f64705cf84572edc1990749ded93cb67b9f18d6f,C:\Users\user\4aa8867b-9d3d-40c3-9555-5ef041db7bd8@27\LogManager.dll,5/25/25,"Ventis Media, Inc.",70205E32FEFDB3E3D948AF5E67472901
3514868a52911536a884e2cc7aea6b2ed4610ee81f03022c326e57500eeb463d,085fb30de5fb74b00cb59e08c4521563,cfb8eadb51ffe16f7425b7fdc84acf9f97dfc2b5,WindowsFormsApp.exe,5/25/25,"Ventis Media, Inc.",70205E32FEFDB3E3D948AF5E67472901
ffdd7c277e25e8c88ee5ba9251ead7eae999ed7498a32c1f670b11e612e2314e,49b78ccf61803fce92192472efceaf09,c8127b991597048fa64ef36479ebe293731f7f02,WindowsFormsApp.exe,5/25/25,海口市勤莱佳科技有限公司,34E947F11A0DA31561875BFC5FBCC5AB
85bae6fe73a9e2bf0819a6f60adfc458392a7a56de23f10d3bdddb8e3a97a8ec,e2ed710d1b3d12e9b4cccadd103355c4,9b636b624637e65d84cd673a2ce8666a6bf24704,WindowsFormsApp.exe,5/25/25,海口市勤莱佳科技有限公司,34E947F11A0DA31561875BFC5FBCC5AB
1e5d6403372fade475d18c4b552c38405d69eb82582c60e3d248d439cea4c27c,0be91c063f657427f04099002cdda430,aac861cfe5ecc28897333434b0306e68a981e085,OneApp.IGCC.WinService.exe,5/25/25,海口市勤莱佳科技有限公司,34E947F11A0DA31561875BFC5FBCC5AB
7a000ab1650ccc010ccbe784a867dca4281cb300486fb403da15f9addfcb8e00,eb1c0986deda1d5495948477f981d565,13539b6c5e3ddffdb3e5f6b35cf8c23d1be84fca,WindowsFormsApp.exe,5/25/25,海口市勤莱佳科技有限公司,34E947F11A0DA31561875BFC5FBCC5AB
2c7dc1696cb982fa8a08422bc8553babad118cb4e2acb9ae714cf567c7c09c67,6d0776306051d2a7a83bf0edd6c38f12,ba6be57556009dca560fe2bae3de26c222795297,2c7dc1696cb982fa8a08422bc8553babad118cb4e2acb9ae714cf567c7c09c67.exe,5/26/25,Federico Fiorini Digital Services Oy,15460441B271C3759342B930975B90DA
5e62c32f91c695ce9d649c7cabe54a0da254ff0d982ef166da99920853c1f133,ce8659560b3296cb6bf5c7f722df0c85,120f2679bd42820f8a11740fcedb8e511edfeed9,C:\Users\yy\AppData\Local\AppData\iusb3mon.exe,5/26/25,"Ventis Media, Inc.",70205E32FEFDB3E3D948AF5E67472901
21a4e405282159cfb3ddda661ad239e401cdbf02556facc30135bee6ee084539,e34a0536171ce1ea0d026fb7a1cca896,e2047001c9b8a01399103f09a2435e75b8be2f99,C:\Users\user\2133c410-ae18-40db-932c-b44503e64590@27\commonbase.dll,5/26/25,海口市勤莱佳科技有限公司,34E947F11A0DA31561875BFC5FBCC5AB
bb180e01f4cbb88a5f15b84f11d11ca7751584b1104c11717ba19b1cb7c47288,519f7e0828c7edb921f3f4ed03275b60,9070d37cd4df1d5b3a171bb50e8d17abb4ca026c,C:\Users\user\2133c410-ae18-40db-932c-b44503e64590@27\LogManager.dll,5/26/25,海口市勤莱佳科技有限公司,34E947F11A0DA31561875BFC5FBCC5AB
288006abe0e58125af3fcfb35556198171bd4895188f4d9b755183d7f21b1e0e,207e5943865ccc301823809d91c3821f,7df15bc49d686904ed8899455f833b0579fa3eb6,UIHost Module,5/27/25,"Taiyuan Jiedong Trading Co., Ltd.",29494FD2ACB61616AAEAA470
d19ca1798eaa49f3a803294d240c7bcf121b8c1f0f261aa7d7a30011fafb2385,7f17935d1ec301c5555e6e1ecb2bfcc0,ed8f8a50f71a45beae58d8cd5d8c99d36516b19c,WindowsFormsApp.exe,5/27/25,"Taiyuan Jiedong Trading Co., Ltd.",29494FD2ACB61616AAEAA470
2bd57b2671a1167c9e6ad5ebe649f74154874d7f96b907ccf3e10c909b030312,0d22206cdfd496673424189ffd669601,2688b828a4e9ceefa7e43e0640417c10698f088e,suf_launch.exe,5/28/25,"Ventis Media, Inc.",70205E32FEFDB3E3D948AF5E67472901
16e01dd4c60462c0a870bf55ec987514e122f27b306858e73f71a8ca4b896423,445b4efed7865395b51e157813a4f008,13a2d8ba2a14c5daa0b4792d0cba716171f22d47,WindowsFormsApp.exe,5/28/25,"Chengdu Nuoxin Times Technology Co., Ltd.",2F93FA58F00445EEDC313273
14c6861a40b7e46ad13b27c24c238367502b2bb888395c3078c2933e173d4f62,3aeba2522d2207531cfe4a9d24c26bd3,ea8888e30ead25a150f6b4348946dde8fe6d5b0b,Gpu Driver Update Tool.exe,5/28/25,山西荣升源科贸有限公司,0CBA02A32BEAB6BFAC34A7511A8B0E22
d8d196432b5945587508a9bd8326e312ce6dfc440b2d9d4f29598d0f84924d1d,3fbb00ca6d032ccebbf42b9534025308,ed40c716e49052ea3172cec50f8d78a00d61df48,Gpu Driver Update Tool.exe,5/28/25,山西荣升源科贸有限公司,0CBA02A32BEAB6BFAC34A7511A8B0E22
cdf5a32f47eaf3698ece541013290c612caa51f16d3a86e11b176e424e3236a0,9fc60c3a216a12893f4c6e14ef9f9db9,24594951ebe278ad6e65d30a9f5694a0e269cd65,Gpu Driver Update Tool.exe,5/28/25,山西荣升源科贸有限公司,0CBA02A32BEAB6BFAC34A7511A8B0E22
e9c672ea25a2c062a1acadc1a69a0ab05d789a2024a9d4926eb9ac5c76601a34,ae0ff9c3b40f148d96ccf06661f8c223,20d0d26c474fe3d08c6979ba71f1a1c62d275165,C:\Users\user\lgx\aria2c.exe,5/28/25,山西荣升源科贸有限公司,0CBA02A32BEAB6BFAC34A7511A8B0E22
e2143313d637f2f2f80b554eaa5d030ec8ba5ec2c313daadbb37f49828a13d24,33a8481378ecd62c794344508819c248,e35898e794e48eba76fb20958905ef35f5cf4d1d,Gpu Driver Update Tool.exe,5/28/25,山西荣升源科贸有限公司,0CBA02A32BEAB6BFAC34A7511A8B0E22
e83a7f188ce669f2c40f7698c3ad038a491a4c007b6a8830894342c5ccf2a6e3,01cb354fbf7d5ab0d1096a2a857136a5,30917c3b78038b77b53f0468c0721b8fa48d20ac,suf_launch.exe,5/29/25,"Ventis Media, Inc.",70205E32FEFDB3E3D948AF5E67472901
ca763008280be877616288f51e18385398fe6009f4e4dbaf0528b86b37461e70,9eadbf3d7b076b0029a326662a26001d,3d1ce61a14e8c3d01c3834765595e301b9ad4b4d,WindowsFormsApp.exe,5/29/25,运城市盐湖区风颜商贸有限公司,4FA68807EFBBD22B25622E60F2EF3041
be5d6c4aa4b27548a06c2afaef3b4035abf65566e9a8bfd642b4a2032729656e,59af8a487068c555ea22393b0233cb65,0c8e5023884416cf80aa1e174af496a9340312e0,BugReport,5/29/25,运城市盐湖区风颜商贸有限公司,4FA68807EFBBD22B25622E60F2EF3041
e29fbb6bfc63a695af7b4f92884ae15b983b3b911d1e91ec1de413ba299ff023,fdd3219afac337cb5947907ea265d064,25bfc469c4827a51d4f7a24e669eaf249f8982ef,C:\Users\user\de35e5a3-7e98-41bd-9320-d13092494019@29\LogManager.dll,5/29/25,运城市盐湖区风颜商贸有限公司,4FA68807EFBBD22B25622E60F2EF3041
6fe553bdda5c91ed9a5acb94042f6acb296a1f8ac688ee2dd4fe91405b8ebb71,f13eeafb8c264ce76f30718616c59e48,2fcdcae6fba12b1d30df1bac6dec7a08e54f0784,C:\Users\user\de35e5a3-7e98-41bd-9320-d13092494019@29\commonbase.dll,5/29/25,运城市盐湖区风颜商贸有限公司,4FA68807EFBBD22B25622E60F2EF3041
be40e74e53f5b6df0e905436da1176f142acbb41089ac6631e9371126a69b33b,525a7f90145ede3dd07570d2b1d218f8,0faf71822377142bdd70ddb751597775a0434e27,BraveSoftware.dll,5/30/25,It Go Pro SP Z O O,65DC74FC2995EC9FE2D2E7A616CFE915
2a026a42f139a433381895b96e52e379cacaff7c6edcbee1121d722fd324fcef,51b3a64c741e2cfc698923809ce737de,bd58509e67a40f5600e359c8cfe0f9f4f182b4d7,NexVoo.dll,5/31/25,It Go Pro SP Z O O,65DC74FC2995EC9FE2D2E7A616CFE915
d3ffec0441a13e29b7cc65f1cef548a55d929fb94a677456bfcb6b011ef07b9e,dc9be6ca3411a015f6e902adf0112f5d,759305d7c8d6c7ae236f1927ac5c8e75449eeb2d,commonbase.dll,6/2/25,"Meizhou Fisherman Network Technology Co., Ltd.",191E24F6C98E31D04F876A2E26E0CC71
ccd34de9ee3b6c4d02420a76a3625ddd9bfdee8cde0de5710726e6b2fe778cc6,81f152ef5dd4b373d11c30414b656d39,5f8de211dc88440829ddff1b9c6f2d3f4c887893,LogManager.dll,6/2/25,"Meizhou Fisherman Network Technology Co., Ltd.",191E24F6C98E31D04F876A2E26E0CC71
c6a09aa45cf4a7fc1633bf5fd85ccff7d3becdc03d112efbd45e81b9104baed4,6ce2907c2e37921656280a4d97c54e95,351e7d9e0ef83a158dda44110401943cdd97b3c2,WindowsFormsApp.exe,6/2/25,"Meizhou Fisherman Network Technology Co., Ltd.",191E24F6C98E31D04F876A2E26E0CC71
1a80f721ab125b88e5baf77dd2bf01be92ff5299665356621b21306a71c86672,e329be9f69ac44c388831184de54df7d,da410379906d769d1d4be47b3b351f8e93f761f0,WindowsFormsApp.exe,6/2/25,"Meizhou Fisherman Network Technology Co., Ltd.",191E24F6C98E31D04F876A2E26E0CC71
63fc28674a8df9cd3f0504432286e96c06c43975bd7205b9a89ababb917b1fa8,e6beffb8f5f261f00ddb810a36d6c5c9,1cc4d638bbd50cda86c658b5a8d5dfe65eb7e778,WindowsFormsApp.exe,6/3/25,"Meizhou Fisherman Network Technology Co., Ltd.",191E24F6C98E31D04F876A2E26E0CC71
651e8346c064176076bd7a2edbffd2741245ab74b618aae747036d95b917f93c,ca9db86659a74506b6d19f50ada2ba7a,51256f7256b9df14d7e06e429b5e665f8ac53587,651e8346c064176076bd7a2edbffd2741245ab74b618aae747036d95b917f93c.exe,6/4/25,Federico Fiorini Digital Services Oy,15460441B271C3759342B930975B90DA
11c7f91ea98a308d0bedc982e2074b799ea83fdb09f3a8c4c7b5292eaeedae32,59ad482c97bda751edafc888e87cacb5,2690aaf6cf340b164de457e9290d620fd93d78dc,NexLoop.dll,6/4/25,It Go Pro SP Z O O,65DC74FC2995EC9FE2D2E7A616CFE915
a56785630382f96f8cd10a7fe97f26631bacce95ecbec001da0fd7c6ae5cf701,2f1318ead899cf0ab3b84a16491146ae,f4205dc4e8b0a7ccae739f6397758180f24923ff,BugReport,6/4/25,运城市盐湖区风颜商贸有限公司,4FA68807EFBBD22B25622E60F2EF3041
308e9d12ede7141640e9d86b91de3c306b9e28afe74a69f0fd3eaa3923417832,7d3da96741dbfa83357f1498bba30bc5,1140f6c5d3813fdf8727221e1ee06cd118502afe,C:\Users\user\a81941c2-4256-46de-8d4a-5fbee55a8775@video\commonbase.dll,6/4/25,"Meizhou Fisherman Network Technology Co., Ltd.",191E24F6C98E31D04F876A2E26E0CC71
779d6cfc86a60f5aaf88caa1f3bffbdf76c895e907da9079e278b0c25b4ecc23,6c23ca3f34e3b193e1f908b6b2b3176b,48320572ee358cfc9cba66a16f28c0d4585cdc37,779d6cfc86a60f5aaf88caa1f3bffbdf76c895e907da9079e278b0c25b4ecc23.exe,6/5/25,Federico Fiorini Digital Services Oy,15460441B271C3759342B930975B90DA
ecbab1f64148013ad2f6681e7c3ca25e17832f76eeade1f31affa462ad79947d,82663e8f6ec5bc03572ebcc453115302,ed23ab309d1a3838db78905d6a9e11cdc26400a8,Flowus.dll,6/5/25,It Go Pro SP Z O O,65DC74FC2995EC9FE2D2E7A616CFE915
b05cc179cd27f72a3fa2070c09b896792348c50ce899af4307a6a95207d20051,67cee84c5065fff91847e24ae2fc357a,2c80ffa52204c59cbc17c9285cc2e6898520651c,Gpu Driver Update Tool.exe,6/5/25,山西荣升源科贸有限公司,0CBA02A32BEAB6BFAC34A7511A8B0E22
0520726ceea53873d246a268b6d1ed109cb04b8c33fd6b42693bf32354808447,80bbe91c80cb3f45f026e0e45dc4fda1,053df6c488da145cea8c7832501e9a792941d521,%USERPROFILE%\lgx\aria2c.exe,6/5/25,山西荣升源科贸有限公司,0CBA02A32BEAB6BFAC34A7511A8B0E22
ffff8a223a9cc2b6da479c0fda63b8ed23bb8aa16595f736c5e3fc64de8d6b58,148657558ae30e1f7b6368943401c287,dd9986a6f476325cc74a5c370f80ea02669a1414,Gpu Driver Update Tool.exe,6/5/25,山西荣升源科贸有限公司,0CBA02A32BEAB6BFAC34A7511A8B0E22
fd99ab9958c2a899e075ccc73e9b699b40e5f4086d3cb2b2a704aea9971fa537,9afa95a8d88145bd57ee8b4c0ec29f24,3ee293673b59e648182a17ed9ba120073fb58843,aria2c.exe,6/5/25,山西荣升源科贸有限公司,0CBA02A32BEAB6BFAC34A7511A8B0E22
87ab9cde5e872a98c8622dcab4b7c8d8a6706160f3aa113302ac676073f86fdd,6d92b977c723a5cac6e62cf3dd554b53,c8dea0608a1b7551d603a1f94c477d93a9e51d1a,C:\Users\user\d75f6c80-341f-4ad6-a738-64ade757a509@uu\LogManager.dll,6/6/25,邢台鸭梨智能科技有限公司,00EE3A88EF4AB47D8617E4EDC56736C75F
d1211f65b3536478e22a6f4d610d60f0aba56d64c3cc930240eaf1cc020e124f,fecb34bd5c6d6bd53cd751b9637cfb0d,fa63d6601ade3508c4de135b153c7e1cd75cb794,C:\Users\user\d75f6c80-341f-4ad6-a738-64ade757a509@uu\commonbase.dll,6/6/25,邢台鸭梨智能科技有限公司,00EE3A88EF4AB47D8617E4EDC56736C75F
441ef8aa13409660cedb9a557619f60cbf90c3f0d28f7191b8385a6d147acf46,7629416d02aae91c94b155bb24980c1f,f2260cb7767cf0d2233a419f8ef625a1718e27f1,WindowsFormsApp.exe,6/6/25,邢台鸭梨智能科技有限公司,00EE3A88EF4AB47D8617E4EDC56736C75F
05c016653471647aabc0be3d36fe94862290afc0f41a348db031763a5d8d6f46,3067ab4a36d0b8e64c852eae2c963f6c,046047ea9fd38ca496afcde073f1eb34ba5471b0,Teams.dll,6/7/25,"Meizhou Fisherman Network Technology Co., Ltd.",789F918EB4DDBC128EE26C48
103e3f16182a7da8b96e9b0510d80787be3e585705f46067687bcf91804df788,ef09f5d4392b0823e06e449be0b6c6c0,dccaef94b4cc2ef9779cfaf6acf370393d333d14,WindowsFormsApp.exe,6/7/25,邢台鸭梨智能科技有限公司,00EE3A88EF4AB47D8617E4EDC56736C75F
0fb32e51585ad64377baf72e89b055769574122c724a15959f3285bc77154092,42778ac1a1634fb508d4a7ee930fe286,d36fc9369be2f5a2e9eca87f86ed0c0a5802d29b,WindowsFormsApp.exe,6/8/25,邢台鸭梨智能科技有限公司,00EE3A88EF4AB47D8617E4EDC56736C75F
28681303787bfba91278530f16c03ab1705afe51c054294e0bcee89c2a61be94,a4f5e7a7f8e59e9634343baab1e67936,bb98a0d1201d3f6d08cfd3ed6e26a6b333982c21,WindowsFormsApp.exe,6/9/25,邢台鸭梨智能科技有限公司,00EE3A88EF4AB47D8617E4EDC56736C75F
47d43b6d5e2ecf4025b2ecac5443d0f62dfc46e0100111e9615d31c4b34069aa,f43204e1b0698dcca77cbbe641712cb8,4e01669605b51be01d12cd5f780344fde784d6de,,6/10/25,BLOOMTECHNOLOGY.INC,008B3F8F725F80DECBDB4920ADA8817F3A
986504ba1d04cbcec32a8bc9cf5eb4e77a6b9ee8c67549bce0526b3e2e448260,ee9294860146e70778cef959dd3e2787,9bbe6c791972653b5ac09b69a3f525dc2e3edda1,mxtools.exe,6/10/25,"Zhijiang Tangqin Technology Co., Ltd.",7491B67258319908F62F222370446CD5
881a35569c21030ad252f797bb1dadcc9ef0853c797b5ec486ba80e3ce380719,2db23eb98ea0d2870a8f0e11721d44b5,9be8e8fa97b5a3adb93decd497196e94724dcad6,,6/12/25,邢台鸭梨智能科技有限公司,00EE3A88EF4AB47D8617E4EDC56736C75F
d62dfb0d94b292d6fbedbe98757e796f886c32e8d29d347b7b0cee06e863fccb,8b6a359166ebc90e73497e922cc22106,61e3b79249ef0f6836e32a098abf1d111ac74bc1,photo.exe,6/13/25,"Eugene Investment & Securities Co.,Ltd",0497D45997C350D2867A7764017C3F3F
9df0f97fce2fb94788fc940bbff2c574157fc5c1f409af1c68f3ad574fab4dec,a43455a7ea4b3e7383a2d773ee773d22,bf24d0d23240b09fe05bbd192e3c3aa2944e27c3,wpsofd,6/14/25,"Eugene Investment & Securities Co.,Ltd",0497D45997C350D2867A7764017C3F3F
72b80d03407e36e824a19ddfcb2762e13c548be4af61fbb75252b26380144470,16583e5430e473986cdeef1904c90fe4,0d69d191d32189bb6b68b69bfd4088c770fa8f70,uu.exe,6/14/25,"Eugene Investment & Securities Co.,Ltd",0497D45997C350D2867A7764017C3F3F
8622ecb3b53f1b8a66902b9ec2b4516f40c35704d7351eda695c64916d898eec,71e044a40c10dd3fd8b0e11e67ee78be,5e6c5c5b88bbaefcddda09780596708f8daace06,MetaNet.dll,6/15/25,"Yongji Jiecheng Network Technology Co., Ltd.",36D5370B083DB9016FC1D1FE
b3e2b5093b638b776b0c7bfd05add64851b4d6239d3ac828b487f051063d8cc9,f669f7c6c005607cd935c4902ef3eac9,f2dad917b7b2e416166ac25b8f7518176e547eb0,WindowsFormsApp.exe,6/15/25,"Eugene Investment & Securities Co.,Ltd",0497D45997C350D2867A7764017C3F3F
f9ebdee82173f0cd71a90d189d89947952e23756651da241d675328616a35ea2,386d249e77c48ac1320d9990f0413988,b31dcf26a686be9c87a086aad1da2812ca640271,WindowsFormsApp.exe,6/15/25,BLOOMTECHNOLOGY.INC,008B3F8F725F80DECBDB4920ADA8817F3A
be55bd6a359f9e073646016d6a415ac4cea9703d5a9e06668bfbcdf1e4d7e716,3f2db09ed592a1eb97d0cbad96c39cb2,a3ccf02f37c508927abc0eb14366a859cc0f9e25,ConsoleApp2.exe,6/16/25,"Eugene Investment & Securities Co.,Ltd",0497D45997C350D2867A7764017C3F3F
bb686180ffe76fbc6e7d853550673b400ab6b92836e62f4e962c70be8c52029f,8ad12f66333bd8582c63f607778fee9c,447d1aeafacb4b812029dc8978a2482b275e4601,Fload.dll,6/16/25,"Eugene Investment & Securities Co.,Ltd",0497D45997C350D2867A7764017C3F3F
b6b71bbae56fb0d9895ecd15220752b00fb374dd880afacc78b1df1c108b12db,6478d08242faf07b9ea77d9a0a331d77,8e898c391dd133a848b1257002b6386c3fc52f8c,Setup.msi,6/16/25,"Eugene Investment & Securities Co.,Ltd",0497D45997C350D2867A7764017C3F3F
68af982a554ee0293d98e7b3bbc8bfd2d1c472a5736bd1045ce75d08554aa778,99b73e25345b8f2b270046fe935f5f3e,5b8d8c5bf4a7266e072fd0cfadc10e1e79302e2e,flowus.dll,6/18/25,PBT IT LIMITED,6D8954760DB07FE5C98453EC01214054
30e6559bc1a972a70d633d9fc00e50e0b369358664d3e41e47123d74eec59b1e,0ff94a2e6a1059128f2bfbde4d41b8d1,0df60bb0d931a86e5d830a8b7da4584294a40255,Installer.dll,6/19/25,"Yongji Jiecheng Network Technology Co., Ltd.",36D5370B083DB9016FC1D1FE
fdde9d0d5551401ea5a6a58bead6c8f482e7550134263c52b21be587d3f6c311,68118ebacabe6b914421f352d760b71a,e12f8bf02f2cdc772ca1a81fd0e704d539781443,APClewis.sys,6/19/25,Xiangyang Dianjue Trading Store (Sole Proprietorship),4C4C9F16877C6C8508A12BDD7C94607D
6238ab4df9667b528e874139f44969bef22a1adf3cd2a32a71abe4318f67f4b1,9d58281a899769933f0edbf7e668be08,0d0905ebb53b5e5ad77b6cc382614efa6d0fdc09,6238ab4df9667b528e874139f44969bef22a1adf3cd2a32a71abe4318f67f4b1.exe,6/21/25,"Hangzhou Saifan Technology Co., Ltd.",0DB8378E7C5F330A988848572F290434
a65e064b70b8947bac66a00ab7faa8c3d2c0ef95d310d6c33c2a8f17e454f610,440ed267e45962539ca9ba541f4695d9,1efb7b63a92e74a0b599391b19069f8682ae1c3a,,6/22/25,"Eugene Investment & Securities Co.,Ltd",0497D45997C350D2867A7764017C3F3F
d706e795442ab3b3a2ed7f5b3e921f4797ec75d1f544d5e914bac40d9387eeb0,7bb2a4decfe945e92af11b5e6b46ca60,d92c434b72fed78b0bae3fed50f7d7b45c83f343,Zoom.dll,6/23/25,PBT IT LIMITED,6D8954760DB07FE5C98453EC01214054
5f5b08a05ab53e6452ad33e448518ba69dd76b2798c39f03ba371809d4a68699,dee8fd23e1efda3c6f35c26df153e3fc,b5c90ff4e481224c33186b7f4284c394199891c7,WindowsFormsApp.exe,6/23/25,"Meizhou Fisherman Network Technology Co., Ltd.",191E24F6C98E31D04F876A2E26E0CC71
356a6878a5aa3d49eff429348020a42d3baf890c3bed0296d5f284f9ba1e8ead,06db3c17134b1859052452605d048ca0,14e266535d9dba7adfff651173c952b007dc492d,Setup.dll,6/24/25,"Gucheng County Sili Technology Co., Ltd.",609660FCE84EC163C3712C2B
702b3cbb82b82412ec9e969fdcb4b1a0f3b461163d0806c13f2e253a3452841b,9205d421a0593008354501a3e3023239,a5f917afb0f1533c74fa4be58f29f9046aff58fe,MuXunAcc.tuntap.exe,6/24/25,Xiangyang Dianjue Trading Store (Sole Proprietorship),4C4C9F16877C6C8508A12BDD7C94607D
2a7e8dfc294bd9bdf453ee5e1fc8a1c106e9c2efb96cd3fb4a5ba45f2172d725,8502ff51d3430bd212fd039ab0ac1eaa,df7b273476706661ffda98af3ee51ab6d0d427a6,wfp/runtime/Twitch/Twitch Drops Miner.exe,6/24/25,Xiangyang Dianjue Trading Store (Sole Proprietorship),4C4C9F16877C6C8508A12BDD7C94607D
0841bb0156515255c75dbde430cf41e84626099605ec44b8ad9258a7f9835339,4fcb4313b78b397be97097c4b681191b,a16951a7dbf22124315e5972ee8285ac23ef5490,C:\Program Files (x86)\MuXunAccelerator\wfp\runtime\Proxy\MuXunPure.exe,6/24/25,Xiangyang Dianjue Trading Store (Sole Proprietorship),4C4C9F16877C6C8508A12BDD7C94607D
c90042ba723ec3e5830da9658436b5664e85efb6de980b8f47b1254b1a15ff48,08469adf9115a0a3aa92eb424de915c9,38c19c7e376e840464a867e22ca0b1909b207d08,RepairNetWork.exe,6/24/25,Xiangyang Dianjue Trading Store (Sole Proprietorship),4C4C9F16877C6C8508A12BDD7C94607D
8b1771f061843059746ee1a4a2d44a00e431a27cd2eef67ad0a9abb7648c71c6,bef7c4206e9d43f99d5a5cf76eab6cb8,e3c024f71d799279e1d07562fc9ac402ab802f4c,MuXunAcc.Console.exe,6/24/25,Xiangyang Dianjue Trading Store (Sole Proprietorship),4C4C9F16877C6C8508A12BDD7C94607D
62e4525713ab76c7f78dcdc62397f85e8877c0bfabd09a27451cf47dfeb7bd50,a9400872993cf5b7d83448ec74f575b2,c41da03fb8062ea51681c7a3ad2cdb70c034e820,mxtools.exe,6/24/25,Xiangyang Dianjue Trading Store (Sole Proprietorship),4C4C9F16877C6C8508A12BDD7C94607D
61868f6ecf216d6b90788bfbd62ea8544e60b89b2fe9ebb9cae3b0ec273ad603,ab07e74189e8d15f2150321b5f5dbda3,c19ed3a33abec552664d5876f8bafc11a9080dcd,MuXunProxy.exe,6/24/25,Xiangyang Dianjue Trading Store (Sole Proprietorship),4C4C9F16877C6C8508A12BDD7C94607D
7c33077f64467e69ebbe4f5f2345d21550f948f9d73f90dc65638b1e34fcdeb8,c5d96e26f281190190c5bf67efdaeb24,717a56d24c17f4e325e455ce9640e63cfcea7b7d,MuXunAccelerator.exe,6/24/25,"Zhijiang Tangqin Technology Co., Ltd.",7491B67258319908F62F222370446CD5
e19b155e7f364c1509dabb8da763e71187b644a5f1bb4429656b2e77b20ed5bf,de02c4ce158f4d4b95da1d4ea7cc41d0,da7edeb59d7f5b60487b2f37547c97fcb56d97ff,MuXunAccelerator.dll,6/24/25,"Zhijiang Tangqin Technology Co., Ltd.",7491B67258319908F62F222370446CD5
bf712d11e52e250c9b1e29e83b844c1248ec2517fbc28a0ed23e4e6fd8bf1744,5c9fd934d2d7cb24679be91fa3bcf360,a5c50658f005aeb5a9f59d29b8696685f371ad25,wfp/runtime/Proxy/nfregdrv.exe,6/24/25,"Zhijiang Tangqin Technology Co., Ltd.",7491B67258319908F62F222370446CD5
3ce52af42e36385383ec04ace3a5818cbfa81455159e49017e10004e5bc73dee,4100ddce2409d0d1f0edd17eebb9bc7e,7d98694f60c68b5ba012f6585ac75bd171646dae,MetaToy.dll,6/25/25,PBT IT LIMITED,6D8954760DB07FE5C98453EC01214054
2b8205717c6fee44fbabb956d39448cc786361558c50db888ed7e18adbee9196,4453cab1a1b6e9c19684e0cfe4044bf2,83954c519b4f3fcb1bc4cc89a5d289976721d989,MuXunAccelerator.exe,6/25/25,"Zhijiang Tangqin Technology Co., Ltd.",7491B67258319908F62F222370446CD5
18b10c43bf2484117f83e144ce459a50d1c226f10e1f4dc46b74f62825da084f,f791f8777e0dc63bbe36005ba3f251b2,7ac8a6c07b8b9b0a88be9aeac192df3b19819c81,MuXunAccelerator.dll,6/25/25,"Zhijiang Tangqin Technology Co., Ltd.",7491B67258319908F62F222370446CD5
e18fe54f216555b19c51478c8680d21fe55dc22c5196065d435fe4bd8e69e41a,59f03e3f0a52fdc43dc17a73d97ce771,c2680274540b875bdb7ab1103440a57e2cc99a72,,6/26/25,SUNEX STONES PRIVATE LIMITED,5298A114ED373199B8DF7B68
b5cdb4e6d15eeb6d2b30e2aca2636aef71c30f8bfd52cde5322a2c250ab9f469,6a4b76fd36a66a3efbc21a552fbd8526,e1d2334eaf3a84010b43593ad3c058e987b482bc,C:\Users\user\lgx\nwinfox64.exe,6/26/25,山西荣升源科贸有限公司,0CBA02A32BEAB6BFAC34A7511A8B0E22
eb981ce7b8d85987a3c1a0c2b7146ce6f3fda2d5e50e334a99516979598ab448,8438396cc4f5c5e25d4d87376cbe4277,3acda475027ab206d47df2dac89b60eee02490aa,C:\Users\user\lgx\libcdix64.dll,6/26/25,山西荣升源科贸有限公司,0CBA02A32BEAB6BFAC34A7511A8B0E22
2d65322e02f249248589d090050b5c11da149569e171bab3a1a52035b35fec48,330e0f95318bb7cc1392887d57669b7a,7a46c9a632caa99cb8d00164be0cf2e6b5276b21,Setup.dll,6/28/25,"Gucheng County Sili Technology Co., Ltd.",609660FCE84EC163C3712C2B
b2e6568005a2c13658a31e6b20e80dd35751ac77d49f4f79e7d8af7524658478,cdec48098714d009d26d2a580f3489f3,236656a903defdb5caae92a63dce3a9e241577f8,WUDFUpdate_01009.dll,6/28/25,Xiangyang Dianjue Trading Store (Sole Proprietorship),4C4C9F16877C6C8508A12BDD7C94607D
a729fa0fb00cce83f403f9f7a3e6dbc0cdedef0c5e17b87d506c130b1514d5bb,0184606b2f44fde21a7e4199cb063545,d65bc093e2a023e3a7b82b9e22af4e083a0b655a,WUDF_UPDATE_PACKAGE_NAME.dll,6/28/25,Xiangyang Dianjue Trading Store (Sole Proprietorship),4C4C9F16877C6C8508A12BDD7C94607D
8b77e1c64d084d9b942460a96f3130b24ef7154e191488fabac0c90ac5a8c016,a03f7f77c4ff7628937e473fb5cb70da,0af66259d5aa3ce53644660edfc033b9436f1211,WUDF_UPDATE_PACKAGE_NAME.dll,6/28/25,Xiangyang Dianjue Trading Store (Sole Proprietorship),4C4C9F16877C6C8508A12BDD7C94607D
55467844e70cb77dccba120167338faa683d336d90207fff758e6658b9ee172b,ecde7cc20cb100774ba8b3e13cffa409,b0809875bb75a896a9d9c565c7d496769c55fa28,winusb.sys,6/28/25,Xiangyang Dianjue Trading Store (Sole Proprietorship),4C4C9F16877C6C8508A12BDD7C94607D
3840db52411f08a4c32712ea247f384f0d6f1b02ffa4c87d30d825b5e98cac7f,b751d9def88817515d8f71227774291c,82ca993aa90a99b979c2d56f1eeafff600440c39,WdfCoInstaller.dll,6/28/25,Xiangyang Dianjue Trading Store (Sole Proprietorship),4C4C9F16877C6C8508A12BDD7C94607D
30d5cc48c658fd8427c3cbd20d7b483bfd16efd52ef804ef50479c956b78c6f9,aee0d96d8731c46ea1776d30ae205c7c,b390794e6dbaf2ed0f385191d529fddba063af1a,WdfCoInstaller.dll,6/28/25,Xiangyang Dianjue Trading Store (Sole Proprietorship),4C4C9F16877C6C8508A12BDD7C94607D
e9dd6a9c9eca494151c0b683395c5162ae0aacdc1b830cfb2bbc10d0244e3d26,eaa403b2bc8ee29bd7fc4b9be9aadf3d,79303d39310ae627c81245ce25f999cb02553665,winusb.dll,6/28/25,Xiangyang Dianjue Trading Store (Sole Proprietorship),4C4C9F16877C6C8508A12BDD7C94607D
e62788fc8812bc9c3ac1e8ec96444f77300b17d8e3d6c4ea8fc28baf406b3b4d,170452f53a5545917292f4aa8e7ce589,a16041b0da86a1d851a1f64791785e8adea73a27,winusb.sys,6/28/25,Xiangyang Dianjue Trading Store (Sole Proprietorship),4C4C9F16877C6C8508A12BDD7C94607D
e2c1e3321d2e4b97e5426a5cc83d7d127683f43d9a8bc62d3165a52642885b5c,b07a0e55189d4aa472360c2dfc0f60d1,6d8422ba071acc69d9a9836f29ca017db333b44e,SETUPAPI.DLL,6/28/25,Xiangyang Dianjue Trading Store (Sole Proprietorship),4C4C9F16877C6C8508A12BDD7C94607D
e2a2b15b6d95d21aae395a5f9570f705c9018188339d2d89c37314f72e5be511,8c61e26e6a25736c7bee63fb81ef7105,9cecebbf2fa3873cd6f497dc22bad6b86b9530ae,WUDFUpdate_01009.dll,6/28/25,Xiangyang Dianjue Trading Store (Sole Proprietorship),4C4C9F16877C6C8508A12BDD7C94607D
8a9a80a4dfb4d9c1b21d8ccfa9a49ccb132536000a91e094062c430ac5af61bd,5f9db2fcbc8ac85e71492ad52fc3c216,519ce60be02518b00609679a2a2572ad021e2c0e,SETUPAPI.DLL,6/28/25,Xiangyang Dianjue Trading Store (Sole Proprietorship),4C4C9F16877C6C8508A12BDD7C94607D
55f54c5f958ab72f37ff349a9bc05cff0c0ed6e47be932dcb5d9b6c09f575138,f86de974ea4d7319b003d6dd3dd91e14,a7da00d671b1f38e112e6814e3c42c434af3ae83,WUDFUpdate_01009.dll,6/28/25,Xiangyang Dianjue Trading Store (Sole Proprietorship),4C4C9F16877C6C8508A12BDD7C94607D
1e47fdcdcc9cd41f2c6d57bb6fee9fc671fa6a9c4142ae3f9ea6418157891e95,55baab70ac13755776043a1fbdbb29d6,59d08012a8d7a34840a0ea9d3d419fcaa6be79b9,WdfCoInstaller.dll,6/28/25,Xiangyang Dianjue Trading Store (Sole Proprietorship),4C4C9F16877C6C8508A12BDD7C94607D
1cec8b0c04fe3fe58a30ef4f46e72a8527084d47f6c14e956d0b74b5f52b6f40,b2860662eaad8bc4d56a19ebafb5e401,dd6057600fdee41f6f440837373eb6f02940cc70,WUDF_UPDATE_PACKAGE_NAME.dll,6/28/25,Xiangyang Dianjue Trading Store (Sole Proprietorship),4C4C9F16877C6C8508A12BDD7C94607D
cc0f37ae4cc1febfefe50e8631f48b76dccec35b537649d4ece4d7d87666f08b,5a87ac6d309b131c797d3df0062e729a,9ddc838a307411b285eead45934c9f6ebb50bc7b,532525.exe,6/30/25,SUNEX STONES PRIVATE LIMITED,5298A114ED373199B8DF7B68
4a802433176d4678103090719cd052db50692b2755945e57717f28e5dc257b3d,66a0fb617e6e58c9a74cfaef7270af81,7f693dd9de9eed5b29acb7c8518b8ed77d3af325,Setup.dll,7/1/25,"Heze Hongwei Network Technology Co., Ltd.",1FBFB66ADE0146F9C61C6218
73bd6c0b1955e28c15a5481f4e15e0e386a692c1ed5fb37124ac0132e130fb79,fdaf5448583b84418627eefe7f9084fe,c639f43ef5657d21dd365874e47e64a145bed554,temporaryfile,7/2/25,"Gucheng County Qizhishang Trading Co., Ltd.",5E0016A3D3E00463E5BF0753D80CDED2
5425ce6a7a26b5b8325b24c9996970212bf0c1af5aeeaa74f0528469d7b7e671,c5f607719d10f2bb330109974dc860b2,171d6fa747795feb633e5b484c09d04eba18bea7,,7/2/25,山西荣升源科贸有限公司,0CBA02A32BEAB6BFAC34A7511A8B0E22
200fd8ee1337b2ea9d6fefd04dc62a42d3eeebaba9811a944770ad6ac090b2bb,6fb1c80610cf10461e8a5c2c53b971d2,64ad83997ccf6b501bf3439e680c4f617b558cb3,LetsVNP.exe,7/3/25,咸宁创翼互联网科技有限公司,0F4B2115767EFD289B85292362B118AE
fcb06871616d636567fadd74e7904c9fbda55e56f6b007a2b299f3751a10bd42,e72167603961c25fb6adfcd102e488d1,44c9aedbd2d0f21f155d90002e830083939fd4a9,tracedir,7/3/25,咸宁创翼互联网科技有限公司,0F4B2115767EFD289B85292362B118AE
017c0382e5392e940c00601c14ebafbde0ad43a7f645d14a4d42ea4400ad080b,64101823b9d70755cddc8ba8463714a2,06741dce6ec9748b43e940991d0715eead90ccab,LtesVP-laste.exe,7/3/25,咸宁创翼互联网科技有限公司,0F4B2115767EFD289B85292362B118AE
efb543d772b996864c22353c2edd69d8dba6e8316a2460377c887df5b47e2f5c,a3d86053b51a1f88ea608087744ab29f,406602d1bbce60456d5ba689552a73713c114335,Launcher.exe,7/3/25,山西荣升源科贸有限公司,0CBA02A32BEAB6BFAC34A7511A8B0E22
faf1f944a96e112ed2eff1bf1d5154ba25f8793feedec46eaffbedb95ac95149,01c9648ca82de2f378ba983279608af3,9f0249c0dc0e063de220f7927eaef633d5375e3b,Harmony Setup v1.7.exe,7/4/25,Olepole LLC,02229C110CF8795398A98735
dce96f220fca15e105160d35cddb9022207da667c22a6607ea1f3249b0653287,6ac05b077ebb35875f41b25630715e93,9cc60a6dde054a4c8c152592fa8d664f70a7c425,Microsоft Tеams Livе Sеtuр 7.10.1.exe,7/5/25,Olepole LLC,02229C110CF8795398A98735
aa6dd29f246229d25f91d3c34cd1df337d5788e3c9dc432e80ebf53fb58a0537,8cf9ceb0c43381210e35bcf1527b546e,873c5abaf8ca601aece9bf55ad67c7be2b212908,UpdaterSetup.exe,7/7/25,BLOOMTECHNOLOGY.INC,008B3F8F725F80DECBDB4920ADA8817F3A
9b64f86222c6f5a8043366c979350eae796189f03795c03d45cf73f2d7d3e277,bc412097cc158b3cb04f06352744fae7,a9295db84d73bbf37fd813e97073e85b166765fa,safew.exe,7/8/25,咸宁创翼互联网科技有限公司,0F4B2115767EFD289B85292362B118AE
8e553d3116333cf092a7c3f34d23d59f275c65bcdd188a6ca6bb7b43aa0ec4ee,80c67e7e618c67e3fe2ac27d026f37e9,564548c59372e290f2533d4fd1060cac2b6a4dfe,Setup.dll,7/9/25,"Heze Hongwei Network Technology Co., Ltd.",1FBFB66ADE0146F9C61C6218
a5b43a077b7d54d21295bdb1df92339da672140fbdde8593ee9dda14919a42a7,1771b3d70452769be4761f8b05909a35,f8946e5c2d68cc2d21e68af6d04d2f928670ef01,,7/9/25,山西荣升源科贸有限公司,04EB8615F356CF0F5BF4DBCD08238DA4
f5bf815305b707b8dc5800b6680e76fb2bc7fb61dfabca5e0b717c4d04f4d3fe,55d7eab9aaba6511533668508303fbb3,3466b774d91ae2e6afe9f6896375374fa9c6cb21,Launcher.exe,7/9/25,山西荣升源科贸有限公司,0CBA02A32BEAB6BFAC34A7511A8B0E22
9938cdeeb10080e79aad8feff20aeb97afe82e143c76de1232a418f39a7ec577,2780833781866adafc938e10a3c794c4,1381e15c4ccae23ca3ca1025ab2a3f4e7295d538,test_mers,7/10/25,咸宁创翼互联网科技有限公司,0F4B2115767EFD289B85292362B118AE
cd132501c44897710c4d38785bac3626519a54f42a3b9de235f8471019e64a88,1997981562360a2409459b7d4b3c8ca4,aebe9eac8493fc7a8881f7630e5953c46225e361,Letsvnp-laste.exe,7/10/25,咸宁创翼互联网科技有限公司,0F4B2115767EFD289B85292362B118AE
43130df9d6c99e0d01470a57e0a21215a9afbb1c9b191e1b86fcb046316de6d1,7678ba7092c658fb4ad3908852277184,98079ea87d017add7dc8f17ff96d81065316220e,ChromeSetup.exe,7/10/25,Xiangyang Dianjue Trading Store (Sole Proprietorship),4C4C9F16877C6C8508A12BDD7C94607D
4197da71fd45adddd77c5510107c7b0cb8a038a06cc3a849bdd4960fc5a4dcb3,f94a1130cd6d809ba16f2bb73cc5bff5,752dc7750d3434859e0f77a541911e9d77b8a33d,latest.exe,7/10/25,Xiangyang Dianjue Trading Store (Sole Proprietorship),4C4C9F16877C6C8508A12BDD7C94607D
0a296c6fd8a5ea6dc517e886793499547a6e2c9ab554b553637546d822841ddc,45f015943d66fc1c58f91913d62ae546,b0791342028f69f637682f2595a5964e6c3dca47,win32quickq.exe,7/10/25,Xiangyang Dianjue Trading Store (Sole Proprietorship),4C4C9F16877C6C8508A12BDD7C94607D
c337edacd0bc0051799044c0c15b62a46fb041b215dcbf0992ded0d0469d81ae,893564d3054b7775b55129561e9c5c05,e942699f1da7b0285cd529afdc7e695460180b0c,PVACreator6-Installer.exe,7/11/25,Keroro Software LLC,0A04CAF1BB3BC17A33C6E155EC4F5883
8c1c96276b960a2c5e259928532a8a2b0f7929ac276c2d73447a219b2c75d2d4,5a57e819bca36bb6bbce0a1c109809e8,a79d3f73867010257186f23b5c1f0cb57a0479e2,TokAssist-Installer.exe,7/11/25,Keroro Software LLC,0A04CAF1BB3BC17A33C6E155EC4F5883
87d1200aa764ca965bc241a35c58728fab112617d6394bfe0c1ee82fab87f129,3142b497e5d99a99e79fbf618c013038,04faae102a7e20f1fe1469f6c92fa365871ee1f9,Microsoft Office一键安装.exe,7/11/25,Keroro Software LLC,0A04CAF1BB3BC17A33C6E155EC4F5883
b06ab77fd0184c17053c380a415696ba0ce61bca45943bab80b48e59665cd974,2df2f4641402b7f45cce2ddbf3b73d67,ebbdb7435475b4d1fa58457e76074683fc713f76,TbCore.exe,7/11/25,Keroro Software LLC,0A04CAF1BB3BC17A33C6E155EC4F5883
2390660dc5758c9f849d6b009dba49790489611b0d414340375ba9f363b20c38,dd4d891ce393c6377f71b40b83197b12,4fc327f11bc5adb6032223265bf72d904dc64ea1,TokAssist.exe,7/11/25,Keroro Software LLC,0A04CAF1BB3BC17A33C6E155EC4F5883
920b208500b07d1596db1223617c78168a76a07ac0d1195e707eb8c0cc9e6197,8d54ef0c83e2e46bcceda25a0f0d69d3,f3b0db2c3b8a8af380b7330272776c41b66a4715,VPSCore.exe,7/11/25,Keroro Software LLC,0A04CAF1BB3BC17A33C6E155EC4F5883
fc49621935cb6483a079fd2433b32e9d5b3381abdcb8d8ae64dad3ddbd519c09,cbae2daa7e8c037965cc35d4e284f498,15e55d6466a7a156e56ab05f069ec3462a266dd7,TubeAssistPro.exe,7/11/25,Keroro Software LLC,0A04CAF1BB3BC17A33C6E155EC4F5883
b211f881dd4c1a6c18a52dc50116b3ef709401778c26215693f9ebd07992f490,c5f3822664f51c43f33c1a3a3ec0fee2,c36a4445f1d6b94dc23d39cbc43efac9534c4697,TubeAssistPro.exe,7/11/25,Keroro Software LLC,0A04CAF1BB3BC17A33C6E155EC4F5883
16f4fb7afc153f9219e62c2103beeadf6dbc9009fc257e5e9eb7ab9d7038afd7,4a0f1a69165b4198a0833e08b79379ec,b14203424740af8ac92c2038cc65c8b19335aca0,TubeAssistPro.exe,7/11/25,Keroro Software LLC,0A04CAF1BB3BC17A33C6E155EC4F5883
0736cefc6dc047c75151abc001f4ebbbc884bf97f843e513a2b2a74b328cb5c9,58e386cc0bf2c0444ba3a955ff1da440,9034e91ea973fffb51de5518b3461949b68d5a3f,TubeAssistPro.exe,7/11/25,Keroro Software LLC,0A04CAF1BB3BC17A33C6E155EC4F5883
aae7d45a11b145b01b027f19951aa595d4c9c3cd83740f470ca971930d452591,5b20c1925d6f4643a6b8ddebf9e38905,0e4a5410ca618b871edb234bbab38b42daa70405,TubeAssistPro.exe,7/11/25,Keroro Software LLC,0A04CAF1BB3BC17A33C6E155EC4F5883
4ff8a84e5fe0f1d38eda60598bd812ff4f0609bf956a8aba43a9bb9d2c82658a,1b8428d515c355d432fe62563c1d1366,c06ccd39c55004e8a864a65813385604b6afe355,TubeAssistPro.exe,7/11/25,Keroro Software LLC,0A04CAF1BB3BC17A33C6E155EC4F5883
980a5fe43f68a6b815f04ba48d328573c5cede34441d438da650ff1920e1cf95,11f5e3327d05f17e21fdfa8d4da25540,9cbac266f9b1fc9222e10f9a78885fbfd58a7623,PVACreator.exe,7/11/25,Keroro Software LLC,0A04CAF1BB3BC17A33C6E155EC4F5883
db7e8b15522e674f69e6fd46098a9c4f5590a78af5038e98bfd5f33273b1db2c,cd210273739d4f3d7745bbd98a9b95fe,f87b6d0f6753ef673ac48a9e01bd1dc0d0bb5188,PVACreator.exe,7/11/25,Keroro Software LLC,0A04CAF1BB3BC17A33C6E155EC4F5883
e9495f838b05adbe5f15ee68fafc114ed82114c5ef4c0d5b16a96567c81369bb,6ce6007a026ba783147e9bd83aa97b60,025f0537134f0f65c142ea66f31ba90d0cf5e920,PVACreator6-Installer.exe,7/11/25,Keroro Software LLC,0A04CAF1BB3BC17A33C6E155EC4F5883
bf43a0db514cd09c69a306e3f451419753714439df2df05a0e3e71bed159f7f9,dde4a7733f17e45aea5029694ece1c90,dde2259eedef2007b7860816b335dcb55fa877e2,VPSCore.exe,7/11/25,Keroro Software LLC,0A04CAF1BB3BC17A33C6E155EC4F5883
9dcaaa1f76ea81f0f3dce0eda4d93c0d81358e3d0f3988d59e0c57cff4f7b167,ab6a69e1ad2ffd33e056d0d68eb49b36,81db874998fa82b99bb7a38fd2965e540ceb3bd1,VPSCore.exe,7/11/25,Keroro Software LLC,0A04CAF1BB3BC17A33C6E155EC4F5883
1b1b7921baaeb2dc67d3338b75f6718fc77d490906457b2030ea3e24b452d98b,c22e8102b540013f60b5f5886d4b99be,3c9883cf1565059cba666b06fa02ed74bfcaeb3b,TubeAssistPro.exe,7/11/25,Keroro Software LLC,0A04CAF1BB3BC17A33C6E155EC4F5883
942db4187cff00b387a667e51da245df747f81b56419d17b3f53a2eeca226278,119a5d5d620456354fcbd4088e1af8c3,880b010f0068f204ca24880f1a4537dc3762d6cf,TubeAssistPro-Installer.exe,7/11/25,Keroro Software LLC,0A04CAF1BB3BC17A33C6E155EC4F5883
7462f382d4f8db0ff20616c7105eb34b1f95e09f270b8f6f7de102a9b41045a3,394ab6ddfb151429317d74cc8e7ee865,389cb1fd4acc06b07e2df2ceb22aeb175b698ad6,TubeAssistPro.exe,7/11/25,Keroro Software LLC,0A04CAF1BB3BC17A33C6E155EC4F5883
09fdf92e0de6e075d50b47539f493562391f3cc689d7f465011a693536cc3560,b682feaa2af90d90731b0846f5371a4b,ea5c53e89c512506c3692ced3e007e27c4f089af,VPSCore.exe,7/11/25,Keroro Software LLC,0A04CAF1BB3BC17A33C6E155EC4F5883
edb4c4818bca11352acbd421b1a081e83c0727ff37ee8d71f980d2753043a1bb,18c7ea1dd817924cd438629bae1769a6,f4a193b3aebf97d874d6ed3aa452adc8cf805c54,VPSCore.exe,7/11/25,Keroro Software LLC,0A04CAF1BB3BC17A33C6E155EC4F5883
6989cca8173da84b85ca26f5331baa5731c15e6dbee0c21991295ac6fa22d76b,c8f7806aeac9ee71bd5553d872644c5f,b853e838762ced9813add6dc3b87ee57c3f8718d,TbCore.exe,7/11/25,Keroro Software LLC,0A04CAF1BB3BC17A33C6E155EC4F5883
7ba822f6165e9a5312d83f00cd6d5aa6310bf356a893e2322554f74539866096,2c9965cae385830436fd469fa029b572,ed071bdef40a44ce09c82983f7d8904d0f7f40a6,TbCore.exe,7/11/25,Keroro Software LLC,0A04CAF1BB3BC17A33C6E155EC4F5883
8e626fdb6dcb97be4d582790c4ae6c0955ca37e4ca66c90ca5b9bbd6ed50dd07,e20c42e6fa0df03a9edafb7bfb10933e,6e3934b9b2971d3922cc0a1149f41a77a8d60b46,TbCore.exe,7/11/25,Keroro Software LLC,0A04CAF1BB3BC17A33C6E155EC4F5883
1ec124896328fccc6456986ed6b644ca6afb14ffe27ecaefc4a1dab1e9db6839,0dad6a457a2ae08123f817af9ff26eeb,a07f2c3b8bfca6458f0ca48e36110a3e11173eae,JarveePro2Core.exe,7/11/25,Keroro Software LLC,0A04CAF1BB3BC17A33C6E155EC4F5883
ca7a0c39d437f0136e82c6f928ba6bfd835fa38da8413126a79405b04e9d1940,ae33df14a706732d62de3944a98f045f,3466d0cc08583713505b14e51c1cad35d24dbf19,AIOSTREAM6.exe,7/11/25,Keroro Software LLC,0A04CAF1BB3BC17A33C6E155EC4F5883
cb44b2efeda2bfe69895d8aaebadf654b6242593900c428ffda2540b0af7c724,a4baf15df77ed5c219e59e1c390d881a,a835f10615f712050734aa35f93219850dc9f627,TbCore.exe,7/11/25,Keroro Software LLC,0A04CAF1BB3BC17A33C6E155EC4F5883
148ee75248d1e11c1480065f1b0175c353d6d64d58d0b08019a4b5e19553bc87,e16999dcc8aa3e9d6b41bf29589feca9,e027f8de2bd921a620f0dd0e199bd66fc74ff9ca,TbCore.exe,7/11/25,Keroro Software LLC,0A04CAF1BB3BC17A33C6E155EC4F5883
6c49e78c527e8aa83d82003a9f8a060b7e1bf5f3b4597124bec8975ea17e4ce7,b32e478d67b04a902f5ec714fbdec139,f3776d09f3dfe84d666993aa7ceeb4c79d97759d,PVACore.exe,7/11/25,Keroro Software LLC,0A04CAF1BB3BC17A33C6E155EC4F5883
5e407267cdc5451ce7a90348e8cb9d0735dfb814fe859d07bb9e8bc87deb748e,a2305af1594d2da59c2f038c1611a1b7,ccba2ce0b4c695853ab3b8c2ff48ff169f785475,PVACore.exe,7/11/25,Keroro Software LLC,0A04CAF1BB3BC17A33C6E155EC4F5883
e893f58194592d6e7f214d6ed39056cc1bf6403ecb52ae6dc960a444778c9071,03f91a2b622d3d4233eb794a2d05bc54,5509e3e89d3889c64520ac36928bcc87310b62e5,IPFarming_install.exe,7/11/25,Keroro Software LLC,0A04CAF1BB3BC17A33C6E155EC4F5883
a5b0eaf3389c91026754ff7ea95a98c81ad8c383ca268e11fe488b84e948b85e,1721bd43b8e3845fe56313a3b203e90c,32b8c9a8f475d3ff9cce6a5e9ece887afcb74506,AIOSTREAM6.exe,7/11/25,Keroro Software LLC,0A04CAF1BB3BC17A33C6E155EC4F5883
fd6a6c272bc0ce8914d2be5fdc7ddefd1ba5790484f28ba91071dd9efab93dad,f0e3f62684f586d06401c05275af068b,9b86a7448c78f66198ee5e5028c54861e766a850,AIOSTREAM6.exe,7/11/25,Keroro Software LLC,0A04CAF1BB3BC17A33C6E155EC4F5883
14bd65b9ec17f8f38579a1e55610d375b383dda72c8bd8ea4173d916a330694a,05182f67b5167d635520212e742506fb,4d1daf3a124b44447ec03960bb0811fed922074e,eletype,7/11/25,咸宁创翼互联网科技有限公司,0F4B2115767EFD289B85292362B118AE
e1252df973481a44988ae7cdd2ad9916d298b481d4fb8bfb997fede0653ff43b,99856d6b714792382fd02ca34d11c7c0,a88ca38e36a188b0c19700016ac0cef6f49d02f2,LetsVNP_X86.exe,7/11/25,咸宁创翼互联网科技有限公司,0F4B2115767EFD289B85292362B118AE
2f2f6927eca6ddebea2c0a0e9d3390c99c5d1ddd88807bcfb12a36060b7b0fe0,322cc6d5b4c390db7f78ece9179917dc,65e9b0de4623cbed4ee970a133ddc9ba6de85d76,C:\Users\Virtual\AppData\Roaming\ChromeSetup\ChromeSetup 11.0.0\install\0B216C5\CommonAppDataFolder\web\libcurl.dll,7/11/25,Xiangyang Dianjue Trading Store (Sole Proprietorship),4C4C9F16877C6C8508A12BDD7C94607D
dec65b86b895908f7ec0365312701cfa5e7a1f06975519529a9d8c0541f9a423,6588d9fa30d126494bb6d4b35770ab09,c6a0fcd76a5206e604a45f97ce8058d1102f0a90,C:\Users\Virtual\AppData\Roaming\ChromeSetup\ChromeSetup 11.0.0\install\0B216C5\CommonAppDataFolder\appdata\libcef.dll,7/11/25,Xiangyang Dianjue Trading Store (Sole Proprietorship),4C4C9F16877C6C8508A12BDD7C94607D
1d0d4a790228f3093aae7769fd1bba5bbaf05828577f2463a900bd8bdbf82dc0,2af75acf97597f4e19ab1c72f98d53c4,f80899b34a736865635da6281ad0d676dd0a2373,Youdao.exe,7/11/25,Xiangyang Dianjue Trading Store (Sole Proprietorship),4C4C9F16877C6C8508A12BDD7C94607D
6a86e03548654a070ceba93ac2cd83234402f2ec5e31c151294c12614b0c31a5,2488db496f0ab274d19b3b1efa958f5c,fae609a6034d270f3e76044a643e9a9fa95e2296,Gpu Driver Update Tool.exe,7/11/25,山西荣升源科贸有限公司,0CBA02A32BEAB6BFAC34A7511A8B0E22
b3d624c2875c844d46cf71decc1f65d29eaa2ee10aabe224cc03e4a9bfc390b9,81d2132124ce052276f7991eb2a831a6,063f08056b9b579e71499df0b59ca4ed8ce87a53,7z.sfx.exe,7/12/25,Keroro Software LLC,0A04CAF1BB3BC17A33C6E155EC4F5883
ee949b27ab5f5cd256f7a38aaee4ef8da0fb075ab75c36bf61fef66caba17ff7,3f6cc30c24db705ff76c6c5693e3468b,3779556b9ba4b8e77b19cb7a841467e445fe015c,/home/petik/ss/malware/2025-07-14_3f6cc30c24db705ff76c6c5693e3468b_black-basta_elex_luca-stealer_metamorfo,7/12/25,Keroro Software LLC,0A04CAF1BB3BC17A33C6E155EC4F5883
d939cc58fc281d96c727fa4f999b71f03941349cc863f80cf832530941051cb3,3e5c8d812324963e3a3b1397938c8ff2,347d6bae292ef1fe2766bbb177d98a0616103e1e,/home/petik/ss/malware/2025-07-14_3e5c8d812324963e3a3b1397938c8ff2_black-basta_elex_luca-stealer_metamorfo,7/12/25,Keroro Software LLC,0A04CAF1BB3BC17A33C6E155EC4F5883
c9fbf49587a56ee6b02214517268a47de7856df459b7433cad21e3ed9725812b,50614ae423f98a0f67e19c4c7cd975c8,0ae7828870af0a5f30ac6041ac736b2c6084fc96,ArcGIS一键安装.exe,7/12/25,Keroro Software LLC,0A04CAF1BB3BC17A33C6E155EC4F5883
a6719873804fdf87b50e9e56cb2188b4c9b8ae1ca7538f2a609b352a506759b2,893f4bc3cc5183091400b97076a52e3a,93b55acbc4e1f6b60745855c0043d6ffcb0b85ee,pointofix.exe,7/12/25,Keroro Software LLC,0A04CAF1BB3BC17A33C6E155EC4F5883
fe18d64e21737978772e1a01a904d3c2d026927dda882b7f6ddce9f7a14d987a,95c56e79adb12d1427c72108d14813a2,7d7d575abfdac3fe1a2e2dd5a45eaa38ba3bd380,7z.sfx.exe,7/12/25,Keroro Software LLC,0A04CAF1BB3BC17A33C6E155EC4F5883
59a9edf5719fd9ceaa520354ca33386ba7bd9c3cabff00d546d57750d7d9b28f,f6c45833de14cf96bc43282138d938ac,e2e70bca81945c503d357867fb085110f9bca994,Ltesvnp-laste.exe,7/12/25,咸宁创翼互联网科技有限公司,0F4B2115767EFD289B85292362B118AE
e3d23adf9a674e74e92c94181c4a7f224399caf61a218642bc2ef5967fec4d1c,c553e08ca5d6a558bc98cfa7e8421bcd,88a7d83c1efe1c79972a0f045dddea65a9f5bac8,/tmp/cache/extracted_files/88a7d83c1efe1c79972a0f045dddea65a9f5bac8.bin,7/12/25,Xiangyang Dianjue Trading Store (Sole Proprietorship),4C4C9F16877C6C8508A12BDD7C94607D
123baf5762064dac90572c7d7815f47ad4dc930b0ee2f14939cac54378cb25d9,aa243d7457d49510ae8d0a7030c5e733,b12b8d9577570b66381f3125441eb622b0ae0007,123baf5762064dac90572c7d7815f47ad4dc930b0ee2f14939cac54378cb25d9.exe,7/13/25,咸宁创翼互联网科技有限公司,0F4B2115767EFD289B85292362B118AE
64066337db2d2b51d56b7072a0e07903e670f0d33a4d232dd5243dad94dcd273,d8a8acfbf1ac0942c24c4c79ebc75c61,5fed5436d61cfbe30c8a121b7d2dca8784047ca4,c:\program files (x86)\letsvpn\app-3.14.2\mpclient.dll,7/13/25,咸宁创翼互联网科技有限公司,0F4B2115767EFD289B85292362B118AE
ee5110f4d15e007ab8b6e76d9781dbfdd3bed37a2ea376ada82626e145dd2c96,c9c2eca5276fcbb3beeb4cc751554122,24c393e4e6421a41716f379439195184f1eca49d,Lets3.14.3.exe,7/13/25,咸宁创翼互联网科技有限公司,0F4B2115767EFD289B85292362B118AE
6003e71c5c8d408f92c8f517bf6a4c4115fb50bad0c939d9d761b2287efcd29d,eafde35587903cff8758a23e99b79592,0432c87c5ecf6dc3bae7a7a9991c9da6e55a5f0d,win32extec_xml2,7/13/25,咸宁创翼互联网科技有限公司,0F4B2115767EFD289B85292362B118AE
f47072d1e6dbc8332d0c2ec022ba4db11866f38d5c0925de1686794bd79b2c2d,0b132a96a6a2a6c4a53dea45d94080e8,162df55ad80af42e080c46f6184e55cdd3a8582b,QQHong_0b132a96a6a2a6c4a53dea45d94080e8,7/13/25,咸宁创翼互联网科技有限公司,0F4B2115767EFD289B85292362B118AE
080c79c776af81bf6d9f3edb8f5d65d90b1f7ffe31d5d27479bbdd9eec4e2a05,ef5c091ad4f6f22705b3229bdc132a2a,0854b97e1e24e6a530951080b2773c7fe2377f03,letpro.exe,7/13/25,Xiangyang Dianjue Trading Store (Sole Proprietorship),4C4C9F16877C6C8508A12BDD7C94607D
f9558bc823e5f3ce4b88abcee8cb26627272dcc50290675f8314136d1d02b370,a56f7c79def2e0ee8213d82d13d25058,f456a5cf4cfa4b38d06580c0f70c3e334c77088e,Setup.dll,7/14/25,"Gucheng County Sili Technology Co., Ltd.",609660FCE84EC163C3712C2B
2456565ce958e46bc919a83236fe78afaa04d2001e052d105ddf6163662efb77,f249f7b6fba4f404169b0f973b62b9d0,3b719b317c3c01b5a12c212feea86ff19a33d77f,FlоwUs Installer.exe,7/14/25,AASIM MEDICARE PRIVATE LIMITED,3C720E116FF39685FD1BC018
6e5e2cc49f4d26964199d1db8dd9fa1389e000a2b10d6eba45cd24bd61476ea2,ebb4ad68cd4e7c016c2c25c9d4aa4582,1b68a0debb8be467ed2972159a5daced4aa60de3,lanruizip.exe,7/14/25,Keroro Software LLC,0A04CAF1BB3BC17A33C6E155EC4F5883
6d3a62990d680de5e159f32977a2df32814310ff1f9ee033ccb43fb37eabe599,4d39103bfbe19a8ac1dd5476dbbe0153,7fc6af539101f9076bd241cf56be5546e47210c7,PVACore.exe,7/14/25,Keroro Software LLC,0A04CAF1BB3BC17A33C6E155EC4F5883
fe823fe221bcfd3357bd48a911bf0603700aa4eb4f1d629d58ee61837b3b5d38,8d37c0c6cfeb4be855d92bd8aac9af5c,9997a1d97479912303e3e5f60b07cdffc5fd626d,PVACore.exe,7/14/25,Keroro Software LLC,0A04CAF1BB3BC17A33C6E155EC4F5883
ce30e521ead4dfe45b8ef9ad72a64a5d527c140c84b975489d20d0ba848a39d5,fcba410faeda63bd7b8fe829c4a04854,e30e6204f06967cbd1131fddbb840cac0c275e0d,MuMu.exe,7/14/25,Xiangyang Dianjue Trading Store (Sole Proprietorship),4C4C9F16877C6C8508A12BDD7C94607D
2692bf732eba3c6abdc67400cacffe124077b81421671bb49f39bf441d46705f,15fa45f1f2f3f8bf6ad99c5b4470aea7,3529b3d5dcd4866c5abb917f78e03fd3a8ceb666,eosmsgV6.exe,7/15/25,Keroro Software LLC,0A04CAF1BB3BC17A33C6E155EC4F5883
c50718dfce831093f186c29b29b4e83cdab730d176897a7dca74c3588ed62c4b,9170a91da079e39af0466d0a2462debc,3cd4c1c46fbd235ddd6e11611ef95abd7142b519,mlvRead.exe,7/15/25,Keroro Software LLC,0A04CAF1BB3BC17A33C6E155EC4F5883
1b59ab921d4429baefe5f138bcadc823d6da4af110fcdfb1f448b5869f23e1d6,a036502d9be5bcca87b65122dc430632,12b058c1bfa587b369d33b2855e4a706aa33d9fd,=?utf-8?B?5pm65a6d55uS5Li75pKt5bel5YW3566xMi4xLjAuZXhl?=,7/15/25,Keroro Software LLC,0A04CAF1BB3BC17A33C6E155EC4F5883
710837069ce3bfb7b9fab8710f38d70028e2ca1e16ccd8ede25562bb0da5a8d2,d19dac65fbf8bb34b8115cf2795cd431,56534b587d69b9670cd123a38521e7f389216c9f,eosmsgV6.exe,7/15/25,Keroro Software LLC,0A04CAF1BB3BC17A33C6E155EC4F5883
0952b82df8506fee47193f3d21404d9f3b18ddb5a017bbb858b10c1a2b5f7746,3da44895c236b19da279f2ab482af333,18d0e1dbe8b84dedebcaa62cf9829000626803e0,eosmsgV6.exe,7/15/25,Keroro Software LLC,0A04CAF1BB3BC17A33C6E155EC4F5883
7088cdaeddd814218d4db9316b21835b5e1e08765f5ff901762a2a56e1c0226f,ba63c5f4bb74dcc72d7255bf398afc72,63b1a2d163dde5a04be97e53d0e8f675ebb83f1d,eosmsgV6.exe,7/15/25,Keroro Software LLC,0A04CAF1BB3BC17A33C6E155EC4F5883
1f7a49bafb3b2bd08e67ebe9c610d47bca42e5ce92f8ff2e9fe41c425ac05552,73ffb3170b1cd061f955e7e6b5492edf,8e6b6d799844d68a712dbc828563954e55781a7c,eosmsgV6.exe,7/15/25,Keroro Software LLC,0A04CAF1BB3BC17A33C6E155EC4F5883
c030243226f9aa9afce58a919f4ebd7b029853884bfc9c47a969ab25cf2b1421,e7d028e63df88d2b0723408ef93a9c03,57dae920d8ed2847fa5ae955f0083d3b95809ea7,eosmsgV6.exe,7/15/25,Keroro Software LLC,0A04CAF1BB3BC17A33C6E155EC4F5883
905c56dde7405ff1719791dec0e69cec06fc0e40793fd95332811c5877b4a23b,9511ccda09f2782d44f5888ebfaf4fe8,bb6a571fb2d3c8a96598dbe32c4e590af084d8ec,eosmsgV6.exe,7/15/25,Keroro Software LLC,0A04CAF1BB3BC17A33C6E155EC4F5883
466f9e1b80a5e56604a660f81a8e49d27220fff85bce807a6e3b41c747dc656e,ac5d7daf79d5ea6c442c09f3f7cc5926,64c624d2f31636d430ea559710677eb2915000c0,eosmsgV6.exe,7/15/25,Keroro Software LLC,0A04CAF1BB3BC17A33C6E155EC4F5883
1a44ad2af8d1c78e40ba4d283a3fb04409acebe6abc104138caacc8bcdd68cd5,e5c5a6e007fa771d445b68a09f25c205,87480105b0fa33bae7f3869ec27167c6d8d2e26b,mlvRead.exe,7/15/25,Keroro Software LLC,0A04CAF1BB3BC17A33C6E155EC4F5883
710c7216660999e7d30d6fc6630513afe29a9c8de5fdd71153b19e1d70d1cfe3,b2db01c75cafd4678e370212aef1cdca,1f885a998516ef7f085a8b92c40148d4cef481c4,LetsVNP.exe,7/15/25,咸宁创翼互联网科技有限公司,0F4B2115767EFD289B85292362B118AE
466147c3e01df557ba9718a2ef48b1a4178bd5057fd5bc164547777d5f967fb8,2f53ba7c144cfa08413d44dfd4313423,c1de32076e030ff9c3a5eb78af449f68c039d2f5,LetsVP3.14.3.exe,7/15/25,咸宁创翼互联网科技有限公司,0F4B2115767EFD289B85292362B118AE
dd67bb439d7bec308410476e4345960b2c46b7b435b70793cab6d28b8b12c7e4,9a4dd33dc56b6b32f5197f84f7a6358b,e74fe5c1b01f2024b761f78cc3ee64a698401e0f,MarketerBrowser_install.exe,7/16/25,Keroro Software LLC,0A04CAF1BB3BC17A33C6E155EC4F5883
796fb88d083971e5d081162480597e079c50d5e4ea894cf678b8b2d11d01be34,bcbed3458eb01987e4ef99f4cb612849,b5fd21958c6844788f76ed29670eff6839a884f9,eosmsgV6.exe,7/16/25,Keroro Software LLC,0A04CAF1BB3BC17A33C6E155EC4F5883
37c589dc77431431e3b7a7ae148485db17712d469668b80a8e4e8435aa119713,f5cd17f89c147e8abb1d941bcfac3c21,0428b06b23520154a30eead0518b2b4fb42573e0,eosmsgV6.exe,7/16/25,Keroro Software LLC,0A04CAF1BB3BC17A33C6E155EC4F5883
856a7250fe8d21b22dcbf17e4b8eb80157883f7647e31c6ca964b7623a9d13ef,74639c5d84755f0827e3dcf5288ee254,38a89c2846a8f12fdd57bcae02fa418402af7a11,eosmsgV6.exe,7/16/25,Keroro Software LLC,0A04CAF1BB3BC17A33C6E155EC4F5883
534b2808162cb643cb6eab191a267f6fa245ccb8fc8685f2d144b6ea02bb1b9d,3c3e944686a6383d8b003a147a0f57a0,61c018be6121d3417700d3f3f0473f1de6d5e361,eosmsgV6.exe,7/16/25,Keroro Software LLC,0A04CAF1BB3BC17A33C6E155EC4F5883
99141a78c68fb4be915caea281b72ac21f006c9c9f0bb601c6b2e612a443db9d,3d2073d040c0fc442bd57bc2dfea5924,98a35b1f4392e733bb4e1601d44a35edac7c2e18,eosmsgV6.exe,7/16/25,Keroro Software LLC,0A04CAF1BB3BC17A33C6E155EC4F5883
239576f4f355f3536773694212de67469973659651fe1d729a73e66470c14f62,c8f0abae899ce842499ecd0ac0e31155,88d0c058f98e46e59e8c62c78fa9a3bfe4e7c92a,SuSocialPro-Installer.exe,7/16/25,Keroro Software LLC,0A04CAF1BB3BC17A33C6E155EC4F5883
283a36effc39c657f1cff293e91c218ca021fbedd2d9643b7bba5b6a7e097938,0674e3fe6b63e133d1195f4b8c916858,4cb9cb18fc538ec84b1486a5f6553ee27c20d3e8,AtomEmailPro-Installer.exe,7/16/25,Keroro Software LLC,0A04CAF1BB3BC17A33C6E155EC4F5883
4391745016d04a1eaab52f0fe74683260b57cadef544d5d23c938eb0f4e78a5e,fd0ff5f0ed7c013387b01f9d50a77742,317df35358cf258e205f2aeab2d935e5603c2f6e,AtomEmailPro.exe,7/16/25,Keroro Software LLC,0A04CAF1BB3BC17A33C6E155EC4F5883
23beaf863c96d379a0c4a763afa7267b4a476524c200bac484ffdd527fb2b00a,e8905d3d206678f0a0ad10d3c6f778fb,86a3942b6f8164387fcdf96d1d6b82955860a4e5,ContentGeneration.exe,7/16/25,Keroro Software LLC,0A04CAF1BB3BC17A33C6E155EC4F5883
f49d47783b8934d364ae8895e4766a9b07acf12b21578cd2cec511b9226ef339,40b6da7250202309c6d33b88961eb0df,bf66d90ee4c4075419d4970ae4878fd706bfbdab,ContentGeneration.exe,7/16/25,Keroro Software LLC,0A04CAF1BB3BC17A33C6E155EC4F5883
580401c7b2790391b91bf594cac1c3f2c2c7f7b73d8e6137f8ee0f4c37b31d26,1d49f2137153f2a20e462e97e73b2555,837d5628d222b37e80f45022b544af30af415133,MarketerBrowser.exe,7/16/25,Keroro Software LLC,0A04CAF1BB3BC17A33C6E155EC4F5883
c0e83fc9a46eb43153aea8a86ce95bf143f1469d8d6fd92101a78dd1f107ed9e,c2dd7f2d77f56d6a2cf1849324e69be8,c7e69cc9b5747ae085b8f7964bc5c26a8734178b,C:\Users\user\Desktop\TEST_DOWNLOAD\dst1\c7e69cc9b5747ae085b8f7964bc5c26a8734178b.exe,7/16/25,咸宁创翼互联网科技有限公司,0F4B2115767EFD289B85292362B118AE
f8d972c15d1518d85d149d075f343187a2a2d024b40bd7c6c2db282ddfd61fae,754fbefe1fd627ef47782f677afc4623,b39c800061ae6db1517c8f1815591d598b667285,Update.exe,7/16/25,"Zhijiang Tangqin Technology Co., Ltd.",7491B67258319908F62F222370446CD5
a60c6dc5772bca8a6f8931f6bcfa70da8c4d162b0256242f91875ad8470defa9,c16df4b26e502ff79110683c8a5ec955,211a9f78c4d85e1efdc4e17e15f5a38b2bcd7cec,ChromeSetup.v.5.73685.327.exe,7/17/25,Keroro Software LLC,0A04CAF1BB3BC17A33C6E155EC4F5883
5c3bb7bc9f59b0fb017d6aab14896c42c40de4b9f25e5049f2d7424719cbcb39,600dec1faf78b80546b42234c604aa96,a49ef5db56496ab5cec7b2ff8aafd73b8a8a6acd,TGCore.exe,7/17/25,Keroro Software LLC,0A04CAF1BB3BC17A33C6E155EC4F5883
dfcc0976a11861e0de17a82c5fbdeecf164269dda1b478272e118bec17d07c08,4efd22b8999009c086fee1504737cc32,b3c562ac77c2ceb6bafe857e01ea0835818abca7,LtesVNP_3.14.3.exe,7/17/25,咸宁创翼互联网科技有限公司,0D62A5672BBBCE5A3B7441F3A33426B3
a6c33994f02b422d2186e71e76442722d988951b61a62453f7913212146bb2ef,5d3a5e1773fb2a11683b7c0ba7587561,909e02f8cf317fbef81861e40476518ecab49506,mpclient.dll,7/17/25,咸宁创翼互联网科技有限公司,0D62A5672BBBCE5A3B7441F3A33426B3
4707af23e9787fcb6a5a90c689cf424c28f9b910c8b8a3caed3e3a77a3b5b72e,351f30ef1dd44d7cf6212f445fc4fff7,07dd6d984dbc91a77236384db6e8b435816832c9,eosmsgV6.exe,7/18/25,Keroro Software LLC,0A04CAF1BB3BC17A33C6E155EC4F5883
340662dc50dc3a977432e0fe6a494d822b4ac0a9df91d475ad2ac6eacfdd4599,796711a41adee523bb32acafcd5ac082,71a506ca39153d4439630af18796fcf28bbe9699,eosmsgV6.exe,7/18/25,Keroro Software LLC,0A04CAF1BB3BC17A33C6E155EC4F5883
a433a62936e05dd183a7f66f62a99543e809279bccfd1cdb9ac76999b60a4d2b,7ce2ef56c51f2278e6c053fd39ca6456,3147b801983c8a28c263aec2194b66e5a76f6d04,eosmsgV6.exe,7/18/25,Keroro Software LLC,0A04CAF1BB3BC17A33C6E155EC4F5883
c7095d58cb0ddc589c9f96b453f0607da9e05f7273660bde7b966a068f151981,cf0d336d10654bbaba396155773374c8,28fb277a9c3962f22935114840b4ac4eeca20c5e,eosmsgV6.exe,7/18/25,Keroro Software LLC,0A04CAF1BB3BC17A33C6E155EC4F5883
569e0cba571f3055980cd7b3412fad1b8537c39bd99e48103ccdaf5a4d77e01f,82e6a50531a283b77e4a622145fada6b,26f4afc75cdb06bffe6b561ae7a7e46a09ee67b0,eosmsgV6.exe,7/18/25,Keroro Software LLC,0A04CAF1BB3BC17A33C6E155EC4F5883
ddbf0ae950912215fa2c2939eae21b1f2345be7e1b4239df94eaa6f9c28054b8,28986177b745d8786478a8bf4d48f5e3,5d8e66f3f904b2d5d8309610a4144d955b416bfb,eosmsgV6.exe,7/18/25,Keroro Software LLC,0A04CAF1BB3BC17A33C6E155EC4F5883
3346179485ccc0205fe89a31fa11f273de11a4002455c316695eea556f3e60bd,1ab0ee2beb4869e1c76d978f8d913387,766b2bb25b296d0aa647f7f6723bfd0c9d8d8a91,eosmsgV6.exe,7/18/25,Keroro Software LLC,0A04CAF1BB3BC17A33C6E155EC4F5883
54bacf869670ab7b12aaae854cf31f10fe3118cf04264571dd2e4fa87f7d2539,095ed22b7efa050e8cd6c166b53403f3,af92b8ef95fc4e5077c5acd182b2307244e2337d,eosmsgV6.exe,7/18/25,Keroro Software LLC,0A04CAF1BB3BC17A33C6E155EC4F5883
aec1a22ae81fb1b4478c63fe57379e5b776f5f85f4beb29ad8865b30bc9d871e,d7e30b3f3d45b543ed34f5ece1dc7860,67713001cc937bfc4a76a9da5554e9bbb77cac5e,eosmsgV6.exe,7/18/25,Keroro Software LLC,0A04CAF1BB3BC17A33C6E155EC4F5883
d5982b5a816ffb52414f9a44f0a625b525ad0c8f1c4b17dc8b87551771948f08,3cae1052dece01b8bf7d7102bcc32797,e3697f2374cea5c746d25283e38e0a22e288a524,eosmsgV6.exe,7/18/25,Keroro Software LLC,0A04CAF1BB3BC17A33C6E155EC4F5883
f22fa677bd4cc53d747f10a9793246e5c25bae53ff4cf9ca23ea6598d03e06bd,9a0d6415c0103f89ec9521f03b2f7025,ed3dd8778b7359749861c94f3bcd9a68a27c6228,eosmsgV6.exe,7/19/25,Keroro Software LLC,0A04CAF1BB3BC17A33C6E155EC4F5883
ec01018836e82fba4dfa8c64c92be9b4cd40a41dea7b660ca2f65feb7e39a067,26a67b0e1031f5f1d71b0af0ff502bac,3f45a02b8c3ea03fc8baa86226666cbe7a0ca223,eosmsgV6.exe,7/19/25,Keroro Software LLC,0A04CAF1BB3BC17A33C6E155EC4F5883
0ca7c1c01be21c22de28c2b1d5c42a6c029883cd9a6b7b349b10c9a30a60c877,e78e5974e411b33fb1d71c09edb5a904,9b54df899f11862ab6db1a05bb2e3d556a101667,eosmsgV6.exe,7/19/25,Keroro Software LLC,0A04CAF1BB3BC17A33C6E155EC4F5883
23e636534dcd033e0e67b898f1f2ce69858c4dd88b46b076b7afeac94e89dc53,f4d4f6654727c91fd6ab89411df61652,b4f4d4dd1fdce0815179655f7bb72a77a18c0e81,eosmsgV6.exe,7/19/25,Keroro Software LLC,0A04CAF1BB3BC17A33C6E155EC4F5883
11328462e5ce65156a6c8962a922ad7f25b6089685394d6634ff247378b34ceb,ec312762c776e7d2c14f7ecfc789ab23,51f8610790c5b37518663e80d8d25696b6cc908c,eosmsgV6.exe,7/19/25,Keroro Software LLC,0A04CAF1BB3BC17A33C6E155EC4F5883
280d0574e67968f4337fa59d0efc552984229cae0350d1e0ded6a36700229a10,fc3693ff9e9631a2907265b0ae2e2d96,5894f8dc1643f6c515a67dacf27c051330b63434,eosmsgV6.exe,7/19/25,Keroro Software LLC,0A04CAF1BB3BC17A33C6E155EC4F5883
0fcf4b1b3d2a3b725bb6cf377dfd9f484a19c4ffefc53aa5778db2274f13a42b,81be9488afc057c5be6cc68aca95c671,252b0c6b05eaee563bc3676c0dc60368ac64facc,eosmsgV6.exe,7/19/25,Keroro Software LLC,0A04CAF1BB3BC17A33C6E155EC4F5883
d506e00a1d353e09e2c4527024e489a8a0a42e66607a0a883a68d458fecc115c,5db1932d49c85c01845dc848a7db6be2,d22a4bb1f3f606c69e1cc1a4a902c095337122c7,eosmsgV6.exe,7/19/25,Keroro Software LLC,0A04CAF1BB3BC17A33C6E155EC4F5883
ed6a2bc2cb8eb835c353aeb7b7fda674e4431c2a1ef4c282e1cd3df4cb8a36f9,ce4be76cbc52282b44ddec1ed7cf5044,044af14d4f88a877d2f25c9cb8461bda00ff2b97,C:\ProgramData\ntnegc\Client.exe,7/19/25,"Meisi Software Development （Guangxi）Co., Ltd.",65620C1D74A8FD9630E9F2BF6281A61A
604f3e658d387bf0f42ae58b25266acb0340c9e6c71c420055d630a3ba51f78a,f5930101d6b3403a0af27b7a3d6c44e6,78fbaa6dbbb28d8485904b7b9272942b24fd6ee2,C:\Users\user\AppData\Local\Temp\cnvr551u.n5o\Aiconx86_wx257.1z.exe,7/19/25,"Meisi Software Development （Guangxi）Co., Ltd.",65620C1D74A8FD9630E9F2BF6281A61A
c43bf2fb83dd9e1da16e31db130349d654a4b93fc169005a602f72f1e3e8d327,d0a4fe6e74679368c8bcdc05e1c7c7f6,fbc7e76aced74878a5fa6d90a3a067c6c9ab2ae1,eosmsgV6.exe,7/20/25,Keroro Software LLC,0A04CAF1BB3BC17A33C6E155EC4F5883
ad80be79127e2a535ddc910cf3502b2d86184842a7d5b1a4df641deada0da99a,be8a224015fd97e51fd28fee6a45dff3,9cb1cbe8d5760a30bf2af2edb5574a72b3e36148,eosmsgV6.exe,7/20/25,Keroro Software LLC,0A04CAF1BB3BC17A33C6E155EC4F5883
f6655f8d04a2cacbf45169a4f5db9efb592ae52473581200dfc8f1a14fa66559,995fd14879021af62ee7a69575439632,866c3a630cddd42b46397c1d7eff4b785e29dad7,eosmsgV6.exe,7/20/25,Keroro Software LLC,0A04CAF1BB3BC17A33C6E155EC4F5883
67f47cf973a7b69a8034e8044b412bd24775c24718b03d7d5786b2db03e9b110,8d96ccb5d3a65fca4b896cd2ce217598,453f16c5abb88f8dfc3f6bdabf5598a8f80c41dd,eosmsgV6.exe,7/20/25,Keroro Software LLC,0A04CAF1BB3BC17A33C6E155EC4F5883
8d5c04086ef14064606e5f318cd4986caaf8560056323f632e9f1531e7580326,653c206ada7506cf0794ff2d3c5ea9b1,31990b865b4ad567e6746e021924223b42f4560d,eosmsgV6.exe,7/20/25,Keroro Software LLC,0A04CAF1BB3BC17A33C6E155EC4F5883
36c0a108750a088140e9db9d7882751ee52311e7427203dfa2a55cf39a18f092,0abb7683012c2f7d9eb2913145070539,09c5b920a649b16380e6c853e6cadb14ea81bf0e,eosmsgV6.exe,7/20/25,Keroro Software LLC,0A04CAF1BB3BC17A33C6E155EC4F5883
b7e614e0d7de37737a7f18ba09fc938854035bcefce9b5022afa4f519ae5fa4d,fa6c1ea3cc079de0866ee26c7a3ddedc,f27c8eb3df5a757cf4dca27ac64bfaffbc6c10ac,eosmsgV6.exe,7/20/25,Keroro Software LLC,0A04CAF1BB3BC17A33C6E155EC4F5883
add2b4eba041f4305aa875817c90ba2915ccff1cfa05f76894b8fdd3462bf4e1,53335c0c65ff464444d21b42edf6928e,5b910c12658506b035a897ef77e43ad77db091c1,eosmsgV6.exe,7/20/25,Keroro Software LLC,0A04CAF1BB3BC17A33C6E155EC4F5883
3e60bb6c3353917a3936a760b074519e0f300aff2d41d31dc1e8b0adcc46afa0,511e154d966fea5aee146f69eac822f9,38a9c77041ae0e32a46bf8e0eb9003ab015beb85,eosmsgV6.exe,7/20/25,Keroro Software LLC,0A04CAF1BB3BC17A33C6E155EC4F5883
64b19c9b2a3f4e6b5f842b642e9309a149f089c74a3e573347d937ea299f93b3,2d3de3bbddd54263e6ea9a78ad2330c5,58f947f8e2a443807d768b6fd237cff9dbdf479d,eosmsgV6.exe,7/20/25,Keroro Software LLC,0A04CAF1BB3BC17A33C6E155EC4F5883
56c8476c5547225679d5f8ba755cf66a75ceb130faa092fd79172b2704a29335,38fba37bd2b2e61276524715421d13d3,b97df770f75740ef2f7fd7d4b67d68e681a22380,eosmsgV6.exe,7/20/25,Keroro Software LLC,0A04CAF1BB3BC17A33C6E155EC4F5883
1164911fa2184aa4d05c5696d2afd1936445bbcc6b41d8d037d78c4fd3d4b0e3,e48e31cb8b9c06a09d55716c9fc73076,03f7284554aa7f75a77b3bb7ef69d2f77e54d9cb,eosmsgV6.exe,7/20/25,Keroro Software LLC,0A04CAF1BB3BC17A33C6E155EC4F5883
5f02a0824a7ca1b699ea05e3beacd920827982fa4c4b21ac9db570ecfe230df7,f80255bee0f62e9664a7c28b8be8f82c,e239ac76a851c2c52855e41407b4256b7ca5b66c,eosmsgV6.exe,7/20/25,Keroro Software LLC,0A04CAF1BB3BC17A33C6E155EC4F5883
52ebdc374a772df8676dae8707376ed64f4313c15e41d0c6a43947e08eb710f4,c6ae1573cccb17ef9b58c19f359efbc6,90d0e9f9b4b55ec9d35ed1ac3134b8bcbe6407d7,eosmsgV6.exe,7/20/25,Keroro Software LLC,0A04CAF1BB3BC17A33C6E155EC4F5883
18fb0af8bddcb378e5c9ca5d3bb79bbd7032d0df4d942d99318503e4a1fb0527,b0c47e50f3499ded22e76bd98e303374,13158a7ec6fb6a2284e38be39b1a684c844665ba,eosmsgV6.exe,7/20/25,Keroro Software LLC,0A04CAF1BB3BC17A33C6E155EC4F5883
d69ede781327f0941f6d5d0167d93bbdddf93dae40179a72d23361b26284e4e2,03f2c38875a338b04d62ce2da8857f66,81edfcd5991865199f822f9b2b29be80c56d73ce,eosmsgV6.exe,7/20/25,Keroro Software LLC,0A04CAF1BB3BC17A33C6E155EC4F5883
3debad8ebd975fba787b0767ed9105ec0ea30c062654d85eadce2e58cfc8e455,1b251a9988db76ebb5637ac25a5bf0ff,b42eb083edab284421f1eccf698a70d324cf479c,eosmsgV6.exe,7/20/25,Keroro Software LLC,0A04CAF1BB3BC17A33C6E155EC4F5883
18a50dd6c952645d3e883570d4d2d481f55ff64669ce4340fccc5a2b52221fb9,2d53f636c98ea195434868e30d0d2a46,2f55174d7a388312cebdf72e6f117e05ed5b5709,eosmsgV6.exe,7/20/25,Keroro Software LLC,0A04CAF1BB3BC17A33C6E155EC4F5883
b9a69290ff9ed6e9e144f955bcd0789c9054884cb6f7ee654e60d37a460259e1,aca9986d9ee7b5487d6e9bb5c28e8212,277df00dbea7f649fd3791130827542f78644658,eosmsgV6.exe,7/20/25,Keroro Software LLC,0A04CAF1BB3BC17A33C6E155EC4F5883
8341881bbc39cfa858982de9ce962e78454329ba149919418da6307b8450fafd,6e6988f5d000e62e621ec097b3904beb,3a4ef400ab994479ff92c4271aa395ff141cc0e2,eosmsgV6.exe,7/20/25,Keroro Software LLC,0A04CAF1BB3BC17A33C6E155EC4F5883
dd58a5279dad82643782e09029f7fb4afa1de84911e62f68ac44e22e1051dccd,0c1a9707279a4ed7751f0eee6e152c12,61da2d0fb525acd49557717ce532078637b33ea0,eosmsgV6.exe,7/20/25,Keroro Software LLC,0A04CAF1BB3BC17A33C6E155EC4F5883
bd60e307e003408dae462005f6381f49f1226038f78981d36c12ab667e3ef886,32b5e909b172a6eda034e6edbf286970,07446422e7ab198b1aeaf612ecdf19acb85db3cd,LtesVNP_3.14.3.exe,7/20/25,咸宁创翼互联网科技有限公司,0D62A5672BBBCE5A3B7441F3A33426B3
859044e0196787d8bc55fe04e6abdba751e010e1f14cc5fad4af7c0c27a3fdc8,16be0ccfdf2ba3e95b861b0b17ac5927,8b312567a144c9e51e7e6cddddb3dda98a1178a4,C:\Users\user\AppData\Local\Temp\5971015\....\TemporaryFile (copy),7/20/25,"Gucheng County Qizhishang Trading Co., Ltd.",5E0016A3D3E00463E5BF0753D80CDED2
6df6779252246adabdf1ae7db5d22121c13278082cc18d27ebd1b0ac27fcfdb5,c98a3ea2371931dd85b785051caa4154,f964d3096e584dfb1b3af9fe43c10be7cb4c9be1,Gpu Driver Update Tool.exe,7/20/25,山西荣升源科贸有限公司,0CBA02A32BEAB6BFAC34A7511A8B0E22
8ab1ffd96ddc1c96808119f3c7da85fa46c5e4e326cf69adeaddb4fc878b080a,e7edd743913423521fe7303cc68eb281,502fb8a6c59327095d3700622c4cf25951c36cb2,browser_core.exe,7/21/25,Keroro Software LLC,0A04CAF1BB3BC17A33C6E155EC4F5883
25d70ad2255e55b719fa2da8a58a55df254cc682b8ef23e58c4c524ae678f6fc,86812f9c6c957c19b35dca8c3115e0dc,223ef548b6d393a9093cd097bda6eb2d13a485cc,,7/21/25,"Gucheng County Qizhishang Trading Co., Ltd.",5E0016A3D3E00463E5BF0753D80CDED2
6833afb93a9c4e60d9e3996bedff97ac02694b7eaa16bfde3174d20835987a1d,d24cd94664326e9a2dc4265e49a790ef,1a6e4cc3e51dd32cdea9d72161b768cbe7b18340,libs.dat,7/22/25,"Klimine Far Year Electronic Commerce Co., Ltd.",07CD057EFB53D6F2C5C839FC
0dbce049d3173380e52621407e97fa21dc6917de3fa8d7a977efc54e436a307e,3c14478e33248a61df88122c2e698691,734384bf079048497b8d37be30fe9c220184b1e0,eosmsgV6(3).exe,7/22/25,Keroro Software LLC,0A04CAF1BB3BC17A33C6E155EC4F5883
ec6ed85f8738d3bfed72e949ff8f259b18e9fa08d7153194980776e0b200482e,ca47bc5bf037dbd071a61d3872a47984,3eceb62c3261d526b3e8fe7b839417e2b5abd516,,7/22/25,Keroro Software LLC,0A04CAF1BB3BC17A33C6E155EC4F5883
bad8e66abc676976938f3e781b442fc90b8f2d241b5d770e168997a26b4083cf,2e06eef1f331fc0dd0e5eeb00ac58b6a,e6a58043849a9bf62d3bf3e916b5bd1b499be324,Latessteup.exe,7/22/25,"Open Source Developer, Hao Chen",0582253D22D291481B75770C1556C56F
8f85dd31c5d30f55b4bbb63bf84ec46ff7514b05dd145cea547199567a80998a,cc8d3ec02e83d35b784adc1e6914764b,a503759b8cb8f25e8f3a709b1511023fbf453193,eosmsgV6.exe,7/23/25,Keroro Software LLC,0A04CAF1BB3BC17A33C6E155EC4F5883
8ad777f6abd8318bbb63ddcfcac8fc240bcb9e38c60b61b5f1c8a38c45b1d413,4c5ee6af0a74fdfb7bcd76dee4040d9d,a89120988ec16d1c21aa362d72035c97f14826f3,eosmsgV6.exe,7/23/25,Keroro Software LLC,0A04CAF1BB3BC17A33C6E155EC4F5883
16ee173a4ce05869015c77ceccb1adcbb2b1ae550ca28674c8833a0b89e8ae70,c91d5b1c85c620f35dc55145b5e8d372,3e0827f44daa699732eeedd0d67ba27ba285f6ec,eosmsgV6.exe,7/23/25,Keroro Software LLC,0A04CAF1BB3BC17A33C6E155EC4F5883
cbefdf9a83e21e918878f200d21765dc1879424de959808baee8d8755e8ffd9e,6e9a57ecb0fda7c56943e0cd38e6f97a,7d9c48786bd6fea94d54d75c1d0702b845198091,eosmsgV6.exe,7/23/25,Keroro Software LLC,0A04CAF1BB3BC17A33C6E155EC4F5883
d96f131bbc2b2beb59354f98aaa6eefc9d764b330444bed569359245a9d100aa,17894e3cef7fa16b8fecb173814b02dd,c6fb7965ea4ffb8dfde30d23996ba18428ee4c9f,eosmsgV6.exe,7/23/25,Keroro Software LLC,0A04CAF1BB3BC17A33C6E155EC4F5883
360afa8465359f0286c6daaabb38f09bae26844fd1750725be2622e8f02dcc3d,fd85817f63c32e19ec92ca6c6cd94467,acfdab7f3229a310b22de529707d3a37ca8bf60c,eosmsgV6.exe,7/23/25,Keroro Software LLC,0A04CAF1BB3BC17A33C6E155EC4F5883
4561b056c3959d08b422976173f2100986db02b59a10adb3901fb03fff7caf2b,e4837e67a8aabc092d0dbc7b771fd192,40d2d4a3a6a5c7313a8ba3a0d16c643e3b3b21e4,eosmsgV6.exe,7/23/25,Keroro Software LLC,0A04CAF1BB3BC17A33C6E155EC4F5883
2246aea30914da194731d79f000dd143c2d50d707d299e15457dc45f38b64580,b0f7e782678591fa9051933a54016751,d581b70f98eed4ab1b787ca5ffd0ace9341c3cac,eosmsgV6.exe,7/23/25,Keroro Software LLC,0A04CAF1BB3BC17A33C6E155EC4F5883
a48993434d40933022d1dc4572136c01a6f071a1fd670fac79b0e7a32841d364,a385e06e04efdc7b1760ccea889e7ed4,0a708d355ece60c714bba91c92215dcc5f9470b3,eosmsgV6.exe,7/23/25,Keroro Software LLC,0A04CAF1BB3BC17A33C6E155EC4F5883
49cde743a5c599d27509433dcb62ddf86a89066da7650373722cab5680806003,92bcb15ab279ed0d419208f7bf0d5e64,3bab8c63de1234636493890c6521497f206ebd8d,eosmsgV6.exe,7/23/25,Keroro Software LLC,0A04CAF1BB3BC17A33C6E155EC4F5883
3648641852fc20bd7df387ced9bd2af138f8c9201420810413341aa20d970612,60c505a914e989bca8ef88aac4250847,a6e0fe90594e2d3cd04f77d55b051050e3f94f46,eosmsgV6.exe,7/23/25,Keroro Software LLC,0A04CAF1BB3BC17A33C6E155EC4F5883
6a40c29dc28c5c18d2f4e1bb9b9a6ceeb38632f29a39fbb9076211b3dae49ff9,f24e9b1caf590f251fc83accd4fb95f1,27141a20ff947a9e1429d87522000e64504a9cd1,C:\Program Files (x86)\LetsVPN\app-3.14.2\is-7BJBA.tmp,7/23/25,咸宁创翼互联网科技有限公司,0D62A5672BBBCE5A3B7441F3A33426B3
8e5d54b50bcfb53cbf3a67e5a7cad7f352e6af59e6f0d11f5dfaff515dc2b395,59196d6f95dfdb2ec6adf80fdca3ed5b,addff208436f1f55cfb91a9a46944b18f6a20243,LetsVPN.exe,7/23/25,咸宁创翼互联网科技有限公司,0D62A5672BBBCE5A3B7441F3A33426B3
798336f480c7cb28f36dbe43d50e6a892b81f973e96939b7b43a7bd055c40267,a7aad0283026856bddbf6e8de6776172,dd5bb509eea80a93fa1d66e97a862d10691b62ff,C:\Program Files (x86)\safew\app-3.14.2\is-9IUG3.tmp,7/23/25,咸宁创翼互联网科技有限公司,0D62A5672BBBCE5A3B7441F3A33426B3
fd23bc045466849bffdc5e2882395c889980c6647f791198365c8779b99be22f,de0cade3973482abf28f1a8ebb8aebe8,b51c8719aa09cd1ede7c48492c4e26da615f303f,LetsVPN.exe,7/23/25,咸宁创翼互联网科技有限公司,0D62A5672BBBCE5A3B7441F3A33426B3
8787c88db6cd10d5c24954233803027f650f3253a9d791d71c230073b2b9683e,0ef8731d6b32ce611bf3edb1bddc59ab,54d242878e615e760a0c33e771433bc42cf0a51d,QMTclsDriver,7/23/25,成都金源启铭网络有限公司,4DDD9F79FFA78EB06C8C638334836ACF
eac8690275b7bae0558dcb1da519075525aa8e73abe6077058cf719b33c10b19,f3e67b1a2987851dff21082b4bc5bb0b,dbea852df548189e3606dc2ef16e5f6148d09171,JarveePro2-Installer.exe,7/24/25,Keroro Software LLC,0A04CAF1BB3BC17A33C6E155EC4F5883
9b1c1d60bf9cce231d001c14ed26d4c3ee0805cc2a3adf6caeb63120f00e0acd,65b499b1921fd62fbb4ff02c59111400,e3e52582adf82fb3c8e21228743af4daec67c207,AxMath_Setup_Win_en.exe,7/24/25,Keroro Software LLC,0A04CAF1BB3BC17A33C6E155EC4F5883
fad59f81f6258d7b41cb190fc2e76dc2a9057ed5abbc57be45c519042aa5dfd3,8e566d61874648da5b552482a7d5cec4,b4706f2c6df5892a5d1ebf832a26985b8e2e2ab5,Register.exe,7/24/25,Keroro Software LLC,0A04CAF1BB3BC17A33C6E155EC4F5883
f2cc9bc0d493d0730d9aaf21cd7d1e0d7721dd3f243dd4889a6ac1babc510c36,c48fdaf30599542038ff2c7461972816,c3f37d71369335b794cdac99c63e7ab5d96151c2,AxMath.exe,7/24/25,Keroro Software LLC,0A04CAF1BB3BC17A33C6E155EC4F5883
4374c85e4e7d2aa10ef879b5df8e5a9c6742830890063580287d9486f850b4f6,867c05ec4ef8eb6baa64757dbe33b6fd,b55a68ebb707b3bac55fae3b6526bcafa5084f83,Scintilla.DLL,7/24/25,Keroro Software LLC,0A04CAF1BB3BC17A33C6E155EC4F5883
b56befb488107a6d5cc45c0558394fdf72c789482202254840348b52adcd5b54,2ef5ce961946946af0613acd5e73ce5b,9248c3da5f8031d0dc57804fb1bc91cd9f9fa17e,AxBDH.dll,7/24/25,Keroro Software LLC,0A04CAF1BB3BC17A33C6E155EC4F5883
d9ca999981bc5df69adf4088ec235d32d217a0df156ed4508adddc583f11f8f6,79ff989cc4756b731ad1e7cd1060689c,8cb46fc6006261cf7f7cb8dd9273f62c68a95cb1,AxMUC.dll,7/24/25,Keroro Software LLC,0A04CAF1BB3BC17A33C6E155EC4F5883
a685823bb645f5df7f5b583775c8789c9ec85c7e38d203ad67997cf803f61ab8,d297072ee41e936e932e0f866acb44d2,8825c5f7715475e47b2c9bd8a2b873a701441f39,AxMMDlg.exe,7/24/25,Keroro Software LLC,0A04CAF1BB3BC17A33C6E155EC4F5883
3f2d5608510e0efe9f66fb632c77bb3658cc8235212f8d390746563d2936db45,89de37caa48c46a5114184c12dbc410e,9aab49c07df706039dc7661ba90053cae17b8192,AxMMX.dll,7/24/25,Keroro Software LLC,0A04CAF1BB3BC17A33C6E155EC4F5883
16cbe6a4aa92651328f9930ab44c80a78595d6e90e4d329e62fcc73ea9ecaa10,830dd9caa35134e2e4e75ff93ee09d02,6031f6b0b4c723c732536093bce90bd738a965f8,ddtool.exe,7/24/25,Keroro Software LLC,0A04CAF1BB3BC17A33C6E155EC4F5883
0d8fff41072065866c9f84bd4c0c174a4d56409ca66c1b6142d2a250776b283d,a9304573b15f047d3acc952136a21b22,d7d6f053ccd0ee3742fa422380785faa82c4f71b,LetsVPN.exe,7/24/25,咸宁创翼互联网科技有限公司,0D62A5672BBBCE5A3B7441F3A33426B3
a2b0e029cec1d773f5c088ca21b7de52db35f13ff7c55c8424d4904186bad381,6ea8472ca308f5cd6bc139a63c599400,2a8e04a92f9d75df6d65ff218ed0c6a4520ef170,LetsVPN.exe,7/24/25,咸宁创翼互联网科技有限公司,0D62A5672BBBCE5A3B7441F3A33426B3
d16434d695a75a4af4172a9870fa08c576ba22714b5bda0e3e155606c7b13349,8c84eb6d7f4025171280cb1b1c13e7ca,3c5db0c20b7802bee676f994605aa9f0ea74c19b,bucky64.exe,7/24/25,"Hangzhou Saifan Technology Co., Ltd.",0DB8378E7C5F330A988848572F290434
84e1602c7e7bfc6370def9938539b83ee756aeb9ecdb470aacdbaab7f80b6fd7,42ce826656303954634317039b7e0a11,46105c6012d5b8f19a8892c4fe4e79e79aa7ac3d,ChromeSetup.v.7.29848.340.exe,7/25/25,Keroro Software LLC,0A04CAF1BB3BC17A33C6E155EC4F5883
1224315eaa204ecba20396995674ce22f26bd495ae8e2465498639aa3a29e353,211d614719f254925536332c762c5b06,66ef0e4eb07b260ddab3c38f5a64aadb133ed36a,constaller,7/25/25,Keroro Software LLC,0A04CAF1BB3BC17A33C6E155EC4F5883
019fe54c0d24435fe273604fca05c023d2e2b639b1a25936067119539d46b76c,978fd711f402a01ad8b1c5789b7bc556,2f484042a7795df3ab60b3e91b822337e4ed40e7,eosmsgV6.exe,7/25/25,Keroro Software LLC,0A04CAF1BB3BC17A33C6E155EC4F5883
49aff41d31bc8a1245445cc1599d7aeb5d66771003acef9d17f0029dbec334f9,f7f9441a7145486b1834652d41c45416,9a57c9e04abd796c8fabd93a989d6713a7150920,Register.exe,7/25/25,Keroro Software LLC,0A04CAF1BB3BC17A33C6E155EC4F5883
bf330e47cc2ddbe0ee9216be3d260f0dcb083ce22a85b5644047cecabd7d7883,522538b8c00acb1073d199fbb27a9d0c,8af13c528a5f19f3511c81d027dbba5021f376ac,AxSnap.exe,7/25/25,Keroro Software LLC,0A04CAF1BB3BC17A33C6E155EC4F5883
6cce38424a24449352da61eb10c2c79d4c6a93a7dc37ebcc516f3084c03d3166,900ad7df65a136d60b94097e21805943,6b474390f335a153a95c30b53610a18e8cc1f826,AxMMX.dll,7/25/25,Keroro Software LLC,0A04CAF1BB3BC17A33C6E155EC4F5883
6ca8e8db188a3dd0598d8179220e5534fc5c60dcc83e461ba0d3fb369a1eb155,a61cd07afcfc2eed00e7130e3e2b7182,877fb4b1ac7063c4a82af204de740ffff9bc55be,AxGDlg.dll,7/25/25,Keroro Software LLC,0A04CAF1BB3BC17A33C6E155EC4F5883
66e490cf41321a9b0dea833030ac0d9ea73b0758080bac575978486521d29f56,a97ed7d9129dce42fcf954e79a317082,b3b6d9f9ed4a669e2119202af4ea7f7e7cde58b7,AxMathLite.dll,7/25/25,Keroro Software LLC,0A04CAF1BB3BC17A33C6E155EC4F5883
414d7d205b3468881673ead45f77ea3688cff4c1242045c555cc852db4ec3d96,3e5880cb7645cd90b9df1c00309608da,8e27c806883d81d47f27782185ad84fa556f51d9,AxMGDlg.exe,7/25/25,Keroro Software LLC,0A04CAF1BB3BC17A33C6E155EC4F5883
09800b733a8e930e0068629cbf2cb600cd3e476471b1163766dc535f6e5553ba,a9696c86cdf07bcef2626412942183dd,7c10acb9c0fb36c948c90d475e333cd8cf1ace74,AxMSO.dll,7/25/25,Keroro Software LLC,0A04CAF1BB3BC17A33C6E155EC4F5883
031d72e4e46fa2f062588ecc7c278ed663df8283dd6d440a70c2db85fb6cfebc,fa4a3be739971a1847cfe8375ddfe325,db9c3265f6f4f0e356de680c877ebd6a1befbee6,AxGlyph.exe,7/25/25,Keroro Software LLC,0A04CAF1BB3BC17A33C6E155EC4F5883
9e8899979a28a1137e7f25ac6a0b6d47eb764747451eff0ed1a75efabf575c7a,cc33789b8c6109c50f2df22b8beb1edd,969d697bff55ffc62fc2bd1af67152201f08bc61,AxGlyph_Setup_Win.exe,7/25/25,Keroro Software LLC,0A04CAF1BB3BC17A33C6E155EC4F5883
51853c7d2081de0f3e52ac9df251a8a35b81324c206cf1aef70f068c93fa6afb,5a3add168304d438d18a609835f1b26c,ad7a749aa53f02bf17ffe33117605425ad70e7d7,kuai_desktop_1.0.13_x64.exe,7/25/25,Keroro Software LLC,0A04CAF1BB3BC17A33C6E155EC4F5883
1f8dde41a35b49e1f6d6ca133827e8567a04194569438fe88bfdead60709eb2d,bab52e7b9296547fc48d38c3c2ef382e,34de3f13b30c810062c0d9702ee47d546cd5bdde,safew.exe,7/25/25,咸宁创翼互联网科技有限公司,0D62A5672BBBCE5A3B7441F3A33426B3
87709e0c4b42182ac194fc674bf2bb08fc759e602fcdab94b9fd8221db640195,cf626ec08d959d26a73548ccb224352b,131eb7b106d906ff88580682bf64459bb73176c1,C:\Program Files (x86)\safew\app-3.14.2\is-JSJGA.tmp,7/25/25,咸宁创翼互联网科技有限公司,0D62A5672BBBCE5A3B7441F3A33426B3
91c66b708c4f6bcbaa53592d9f3b16f88ea664037af6fde948376b0b0817d150,45f29f49781bf7746c492aa48e0905ce,b86982beae105cdccc4a37b92a900171ce618006,localfile~,7/25/25,咸宁创翼互联网科技有限公司,0D62A5672BBBCE5A3B7441F3A33426B3
751cd8a0396f6afad2ba9626a57a96e76a980d3da4011a5ef4aff18cf639917e,5942d6c9a47cc20df4b8a9954d3c7907,f396ebe5447f0bb6bf6cd5f37d94722d7673fc49,C:\ProgramData\mhwrst\Update.exe (copy),7/25/25,"Meisi Software Development （Guangxi）Co., Ltd.",65620C1D74A8FD9630E9F2BF6281A61A
42fe8587f69106ea22a21146602804afedb3e65b531205067337015f406d5ba6,cd1ca8bcdc797f56197b7ac923006845,00d291e42dd0d2915856c7bd03111c610303c1d1,C:\Users\user\AppData\Local\Temp\cpurr1ke.5bc\360.safe_x86.05x3701.exe,7/25/25,"Meisi Software Development （Guangxi）Co., Ltd.",65620C1D74A8FD9630E9F2BF6281A61A
f05bc718686988a4a14493fe19c2e9c4f6618472cf7c09995309160f1bfe3e35,2cc71bf0db62da8cf8bba0d98d6d14b4,e2fb8e98c82546f23b6e06edcb39d58d01818e4f,Safewx86.25x5072.exe,7/25/25,"Meisi Software Development （Guangxi）Co., Ltd.",65620C1D74A8FD9630E9F2BF6281A61A
9fa590863cd47fc4935db401f500845eed4cf9183e8959cded42059cec61a672,042cfd434f1ff8a2c87e12f225ef881d,5415acc79ddf7596fbb33bc1a0ebe6e80b867a98,D:\5EClient\resources\node_modules\vibran\Bucky64.exe,7/25/25,"Hangzhou Saifan Technology Co., Ltd.",0DB8378E7C5F330A988848572F290434
0c7c34910acc70b89cf9573542da9956accebc3cf9a3767794efdffb382797a8,e814d47ff92c6dc858ff3165c26bfd6d,ecf8d8b192a1912e69333361e122647d9b074469,Modium-setup.exe,7/26/25,Keroro Software LLC,0A04CAF1BB3BC17A33C6E155EC4F5883
3a9af06fea62b76ac5a6a56cec97767a874cdf290a8d5b0bfecb398793b4e07c,f7fb269409c56d9dd584ab204f1294b9,ed5eb8e7dfe1a2642fde42c7cf8f16cd7544961c,nvgwls,7/26/25,Keroro Software LLC,0A04CAF1BB3BC17A33C6E155EC4F5883
79d24e109cfec82717d258de6a33e9a77e3962ce7d4d650e7295d566bef61c4b,9a7525ee28e76089325405203025549d,8006016f0438d826ea793fff403555bb02e359e2,Driver.sys,7/26/25,Jin Chen,134216E462B8FC279A7AF7382F45F3D3
63c25ab3a0e24389386c1a0ffedd498257ad926724f292dd42e437ee9ac5f8e9,a9d9dfc950d858795015c9f036243be3,4db2f701397bdf1347030317fd02b08b4b779058,eosmsgV6.exe,7/27/25,Keroro Software LLC,0A04CAF1BB3BC17A33C6E155EC4F5883
c082c50aa2d069c5e827212445c5875e3685a7253341229cbc8de276d197e83d,622622cd857bb78454dd5f316e4fce78,b479258f3bae625dc860655f3958534e360c57dc,eosmsgV6.exe,7/27/25,Keroro Software LLC,0A04CAF1BB3BC17A33C6E155EC4F5883
e80e395a86bad6b68dd7c58911c267eff6a430d339a41bbdb2d1e7845c25ffd9,b44b2fd9bb7346c04c2c380f20b76e2d,3ed447ba575c5e9de80ca828342de064c4cca2be,QQHong_b44b2fd9bb7346c04c2c380f20b76e2d,7/27/25,咸宁创翼互联网科技有限公司,0D62A5672BBBCE5A3B7441F3A33426B3
e6a1391b030037789487601716a1515f92880ddc1fdddccdadb714592007b2eb,f93537745aaf8b56c25043ff63752414,546956ac48c5cc1c5f58e39943ca3564dfbcb9b5,arphaDump64.dll,7/27/25,咸宁创翼互联网科技有限公司,0D62A5672BBBCE5A3B7441F3A33426B3
a2f939de0ae2d90da221ce64ea1301ea07a741e627dd84fe5f2dc6b720f31ec3,0fb6a4ebcb17ba215bb5872f0e227e57,71819e39fa848d92d5000249a5ba9bf180f3a0f5,Lets3.14.3.exe,7/27/25,咸宁创翼互联网科技有限公司,0D62A5672BBBCE5A3B7441F3A33426B3
5323fb76d93376defde5683bf4fdd365a63ab286d78c16432eb1aa734012d2e5,e34d1b4da93177498660fdd266259437,dac9d80c8673435cbc67cb8414e932f6cee74cff,LetsVPN.exe,7/27/25,咸宁创翼互联网科技有限公司,0D62A5672BBBCE5A3B7441F3A33426B3
b40b7dbe4391395fbd68e80552d77a775bd563a4439a550b6fad28d0df656b38,5893169bbb10005ddc61d9fc47113260,00611a95855399db98ca656207615d52a515fc88,mpclient.dll,7/27/25,咸宁创翼互联网科技有限公司,0D62A5672BBBCE5A3B7441F3A33426B3
f65011d8bee639ebd8c71ca60b4dcf9415fb5d923f2c84899fce32045e7bb474,fb090b87eb73fac3944f116ceb914284,2e84d5e8c1dcac8c392c8ba06c1d3b78e0e3a2e7,LetsVPN.exe,7/27/25,咸宁创翼互联网科技有限公司,0D62A5672BBBCE5A3B7441F3A33426B3
8d5f46d222950d740e8af06dc39d9eea3b1eb927cd23febada77eba2b27f33a4,8ea25dbe829a8ce5db912b257516a77f,1c396be4b9ea1ef1db30d56c959357d615704a5e,mpclient.dll,7/27/25,咸宁创翼互联网科技有限公司,0D62A5672BBBCE5A3B7441F3A33426B3
3321374db373ad39679de606ec29cf5ebe34ce632d8d2dd0c1c2988c07661b84,97db5ed9fb98b6138f0d2889531bd5cc,81559c3a1054f03c2d513010aa11a5167ad8f94e,C:\Windows\SysWOW64\97DB5ED9FB98B6138F0D2889531BD5CC,7/27/25,"Meisi Software Development （Guangxi）Co., Ltd.",65620C1D74A8FD9630E9F2BF6281A61A
0b9831acb18e759ae916412eebbd5f7c8fe02f980bf3fc9111a0915663c2302c,1401483184ffc5e48a5114dcd62b3f68,90574f4e07c937497605a76e0b51cd108548082a,/home/petik/ss/malware/2025-08-02_1401483184ffc5e48a5114dcd62b3f68_amadey_elex_hellokitty,7/27/25,"Meisi Software Development （Guangxi）Co., Ltd.",65620C1D74A8FD9630E9F2BF6281A61A
6344390fdc19c10a68cef29ab1eb733d0ecfb9c883b195be47fc37c07766149a,f4f0700b824ab6eb927282973e0a417f,050253b005992816df07a4b9f573582662ee08b8,C:\ProgramData\frthyr\Client.exe,7/27/25,"Meisi Software Development （Guangxi）Co., Ltd.",65620C1D74A8FD9630E9F2BF6281A61A
75fe499f14706fce156d1b4b84ca40990f9a57777fc85fb25de1a1814a34e7ff,9203f75984ef23c083fb69b191078868,37eeb190ae71c1f3f9d53072c37293ef8710e16e,Microsoftdata.exe,7/27/25,"Open Source Developer, Hao Chen",0582253D22D291481B75770C1556C56F
b8802a25ce7c142e3c9faa1516cb5be4d25c7ffa5ecbcf9160b302c072d4b9b1,fe865ee8d8b0cc9af7aa6f693de64812,31eb9268bb367dbed08de3f12362dc8dcf39c628,,7/27/25,Jin Chen,134216E462B8FC279A7AF7382F45F3D3
602ef7a402596575d3b4157c70f677cfb5db795165fb2e5b5af12d2d69bde77f,4338464013779741b627cd634415bfbe,cff2f415b7cacb435c205e904eb70df87beafa0f,StreamYard Setup 7.58.6.exe,7/28/25,Olepole LLC,02229C110CF8795398A98735
fc7b5deda59c4793d361dcf0e10eaa96b63d11750413bdee12dcb87ec807dd37,fa7658fbc8c2a71810d6bd3592c4b91e,632b795b6f9bfdd1180ff24fe43a9ffd9d49dbd1,ZhengBang.SoftwareEC.WPF.dll,7/28/25,Keroro Software LLC,0A04CAF1BB3BC17A33C6E155EC4F5883
bc0a7963aa096ec89cdd543cb6ce64ce97ef38f3a2eb2f6a723bcfabf288c3d0,d882de9487210d3cc3f7f5ac35c44638,d5108fd1b7293bf5d52a94571c6c768e03c1d857,eosmsgV6.exe,7/28/25,Keroro Software LLC,0A04CAF1BB3BC17A33C6E155EC4F5883
3eca5442f786d41c8002c7b7a77d18e1e3b969dea0eff190c554d0d629215776,72b8a81e63907682b89a603bf98d8a81,3d72414a961bdd877293b1131a827e3e2cf3be9d,ddtool.exe,7/28/25,Keroro Software LLC,0A04CAF1BB3BC17A33C6E155EC4F5883
47d26c4268ec15b830a3eafea8e0f6069ad12866022845afd3ff420a819a583c,75281e9aeb9c7b023053885cc100509b,7bcedeaef39e40ee3a74ae0df4c03253b8ed41a9,eosmsgV6.exe,7/28/25,Keroro Software LLC,0A04CAF1BB3BC17A33C6E155EC4F5883
6d2feb2c008c2f314c2d291613e41d92b79451160f79f39e42a77ac09609cbe5,18616006599d1d6cf6ceb6d94ded5e49,0d0455199bb985541bfb6709af815c306fafecf9,eosmsgV6.exe,7/28/25,Keroro Software LLC,0A04CAF1BB3BC17A33C6E155EC4F5883
c13ec533fc763a9be88740ba4a54db9ed4b1ff87765d7eb0004c43a68f5bc32a,d4d51854a016238bb5fb25e525083eb0,834bf4b2468e22de6eb279b8c12ba2631480f4dd,CameraControl.exe,7/28/25,Keroro Software LLC,0A04CAF1BB3BC17A33C6E155EC4F5883
48b4a42b7f0321b7f286aec9c5d4fe380fccb8d1e2d142a9afee426f97a4412b,af5387ade89e6a68d929af4c9c46efc1,cd16cbf267e8194932b225428af08f43e9682751,eosmsgV6.exe,7/28/25,Keroro Software LLC,0A04CAF1BB3BC17A33C6E155EC4F5883
dfd555e15729dec42d4985cccb82ee0fb1adc7930ed8e61b6e97080a1bc45208,48fcb207b919cde4f79aaeb567192621,6009b1cdb52d1de8088dfc99d59ba7201d66257a,browser_core.exe,7/28/25,Keroro Software LLC,0A04CAF1BB3BC17A33C6E155EC4F5883
06ef23a0d5a108d53f4a51a4fb93a7696768f0523b99094a6e0f261b17ea422b,4d607771fbb316bc6fb76027bdd4b966,45fdcdf2682abb45595b02b8c84bb51c3b11c3b0,C:\Users\user\Desktop\.woniu-acceler.exe.new,7/28/25,Keroro Software LLC,0A04CAF1BB3BC17A33C6E155EC4F5883
868fbe2ac06d4d46cdc48a01cd5d38d6b65b346ef3639fbe968ae109f7a62dd1,d0b9f17467d688a826b2e3ce71c753f8,d830ef7449bade4f9c98d391402d3ac6d19d9214,TK获客通-Installer.exe,7/28/25,Keroro Software LLC,0A04CAF1BB3BC17A33C6E155EC4F5883
89e70cb657fa06ed4b4cb71e0960cb7adf0c2bdfee02c682fb945d5e8ecae12e,a8ce2043046aa2fe6ea6c6675d335def,99bbca1f20a18e0220758eb92df9ba8cbc1ba8fd,TK获客通.exe,7/28/25,Keroro Software LLC,0A04CAF1BB3BC17A33C6E155EC4F5883
1db7195829a064eed769f8c5c1045abc35b753da364e1cdd9311fee894b8fcc4,5f69c494ce1941cc67ee800d5c6732f3,c430a9727a298dcb8611c235ea02c863938b5e38,SAI2一键安装.exe,7/28/25,Keroro Software LLC,0A04CAF1BB3BC17A33C6E155EC4F5883
6aa68dd12b9b0063d6fddfd2753c475ffb963456fda7f1aa78e92e6934af18fa,4d829a75db9322e261bdfee77d245107,3710f19a0f3c9428bac9a8bd35aa574c5d484304,safew.exe,7/28/25,咸宁创翼互联网科技有限公司,0D62A5672BBBCE5A3B7441F3A33426B3
9dd5c1d63d4a45a2e0e0b2acfb06ffa9cc1c5ce59968cf5b17ca969935dc2fab,0a395094cca6a09fc682f181c5d4ec7d,ac2621df243a2b092e737d2a653c5f232d8eba48,QQHong_0a395094cca6a09fc682f181c5d4ec7d,7/28/25,咸宁创翼互联网科技有限公司,0D62A5672BBBCE5A3B7441F3A33426B3
e5e4065c23c2f6737933c84d13c4faf1a1e8dfc54ef1fdb0a77baa7beb3e9d86,e7a6be3f7b9c76feadf009964847e429,e4868d3e853d29d527fee5d7b01a2b1028077fc3,arphaDump64.dll,7/28/25,咸宁创翼互联网科技有限公司,0D62A5672BBBCE5A3B7441F3A33426B3
ae65b4234db45b3ab6361576d0e0092bcd545ff9ce641c1ab6b4e526c3486de5,a8ad1ae75ccbdf10df6e2153917567f2,92ba9f43b9fffba7db899a87045f95e200fb3441,arphaDump64.dll,7/28/25,咸宁创翼互联网科技有限公司,0D62A5672BBBCE5A3B7441F3A33426B3
8cfb091b89f6dd5f0ca6f08c0395bfd00ab37850a0c66a5b3820172d6114c583,740820eae843b435b66de580e3701dff,690b7c1dc38b687db009d12086be2fa6dc080c19,Ltes-WindowsX86.exe,7/28/25,咸宁创翼互联网科技有限公司,0D62A5672BBBCE5A3B7441F3A33426B3
2c4b9809d1867d4e79b76513055fda2181196f2c8be9b1cff81f28f82543f3f6,903ad88ea11331726d7b9f7f1b32f1ac,c960e097589c4fce94506bf8dbe2fbdad714f7cf,TASLoginBase.dll,7/28/25,Jin Chen,134216E462B8FC279A7AF7382F45F3D3
7c04b46bd3493236f619c58d79b96bf70ce667980390fdcc502fbf0c85c9da23,18092847e5b6df4f52974b902954a6e6,882372062caf2e175b3a8373c65161d56599ec02,TASLoginBase.dll,7/28/25,Jin Chen,134216E462B8FC279A7AF7382F45F3D3
a69f1d892e81c436abf85fd902a5734b5dd01d12480cac9edda9cc9761da4e47,15b3dcb923eaa5cc56b5ceef7593f4c2,aa61f927aaaf49a67de0257470f2f14dd1ef9745,wmvert.dll,7/28/25,Jin Chen,134216E462B8FC279A7AF7382F45F3D3
f37964f40f4514955d698f920508027490301d347b09738e49caaa71e6a45c8b,24c36e6ee3adcd82460593cdc7e55879,9d5cbccbbb5847ccf1a2913089277d908fde75f6,1.exe,7/28/25,Jin Chen,134216E462B8FC279A7AF7382F45F3D3
9c908dd095382ff10e8920bd258a8d59015890b02cef097a073581ae6944c10a,f266b0aaed593a3fa1454ec3ba2b4f61,abcc487193bad512a04366c03a22891e6a001382,wmvert.dll,7/28/25,Jin Chen,134216E462B8FC279A7AF7382F45F3D3
095d522b558f6a1549d5c6fe3e57f2c1974c90b128210906bb7569e574897fcd,5ff403c477e44b532f7a1e50499bbeb3,340e64462cb0163661138f10d7b2e76820064295,Driver.sys,7/28/25,Jin Chen,134216E462B8FC279A7AF7382F45F3D3
ce55e2f5144a7273236e58e5a7e52e7128cc0bc20f27284b0009269468796d23,ea33fd15bb7576ea08d7d2434b35e16f,f03f61115dddadf36ca6962648d4d7aa2a4baa9d,Setup.dll,7/29/25,"Gucheng County Sili Technology Co., Ltd.",609660FCE84EC163C3712C2B
2b6b7b972952c11b6cec7fe4a85110edea364d85de8ebf1ee25c8135dd41a676,d9762eba58daf63a524c91a73b2b53c0,a8417675e0fcc2cf11eed91134b8fa990cb9aecd,BlogBot.exe,7/29/25,Keroro Software LLC,0A04CAF1BB3BC17A33C6E155EC4F5883
1ebcc71d1503efc340edfcfb739c7eb36554a202538be40092d7e9d700315c94,5cc8f2258f05b43fddd7b1b3ad17fb08,791a84bfaec2933a85806142cfbc67d2819c0148,BlogBot.exe,7/29/25,Keroro Software LLC,0A04CAF1BB3BC17A33C6E155EC4F5883
cc58c3bbecee66d173bb927493ff055e8bd528fb702b15f8d05d12586986701d,f8590ff1eb039cce5971c27a5a53dfc0,5bf802f39b06a39462f0d11f2567e9ffe93aa31a,BlogBot.exe,7/29/25,Keroro Software LLC,0A04CAF1BB3BC17A33C6E155EC4F5883
cdf1e298c7c4ccf8bcfc506f4348da4306d237c735a05dc11fe88f9d8cd003e5,bf647e510486c22e7e947aac4147a2da,874770a4f0867df5c26b25c1f556e64ed552af76,BlogBot.exe,7/29/25,Keroro Software LLC,0A04CAF1BB3BC17A33C6E155EC4F5883
0de66c0036b46ea7e9396e0e51e053825921f5f4de4674f16fb33ee32c4431d4,f4f797ff74dd777d02f9459b10004de6,e05c0fc67e55f4ce5d19af41e23c18ed8d1dd65d,BlogBot.exe,7/29/25,Keroro Software LLC,0A04CAF1BB3BC17A33C6E155EC4F5883
373e8bd5370c81d11eb7412d0b9966f02f7cc097a5793871983658cbaa1e7277,ceda6ea09ae71434f4332715be4505af,ce92dd8e313c469475190b99d2fb6a4d1eacab1d,BlogBot.exe,7/29/25,Keroro Software LLC,0A04CAF1BB3BC17A33C6E155EC4F5883
fe970e2af01c02bde1c3648255be0d602680faa62a4eb0803684fe85eb796576,0f4dfff7b70b182e765d90fca6468f67,689b9914a49532e421444af86b7ff26c7cdd3a75,BlogBot.exe,7/29/25,Keroro Software LLC,0A04CAF1BB3BC17A33C6E155EC4F5883
9042583d490e35e0dcbe16fac3d20c10a322b659332affc0a7cb7c44d940ce62,38a5632ac3ee4288e77ebef38ce418e4,71d6f096fb24f3a6c5e60d622fb14cdbb0807c88,BlogBot.exe,7/29/25,Keroro Software LLC,0A04CAF1BB3BC17A33C6E155EC4F5883
4999223979e41962b70fc789a8c21a336e73e5abc29ce8e4abdc30c2d78943e2,dd8c354a1b6a0671c4f29525e5429b1a,f8dd83d8cb2178c80d4a55c5438e28bce7e1f870,BlogBot.exe,7/29/25,Keroro Software LLC,0A04CAF1BB3BC17A33C6E155EC4F5883
9cfc33a871357fd6bb7556485fc8209596ba18126787803e4927f633778372b1,a729be46c76a7178f34ac5e35cd70ede,336432a72910df0a5b82c52afb2518ddf8979578,Core.exe,7/29/25,Keroro Software LLC,0A04CAF1BB3BC17A33C6E155EC4F5883
8d9924333fa6c16606cbe41a4f249f2478c60607d11b5a5e1a12b6407586c06d,430381d64d94002ebace4b1a2abba29b,3968257d2465c9f2b722ecb00da5245205533680,Core.exe,7/29/25,Keroro Software LLC,0A04CAF1BB3BC17A33C6E155EC4F5883
3b008267dc242693af160d2365b7db85e8880784c72733f1cd03b44444961608,38bb615d070445987c3c4517065f8017,2e69169f3785d0bece76d5ae9dc5b01ae93d982f,BlogBot.exe,7/29/25,Keroro Software LLC,0A04CAF1BB3BC17A33C6E155EC4F5883
f14cc2e2c58656d2c29bac347862a81236e736e120bdf4143c6594a8f185ef0d,2a1da706e40cbf00e533d1fc083c6a40,fff69381dedf82f704cf24d5ee18f427764e8bae,1.22.exe,7/29/25,Keroro Software LLC,0A04CAF1BB3BC17A33C6E155EC4F5883
9753d3ebc384d9303df319c177ce8c0d278c4a57b00a4945fb6c1b585935f2f5,5aed1d8e3ab7d6d40475afd7eb91d6a8,4da7baf74f1859d21119af16a3d4bf8fc3774dee,文档查重比对系统.exe,7/29/25,Keroro Software LLC,0A04CAF1BB3BC17A33C6E155EC4F5883
3dcfab6252623040a8e03cb7aadef7871a53b5920111c96f4accd9e335cb75d1,e7e0cd23495c4c13d2156c4c888eb589,fc06d666d166dfb1f0f5eb999afb75f3e2b33add,Ltes-Windows2025.exe,7/29/25,咸宁创翼互联网科技有限公司,0D62A5672BBBCE5A3B7441F3A33426B3
9f7a6e2469292f6c9d02247e5352df2372b3843ae36dd4cca08940de3340553d,8fbb5f6d8476bb9714dfd0b4ab325e8b,b69d96551c5afa992b8335cd751f8edefee60993,ZeroDriver.sys,7/29/25,Jin Chen,134216E462B8FC279A7AF7382F45F3D3
6cfe9bddf2da8eed582d41b129795eb81af97b62f5f5a01d2035cb3cddfa6075,34ab2a49e3875abbb1d022c1bd2b6dfb,399171343d775ac19e2d0a79c39cceccd97d731e,,7/29/25,Jin Chen,134216E462B8FC279A7AF7382F45F3D3
7e71bae21d3bd9893f40e9fd318d76dbc419a75ca2403a9972cc9911300b9ae7,ed6dfae29c66644d128ea9f662c35c26,176cc54fbef780947aef2ba4bb8988d59c8ee236,7e71bae21d3bd9893f40e9fd318d76dbc419a75ca2403a9972cc9911300b9ae7.sample,7/29/25,"Hangzhou Saifan Technology Co., Ltd.",0DB8378E7C5F330A988848572F290434
994946e96395e924a29c88a42540182a123eb3327d4b0157b74ea298c07c4629,84ad64ae5ffb5f4e08461598570f6505,e523d546ece4feea7bd125c37b8caec6a63a868e,C:\Windows\fnkddr.exe,7/30/25,Keroro Software LLC,0A04CAF1BB3BC17A33C6E155EC4F5883
87426a7f086eb7fa590064ea9072eb3eea485742cc9fe09a3ab42f83163d099c,7faf56770bcf70f2bee19677427932e4,3c822edd72bbc3077316c8de84c3cb38221d7a30,ESports.exe,7/30/25,Keroro Software LLC,0A04CAF1BB3BC17A33C6E155EC4F5883
40058b15954ac48f4e5222de3393c04a671caa2760434946345c80ea9b01494c,6deb74fe60c91c545e7b35a261fafb85,dabe08a90cbfd10fd59d9d52c3197de789ddf252,6deb74fe60c91c545e7b35a261fafb85_ESportsSetup_Official_2.23.8.0_release_signed_x64.exe,7/30/25,Keroro Software LLC,0A04CAF1BB3BC17A33C6E155EC4F5883
29bd77993bd748674bbc4c2246f0da878b305982421e34a5b68abd1840b76237,07a51ca7beece0edb1b06d71311ca5a5,e46d6cd32f7ce67f9c548f813e73a783dcd657b1,C:\Windows\gh56qeu.exe,7/30/25,Keroro Software LLC,0A04CAF1BB3BC17A33C6E155EC4F5883
5b6feb53aefb326923ce09e683683414bfd0a0093799a2190a90b1e4dd5928bd,354cf54bc66aaa0dcd69561195926bca,c9cfa1beabe20bfa6a5670fde85c5b8ba58baa24,jpai/jpai.exe,7/30/25,Keroro Software LLC,0A04CAF1BB3BC17A33C6E155EC4F5883
c446875aec1cfd0d81c17ae8cbbb83f8347ed20dd12e8dc439f6a8d3e9405dc1,46717f7c753d4b6ffab6083190b90fd6,bc3da22e4c79c4cb9529aee160b8cc6738ef17d3,我搜启动,7/30/25,Keroro Software LLC,0A04CAF1BB3BC17A33C6E155EC4F5883
eb8a075d670747146dc35266dda70bbf286afec20787dd2818687e33f6bc521d,f1896afa757f04e055f846bfa7e2931b,2486ce4d4f24dda37af760a3b4fa5c9cfbef97a0,C:\Program Files (x86)\      \      .exe,7/30/25,Keroro Software LLC,0A04CAF1BB3BC17A33C6E155EC4F5883
d51ab8b86521a0edf630a570463362b1b3d1b1c7b439be8b4e790357c18ec4b4,da59a26bfe49e98da04d3b6e1a2e95a4,0f29ceea7f8b04d644c9edb11b72f001e9fd44d7,AxSnap.exe,7/30/25,Keroro Software LLC,0A04CAF1BB3BC17A33C6E155EC4F5883
bb3ae3069f33d520471bc47c496d8a5626fc9b754b356b91324875e980d05c6b,53beac1947f80bcf07514710f12f945b,fe7f02342ffc459300a4b780c7421f5fe74f12c0,JyzLogic.dll,7/30/25,Keroro Software LLC,0A04CAF1BB3BC17A33C6E155EC4F5883
4c305bedd5a322c7e28938d5c77ffa867c9127301b8da1ec3b0415a392f5eda1,de171012e6bb933b91ee88368c067082,e21e2433a437db71c617efe9bb01823d224742ee,JyzLogic.dll,7/30/25,Keroro Software LLC,0A04CAF1BB3BC17A33C6E155EC4F5883
eeadda6856a8e5616cd2a869fcbe864aecc268329401173709b5c02cbd51f51b,12d8767b5948d1b919f185da24f47627,20614b868e5eb72e644f723beb602c587bdef7ce,countdown.exe,7/30/25,Keroro Software LLC,0A04CAF1BB3BC17A33C6E155EC4F5883
b0527c8d6d17ef8d0a751a396a3b9ff372b75290b4c069037ee11455a9c152f5,6194bf75353d7ccf024b15ae070dbe6c,44146d2334213b9dd1deaa09f4a4ddbc201c7b7a,messageadmin.dll,7/30/25,Keroro Software LLC,0A04CAF1BB3BC17A33C6E155EC4F5883
7f675340f9b523b227cbfe0070b4f498ff670ad3ebea769fe10aed874188a5f9,264354f57fde697f4a48d186553399cf,15fe240ad7099ebaa6836f9632450397a43a8c4d,upnp.dll,7/30/25,Keroro Software LLC,0A04CAF1BB3BC17A33C6E155EC4F5883
2678138875d699ba27d83ce0cf7a65f7b2e16bf81d1f0edf3f6adfdfdff03f46,cf98d9b750966ae89959e996e0dfcb1b,52a5ee22e7ae26017ad5c98d1fc727e96396a354,common.dll,7/30/25,Keroro Software LLC,0A04CAF1BB3BC17A33C6E155EC4F5883
cacae03de91f14060347320493427e0142fb9f578a2dcd22044148641c9a4f05,df0ed83dee8efd7bc9060a21d962bbfb,07fc39a26d7647673fa2753f6b89a48a7db0e98d,PicSeek.exe,7/30/25,Keroro Software LLC,0A04CAF1BB3BC17A33C6E155EC4F5883
64a2306589747008c2247236d897e3a915c4f75d2c3b9bd8ef441b81281c26e9,bbbaf175626a1993c701f72ea70c72d6,7c1437ef1e59bbcc0e565b26a9a03d5ac9ba8e16,QQHong_bbbaf175626a1993c701f72ea70c72d6,7/30/25,咸宁创翼互联网科技有限公司,0D62A5672BBBCE5A3B7441F3A33426B3
e9b9faf4217b1ad2acf5c022c1cc7c601ebcd62079c4711f54bc77fa0ded5c4d,aa3e2e8662658e121618f964edc01e6a,d08ccc12b158b2d3ce9cdb7ff4de578ff71d8262,app-3.14.2/arphaDump64.dll,7/30/25,咸宁创翼互联网科技有限公司,0D62A5672BBBCE5A3B7441F3A33426B3
f6b031986e20fe282e5ead5c593efad96f3cfa8b497f4d5d4393d035eb411ab3,2f9633df832c130cd2f89a55138c2972,2227259090d80485cbbe1ba941e58ba74b4530cb,lets-windows.exe,7/30/25,咸宁创翼互联网科技有限公司,0D62A5672BBBCE5A3B7441F3A33426B3
ad9a642ac4b0c17450c0f301a83105d9a8c5ff28d611c628698767a4e33b94bd,48f38cce2f316acca7c3ec57db480184,61a9f85a994e5114b847dcb30473269991eaa273,,7/30/25,Jin Chen,134216E462B8FC279A7AF7382F45F3D3
5483931e5c98ff80bb44b1cade1a5d302be5564e4d6360c1695dfd15b96533a7,0fce31f940f07c70290f92a026333513,d03c2ce5ff51448c2efa69af100bd2169dd33fa3,TASLoginBase.dll,7/30/25,Jin Chen,134216E462B8FC279A7AF7382F45F3D3
7066121042dd5c665971a9841a76b1be0f68f7495f19446c446cfb5ea60fde3a,43c023df466c23e06e5633d7cbb782ba,823640d59fa39432b7d9cebb40b3ddb505423d66,AxMath_Setup_Win.exe,7/31/25,Keroro Software LLC,0A04CAF1BB3BC17A33C6E155EC4F5883
332e75045adfd4c923803d62b160f3092b53c9400e021bc01ce51483d5ec1e11,3e52e8e5ffa7a3aa8afd4e3eff5fb7f3,b1a684214a276bcaa8b4bda2430ec3bebabc47a8,eosmsgV6.exe,7/31/25,Keroro Software LLC,0A04CAF1BB3BC17A33C6E155EC4F5883
92a9a2bbd5f11f99d32985a762792b6dbd5f88dc3e8f82f0785e2a0a49cb65f3,42e1c3dfde2abcf24540d6502277f77a,c2d8ae1fb6dd8281d43eb46719aca892a450d9d8,jpai/jpai.exe,7/31/25,Keroro Software LLC,0A04CAF1BB3BC17A33C6E155EC4F5883
8d772a8fd23f78c2a54b3e0645bd56ce5fb35f1c446bea53c836fe62e0dba9d8,0086ba48be42345f4e7b00ada8fca262,3d40d2667add36b623b0c5998cf631a78265b8a4,C:\Users\user\Desktop\.woniu-acceler.exe.new,7/31/25,Keroro Software LLC,0A04CAF1BB3BC17A33C6E155EC4F5883
136143d4e00c532aaf2ae491aba2a0349991b0cf936ad69a712ffc2cdcfd1a3a,ed0bea442eabccb943443d5c2e58a5c3,62a955e71038ed090dcfe53505ab1018267430b8,woniu-acceler(test).exe,7/31/25,Keroro Software LLC,0A04CAF1BB3BC17A33C6E155EC4F5883
de582f786f82017d0779f27c1a3f85d2f96795892fca4bf179dae5c08b88bfeb,1acacf7e7e62bb666718b55cc6b23828,d12cbeefba3cc2246dbcbe3660fc655e1f5afa10,JyzLogic.dll,7/31/25,Keroro Software LLC,0A04CAF1BB3BC17A33C6E155EC4F5883
02235d586a3fe8a1108a84bb9f83a6940cec001979a0fa40ef13b35ad118eefe,ffb7e14fa9a64e0238a58e4c2fd4ec5e,2177a9b1cf78ea770c5be962ce936a4554a300b3,dolphinPhoneNumberMaker.exe,7/31/25,Keroro Software LLC,0A04CAF1BB3BC17A33C6E155EC4F5883
ddd355d6633dd3b96dfed8d8844c5db36e2123d09c9baaf0ea7dc5ade7213e73,4541a2e80cdd3af2c450766628be87c6,f75bc8ddd5c844ad95c663b91752b9af53a074fd,我搜启动,7/31/25,Keroro Software LLC,0A04CAF1BB3BC17A33C6E155EC4F5883
b2934d6a16a3623ffbc1b0094be0430d17a2faa50f01ddd1dfb4cf0b06920fe1,2c0b9ebf6477fb9de5c24a68649b5a5d,7d795f7047e6a094dd78377e322c69ed1b6f8540,extracticon.exe,7/31/25,Keroro Software LLC,0A04CAF1BB3BC17A33C6E155EC4F5883
b1c3914b6a8c8910c9cb2e1677a852dba4cf027908292b381b1270df2bc07f82,ca525c829931bd0fc4d6dc521a355872,2d4bf953cf566091a2a461093a6638484602c578,jpai/jpai.exe,7/31/25,Keroro Software LLC,0A04CAF1BB3BC17A33C6E155EC4F5883
4d49a9285b479c9dd1582fa5f87b97145ce7b9c28c856a64bbe34a06d342194c,03be3e244d136ad8d4f542e05f922039,e68587b6ba605a03e28f285d41b2bc13a435b8f9,HMLCAD.dll,7/31/25,Keroro Software LLC,0A04CAF1BB3BC17A33C6E155EC4F5883
655218a3e2ea418a8aa5b5de81b0cfabba24159a4ad809839201001bad1c9691,d93a5cf1a36a4567a986ee906330d3ae,aaa02aa69d06017a8e0740fade6ab83aa8e8f0c1,LitCAD.exe,7/31/25,Keroro Software LLC,0A04CAF1BB3BC17A33C6E155EC4F5883
d3d2d71676ab679c61ec03668639aa15793f96f9d8450698a219c1d2483a5dc8,fc2f3be8ce23b9a67cc8a201c07cd337,9a6c456efe4a4dbaa62e2e71b48040496d432fe1,arphaDump64.dll,7/31/25,咸宁创翼互联网科技有限公司,0D62A5672BBBCE5A3B7441F3A33426B3
3f78ec4bd0a0ccff1c5e0fda4f47531abb343a9835682c40f538bebab5b770e8,515915ad759965dce79ed17c142b03de,bf943652ddfef722be10f4cc129e2fe3d3004bc8,safew.exe,7/31/25,咸宁创翼互联网科技有限公司,0D62A5672BBBCE5A3B7441F3A33426B3
d28abf68b8024932e17f1bf38b2cd01cba0eb65d48e7ca5fc126473d19e7e2a1,251ad34c0745b45f5c2b139eafbc8307,3885a47417bdee5ad5bdc9eb01dacb2e70aefa23,LetsVPN.exe,7/31/25,咸宁创翼互联网科技有限公司,0D62A5672BBBCE5A3B7441F3A33426B3
a9a71158897e79679bc0463f5df685ac4a4a4b378608f1d7779889601e24174b,6527bf4f7a1614bbf7aa5820bb7d3ee6,0d0717b1b5bbc1a77245064d124a4358456821db,Letsvp-laste.exe,7/31/25,咸宁创翼互联网科技有限公司,0D62A5672BBBCE5A3B7441F3A33426B3
ee48b2015481ae130ce67ec5286824f66d15f51cce2ae954027e77f8acd3ecdf,5aa48ee5003a2bc3631f02b4810a6d1a,b9648a9149b9125478144822fed7087829c91492,Microsoftdata.exe,7/31/25,"Open Source Developer, Hao Chen",0582253D22D291481B75770C1556C56F
1a79ca4b16c7bdeb741c5a54d3890466fc6e98aa265d6a7bc52c0d43f551e8e3,59e64a99860c1022d0b5ae595ba43fd5,5df108870af9465f9fe32d82c122a3b7e596e9e3,WeChat.dll,8/1/25,"Morning Leap & Cazo Electronics Technology Co., Ltd.",5BF73255E566E8DF1D295A93
7c5583fff213bd93237b110c274a7ceb8063dd7ee1d0b4fd38351e2975be5cee,fe12eee0df4e6edff380588cd39aa3f9,f6d017240a311b4ff163e05f6339596b7fb69253,NexBee Setup.exe,8/1/25,AASIM MEDICARE PRIVATE LIMITED,3C720E116FF39685FD1BC018
97e710dceb55e68455f8bfb3247415d0b42c936b2205d56c10dc26621790a4f1,8ebf4b39c37367ac40794ad58825348c,a21920a47a37a6eb0193e1e1ea45a8159bceef26,11.exe,8/1/25,AASIM MEDICARE PRIVATE LIMITED,3C720E116FF39685FD1BC018
19a86d48513bd9fd6fc0b4463fd8ce09efa047c0c2e0d4a5989bc55aabfb3065,82425462504fcf06c5251cbac49f43ac,82bcf9c5d44e96055687ea5180cbe891b1b2258c,mlvRead.exe,8/1/25,Keroro Software LLC,0A04CAF1BB3BC17A33C6E155EC4F5883
d91f619855663520e9f8e259dccdc9e9676c3af0ec6f908a123ceef18e423958,6096cc86cefca0d4310b5e5537a258d6,9a744ce011db3fb2ab422d2937b1576330e76b6c,LantwGameClient.dll,8/1/25,Keroro Software LLC,0A04CAF1BB3BC17A33C6E155EC4F5883
6b08ffb43efe6a2500eabe670cc90a4246844d48b8b2e5a916533180e3a25b36,c34b150486cf9ab58829ffe337ebd661,149b19d5760ee7d57556e5f94bfab19ff65011c1,LantwGameClient.dll,8/1/25,Keroro Software LLC,0A04CAF1BB3BC17A33C6E155EC4F5883
37d358ff1033ff42aea09087c98f827b97c0dba8f65d5b255363c01399a398ad,a994ea4d5abcb2d8bee3e24ac3597964,f7fd6bb2951e32b1f77df7ae72de2596172b6dc1,connect.exe,8/1/25,Keroro Software LLC,0A04CAF1BB3BC17A33C6E155EC4F5883
c9869c4929e621f81d7105ab8210e11add5a86718e5120becee22fa495241375,3941a256ceaf6f8066beb802f86ffd0f,42f7041e7eb8ae8f9bf6129b30353351e331badf,warcraftmonitor.dll,8/1/25,Keroro Software LLC,0A04CAF1BB3BC17A33C6E155EC4F5883
c6fc2f98bfec7dac3706fa69ee9ae22ad88a94bbcae3f118d54602951e31907a,8f1e23ec032cbd8c9a0677ce4baaae5f,ecf87a082be0c18cab4956ee86f2732e3d2fa877,jpai/jpai.exe,8/1/25,Keroro Software LLC,0A04CAF1BB3BC17A33C6E155EC4F5883
6bf0755b0cd2563bee43a1f488202603030a6d83975ea1f5578e4d91a7289e03,beef9fc8eaa313d1a90dd8799714669b,51ab4ce9f570f13313527f16689aa46d7a5eabf0,QQHong_beef9fc8eaa313d1a90dd8799714669b,8/1/25,咸宁创翼互联网科技有限公司,0D62A5672BBBCE5A3B7441F3A33426B3
e3ed3b1148e9435ca557b94a10f14c14615500664a8c3b2870ca6746ab1ee180,bb2d6db0faec95279a7db43b443d2946,05fe5b46cac785f722ed30e18cc77fba59180a9a,safew.exe,8/1/25,咸宁创翼互联网科技有限公司,0D62A5672BBBCE5A3B7441F3A33426B3
6c1899a13407584e74b07f38bf3a41571b0b6bd9689c1caa3af1907503114557,36dc93cc56e384bdfe1f66bd9c531c45,d90a301b0c4643d79069d2314f189fe178ad5dc6,TokenTest_0x4B0.sys,8/1/25,Jin Chen,134216E462B8FC279A7AF7382F45F3D3
f13aef71fde16ee48f011e99cb4f7b0187daaaca040ac23bd839fc37b7959224,e87e8eae9a735b5862a279d55ea9cbf6,4f91c9d02751ddd5f380fae97a16522646578f55,Loader.sys,8/1/25,Jin Chen,134216E462B8FC279A7AF7382F45F3D3
eb5e03e1561e79e0f0412d234301bca290d9acf463459a9e29caa533045584a0,ad4bfb0295a8bacf968292f0505d7089,9529f83b6417b65e55bd90e4d05162eb307493a1,Microsoft_Excel安装神器b1.exe,8/2/25,Keroro Software LLC,0A04CAF1BB3BC17A33C6E155EC4F5883
fa2d019d61cc65bb4432472e09cf822203ef186c6ff6e46abeb1206c716121ea,79592e0da481ab6c2edbed0135703b53,86e0c5574d7896eb971afa7521ae9541b9071afd,LetsVPN.exe,8/2/25,咸宁创翼互联网科技有限公司,0D62A5672BBBCE5A3B7441F3A33426B3
1bf561a3d7755a76cec1250fc8e0b03c61f3a0596b6e94666af6ad093005d3a1,473c18d8cb349c6b47a75a11ec9dd366,75e9e109fdecf84bf5eb1ee8753c77e435909210,LetsVPN.exe,8/2/25,咸宁创翼互联网科技有限公司,0D62A5672BBBCE5A3B7441F3A33426B3
f495fcf0184901b2ce8ec8c85a6f5ab995e92a1cdf0064c7afd0e3d731e37d44,ab7deede40761d143b8bf648d4b64234,ff6610430224223c0dbd7caebed33c25db15a438,Letsvp_2025.exe,8/2/25,咸宁创翼互联网科技有限公司,0D62A5672BBBCE5A3B7441F3A33426B3
1994d497d6c636232aff520af58c13c0c1ac258988fbd600d38b19c8cfc8712e,1d6764a0e51c6f33dc441a1e8ee2ce80,68d978a8b295957be93038511c9dfa0053a05604,.C[1].C,8/2/25,"Open Source Developer, Hao Chen",0582253D22D291481B75770C1556C56F
2026e7e7087a287e1dd352cb9c8d3ba182fdb0979f4b3f2be67d8d87493a4808,5e45ef7e6b2d247c8f8b5e67b3298a76,84dc2400fa16a347cbd018cb7889dd59c8631f99,TASLoginBase.dll,8/2/25,Jin Chen,134216E462B8FC279A7AF7382F45F3D3
98de5d5d5970af0b1f1875862b6b4c514fa5ae728d4325ec1e28bbb195d3f1f9,7920c2034e4d1199fc67fcee698d913e,aec4fc9153c5d3777abb8c58dd32afc71b42884f,Driver.sys,8/2/25,Jin Chen,134216E462B8FC279A7AF7382F45F3D3
931168583f07330ccbd6094da7d77b6438878e3b63e8a98cc8d37107d63e7fa4,f43637f36e70f32e6df83318c87c62fa,f2e1f660987b4f47b20bb5c7d487a9139a71ff92,TASLoginBase.dll,8/2/25,Jin Chen,134216E462B8FC279A7AF7382F45F3D3
b313091e22b59dfe0ee60577dc720c7e0241699c9ae87dae8b9f2b4752b54ffd,1a06185ef4380da481268d6d262cac01,411e1bc9d76a9d3eb4d9990e308b7f5745cf3e70,Plasma MiniApp.exe,8/3/25,"Gucheng County Sili Technology Co., Ltd.",009D8810BFF34A30460ABF1E5410324DA8
3f3c342240930b12144f38f251e9408f74840c8988f5268bac332f360d706b57,956122e0adf803ca982f5675ca80e1fe,5a2825eee50669013f7482b5add0a235c0f0ec31,ChromeSetup.v.7.51500.966.exe,8/3/25,Keroro Software LLC,0A04CAF1BB3BC17A33C6E155EC4F5883
60d798d4ba3ae744e114ebeb5dc40e1c81ad56cf1b9aaa65573a28a80f79127b,5160159afb2a8825c6de9e244767a173,fcfeec80e789adf2695aea8d0df06dc90ec017af,safew.exe,8/3/25,咸宁创翼互联网科技有限公司,0D62A5672BBBCE5A3B7441F3A33426B3
d9e48d21ab50861a07f114f847de752932f4c0c7d51e3907e61f550e3a0350f6,93117690216002eb15c22dc54029384b,246f11e6dbe941ac5f4deb509a8458af311be785,LetsVPN.msi,8/3/25,咸宁创翼互联网科技有限公司,0D62A5672BBBCE5A3B7441F3A33426B3
9ca3945fc322e98b8394bc20f801c8b66dbe6e7bdd788948fd73eb2da5e5ec43,5224ef9c7f9652e70453e07dcd4021f4,6eaf19da8a49df0b47281dcac4574294f28c866d,arphaDump64.dll,8/3/25,咸宁创翼互联网科技有限公司,0D62A5672BBBCE5A3B7441F3A33426B3
95c5f68174aedf615b8f140f90b4ba318880dc8bb84086ad9266454884f96786,663893ca3da6c5de9e134ab69007aae2,f8fed7a0259f5cf182daede91590536fbce1e411,QQHong_663893ca3da6c5de9e134ab69007aae2,8/3/25,咸宁创翼互联网科技有限公司,0D62A5672BBBCE5A3B7441F3A33426B3
daaec9ab5dc6b7bed0d8a2aa2bebf59a6231139face2f7898388c6c868befc22,c583d0002c886443e63949e81f0c812b,cb21afa79707b9395eb674612bfe77d867a9f708,LetsVPN.exe,8/3/25,咸宁创翼互联网科技有限公司,0D62A5672BBBCE5A3B7441F3A33426B3
76b082cbf3d07c5e37fb095171d8af524703b343f9b85ba244322f01b700ee62,3a43be9750b0e21c6fc1ddf66e0824dc,49088acddbeceb87d5fdfe2ef1c21b1f1e7a0753,lets-3.14.3-2025.exe,8/3/25,咸宁创翼互联网科技有限公司,0D62A5672BBBCE5A3B7441F3A33426B3
f0894256fa4923cba3643bc1ecdcae0e3487faff181ee32d42b9bfc218216b88,9b9de1200ed87cf35cb581b049ddbcad,a2a57e524e489da2661772feb894d49f27631ddd,Google Chrom.070301x86.exe,8/3/25,"Meisi Software Development （Guangxi）Co., Ltd.",65620C1D74A8FD9630E9F2BF6281A61A
fd6a53d36f7260e30698fa08e22fa64a68ce867771c71cee3220c2be7e767a2c,3b9e54590042ee63d9b20e5246c241e6,d654a866ca068907b67d6690d629b1869b64fbfb,ProgramDevices.exe,8/3/25,"Open Source Developer, Hao Chen",0582253D22D291481B75770C1556C56F
8cc2fab188685d4247a01df077964cbf84ca9ee13ce9b701d0d166912e68bf01,65ac8cf2a867c49340f4a96d2ae23584,66f523ba2b96f102e15c51a1b89e184e5f23d14d,trfopt.dll,8/3/25,"Hangzhou Saifan Technology Co., Ltd.",0DB8378E7C5F330A988848572F290434
631b146d3cba8378ff21e0ede0ae78cd7c57d957e54cd3f2e133d26b483dd729,40221789c02c93a5b6e552006b5f22c9,589f31f71a28a5a12047fe35b8a9bdcd5a1c3ca2,trfopt.dll,8/3/25,"Hangzhou Saifan Technology Co., Ltd.",0DB8378E7C5F330A988848572F290434
56b6c8cea3342d051848517350a64d76a349e55942801b577a0ea1d87e662191,ece9996aa97fb6c3fde7d4beb3104b0d,0c2306e98085b302d96ddb7301683fcb79390287,ac_updat.dll,8/3/25,"Hangzhou Saifan Technology Co., Ltd.",0DB8378E7C5F330A988848572F290434
7cf9bdc16fa6c7b650ecc6c064dc0fe051af753872f274d5868226323e1c7e2d,f97de58e9f234dc3722f8651124e6c58,231c323bb31f22354e4f71435185757fc80ba971,,8/4/25,AASIM MEDICARE PRIVATE LIMITED,3C720E116FF39685FD1BC018
1b28f28c64e037f036944c85ce39ed1079a6b0a9f90a1266695c7b70a402062b,10b9b107931fcfe8b36d7cec89d22527,6b55f9e0653f4a23842af9130ed89264774201d9,eosmsgV6.exe,8/4/25,Keroro Software LLC,0A04CAF1BB3BC17A33C6E155EC4F5883
b211a0bfb6d6c9bbe545a0551bd9bef4b6a5a6df247070be9263ce3a6ae4a6e7,add5b386e51612c68fdb9fa16bc07155,5d98ea7f862818639ec4259ab791b78a3d8ff638,eosmsgV6.exe,8/4/25,Keroro Software LLC,0A04CAF1BB3BC17A33C6E155EC4F5883
4d318a044c1eb637228c264df50e3f1876a13a32c0ed14baf5694c810a6664a2,9ccaaf0a8e3aa619c10d1e509f5cbcbc,00dc8c65280e6ec9e7028076a13953ee23085c9c,eosmsgV6.exe,8/4/25,Keroro Software LLC,0A04CAF1BB3BC17A33C6E155EC4F5883
4fe34167efe70d57163020e016cc5f481a868269a366d3b3968e1f8dcf7d80b1,d3ae1d6c187e09cda0d790c4dc529548,eafc5674ab1395eb351c886e06afc62306553233,eosmsgV6.exe,8/4/25,Keroro Software LLC,0A04CAF1BB3BC17A33C6E155EC4F5883
7826397f4c208c27e7687dc2a6353be37d54f66b0ee0f307cae4aebb1b817833,cdc496efc0c1adda3dbb1cdc7ef8afce,bd9bea587e6dc81b0a78f3bb9d7722c8ba52ebaa,eosmsgV6.exe,8/4/25,Keroro Software LLC,0A04CAF1BB3BC17A33C6E155EC4F5883
67755156b71ce6c271a8b384920cf7b048d6a1ac0fb4786c538a77e2b649d981,a13f4469734533b55282f1ddcd21a2aa,0fd6d435007367077dd6a10992a6319f8f88fa22,eosmsgV6.exe,8/4/25,Keroro Software LLC,0A04CAF1BB3BC17A33C6E155EC4F5883
b41e4cbb389d269793e883c83bebcfbdb048a4169f928dcec5306dbc99b4fd28,087a1858e878b37c8a01a6fa25420d3b,4e21bf56026243445d0bf8e1ac6b5430f7192d7e,eosmsgV6.exe,8/4/25,Keroro Software LLC,0A04CAF1BB3BC17A33C6E155EC4F5883
21fe25ce420962d44e456fd50500a468419df1c47e9922e869707fb14208dcb9,bb080a4fa7f84e226fec39546c406ac9,8e5eb83fecbc418b38026c9c55317e3012764d78,mlvRead.exe,8/4/25,Keroro Software LLC,0A04CAF1BB3BC17A33C6E155EC4F5883
28d8a84a8f5f0e4e6f7abd750f4e09899c4c0cea9e78f97f127ff3bb18cc972f,3201837c59d02908a4425c7559f6e535,ca2ad5802a10ecb71273c96f44476c3c21ab828a,eosmsgV6.exe,8/4/25,Keroro Software LLC,0A04CAF1BB3BC17A33C6E155EC4F5883
a19f294cb78de0ca80e24265d363bfcb3b00e3258ac5526d4b91728835487746,14e981cf1cada8db652707b6d36ddf15,8701e98ae4b7b0825f422d4d7a37cbd134782c46,eosmsgV6.exe,8/4/25,Keroro Software LLC,0A04CAF1BB3BC17A33C6E155EC4F5883
5123395e3105fdf38e97a35ed4fb33ce1a9b721bd92eb243ba1b6af7763e361c,fbc98651685c68e82132bcec2be2d3e7,491ccafc5fdff730f9b519d7e60697c581109ef1,eosmsgV6.exe,8/4/25,Keroro Software LLC,0A04CAF1BB3BC17A33C6E155EC4F5883
e975a03cc0d6d9fd2db305e85da6cbeda4cdb01cf4562ff502f7d1af77743559,c3d2140738dabfcab7f0454d8eb56069,db8319b4c8a15f25b8c16b12a0f0995c4d9bff23,EZTeams.exe,8/4/25,Keroro Software LLC,0A04CAF1BB3BC17A33C6E155EC4F5883
46447a4841ca4561bb367f6fa4b7a4d25535337d545adfc3d0f3665810e86a9f,75f89290662db8c455fb63a026681ba8,1e51a9d73bc6eb82be4742ecccbee670a82a83ec,ChatMessage.exe,8/4/25,Keroro Software LLC,0A04CAF1BB3BC17A33C6E155EC4F5883
f67b0971d7147e207de4a2f4991ee552ad0bb4592f49e466f1eee382900e992d,d3778571556fefc4f80bc44b09c161be,04f17d46d71cf16c6232fbfad8c9d52d28ce34d0,eosmsgV6.exe,8/4/25,Keroro Software LLC,0A04CAF1BB3BC17A33C6E155EC4F5883
1be4496fa6fa12489a1c7c6ea500238102a45c5f6ba911e4ba094b3726b63392,06d7395bb8edd9422be00786cf73eeb6,ac00bd22a862837264fa917eefb4bf0dc206172f,eosmsgV6.exe,8/4/25,Keroro Software LLC,0A04CAF1BB3BC17A33C6E155EC4F5883
a86d4c3b686ebf8dad8c543031152b8d29d0252276f36252805534c4145e68f7,521567c38461c066e0514d4e5f8d2e98,ccccda8ebb5a100e04b14b774fff2bf76610a071,eosmsgV6.exe,8/4/25,Keroro Software LLC,0A04CAF1BB3BC17A33C6E155EC4F5883
60bed114800195f8f14f93930518181244d80304c561d7a6dd99139c03e01f64,e107d79f073e4e40750ae6aa584baba1,f9358332af3fb1815898e98e87c2501ec82a4930,eosmsgV6.exe,8/4/25,Keroro Software LLC,0A04CAF1BB3BC17A33C6E155EC4F5883
2006e5dc7b5b4882733f576b9bdb954659757fa84b045aa41cf2ea0b7aed1731,1623083e5212add082b59bfb7ebfd0d7,34deb7618178c3956e4ef478eb55eaab587b98b1,mlvRead.exe,8/4/25,Keroro Software LLC,0A04CAF1BB3BC17A33C6E155EC4F5883
b75bf97fa7847bd3c63fd13893ecfd56282e75add952484df57d8e9bec2f6008,8595786dce2718ab0c19bf7e9bdf2167,a7c8c0ea1dd60e771f3daa69659b3dcc8402d91b,lets-3.15.41.exe,8/4/25,咸宁创翼互联网科技有限公司,0D62A5672BBBCE5A3B7441F3A33426B3
292641aa7396708364d65938e2fdc15cc430e2b93e42f90ddf837a29d61bcf99,37b2b6ad0b43cc5e3545f49cc780a2ca,576406c14e870219cbb82454ed533f4189d1dfa7,safew.exe,8/4/25,咸宁创翼互联网科技有限公司,0D62A5672BBBCE5A3B7441F3A33426B3
2440ce3dc1835217356e66eaff4f273792e33ef82aa765fdd15b4fcfc940abef,880ceb838b0dc15052ea621661cd36de,a974928965ea678e5478a5a53e1c7681088f89a8,LetsVPN.exe,8/4/25,咸宁创翼互联网科技有限公司,0D62A5672BBBCE5A3B7441F3A33426B3
a8585d95af37fb0b3a60f5b8f2270e6f1edadcd6a3066e6eeb502d038349b69c,37f0f502e2bf5b4df769b4ddef133c20,73e3ff5d62a162dd73bfeadfe69e6a21de1b5c76,LetsVPN.exe,8/4/25,咸宁创翼互联网科技有限公司,0D62A5672BBBCE5A3B7441F3A33426B3
ed908c6edca9b1032fcfb59265d7502839d56d95bbeca5df0a10acd65aa79d71,c12482c80498ef659de2b4a37414472e,96192db55a18457a509e97da40568d61e7f706b8,TASLoginBase.dll,8/4/25,Jin Chen,134216E462B8FC279A7AF7382F45F3D3
4795864d28f46199a105f9668d7943ac56c5e8bdb58d6bfcf8cbd57c58d81cd3,47e10292617aef32fc9d93362178d1ad,7cb559628c81a43703e3207c1f0549d8f8271c2b,TASLoginBase.dll,8/4/25,Jin Chen,134216E462B8FC279A7AF7382F45F3D3
6d5e491066b724f19fa9408df28bfcbffd732a49a91231f48857ada2f5def2ba,c7cbab4a821b728ab483bc4280d2acd6,6fea00dab409ef928cf27ab11f0104d1c2879a46,TASLoginBase.dll,8/4/25,Jin Chen,134216E462B8FC279A7AF7382F45F3D3
74481a1e835a4f77e746439970d8d161d090faa0fb00a59d5bd74cad9ea10be5,596f5ec2b8487fcd66649fd19105fa89,233e43ae44e4db04ede901b972ec754f34ad33d7,TASLoginBase.dll,8/4/25,Jin Chen,134216E462B8FC279A7AF7382F45F3D3
3d83302db54e593f4a03b876d825e3246a66dfb55f7ec5a5e374cfb710cbbe0c,1f8776cc735e592a51c772c7ff99d2af,c31805a82ce2585026e67b2abcebddc74251274b,CameraControl.exe,8/5/25,Keroro Software LLC,0A04CAF1BB3BC17A33C6E155EC4F5883
eda23ec21c620e197be1f57bcf0d534ba0713dad32b238109da27f6bd9e59343,fe2b68f372934f93dc496dd60dd44b53,7380cfad4258479ee3e04b5446306bef154cdef2,eosmsgV6.exe,8/5/25,Keroro Software LLC,0A04CAF1BB3BC17A33C6E155EC4F5883
6bf0dcd1a3d989b2456117a2e09cb17e43a977a4ccf2372e1ac55f28f67228fa,145374d94e03cf2a4e2da9647cfa84da,05247e39758b583f46bf3f4c7032345fb8c1d906,upnp.dll,8/5/25,Keroro Software LLC,0A04CAF1BB3BC17A33C6E155EC4F5883
34fcf95c7e556e790d2fa5019a7509a55caa5bef94aa771bbe98e0e648316301,54d921bc65a2eee96f946750fe33f393,639df5afe468b3ef29561721da7443c08a0d5a59,countdown.exe,8/5/25,Keroro Software LLC,0A04CAF1BB3BC17A33C6E155EC4F5883
2f1e5127deb523c178781f442c10c292570fe297345f35b871dc5cb9a943df6e,c607ebd7e17aabacd6bf7b446628a51f,3b9b4b7be941e4e1d8601be4b9cd28aa75c2ec93,messageadmin.dll,8/5/25,Keroro Software LLC,0A04CAF1BB3BC17A33C6E155EC4F5883
2e9aa81ea41142522d0a7d5caa1e3ab8ebe5967d39b53c53935c2b2be3a46da4,8877b2bf3c8e37911201e59893d3d8c9,1e7a60ccebd210e1627e471df58fbaa637963e4b,common.dll,8/5/25,Keroro Software LLC,0A04CAF1BB3BC17A33C6E155EC4F5883
ef5d7bcf202b6664198367c340736ce2cba668768548ed7d3eecc0f5d8c7d7bb,38e6d4843d5df9478f805f343ec558ef,2344a0ee69333b223f1a2af6f35d6c0fd01ab423,,8/5/25,Keroro Software LLC,0A04CAF1BB3BC17A33C6E155EC4F5883
eb537265c71c3c68888bee9f0bc29bec334bb4977c0039ba734a7513b5c9be8c,c4b6474f53fe498f9a1cd7cc49e8bafe,73ab689c311c3bba817ff2958ee8ed0f6bea488c,eosmsgV6.exe,8/5/25,Keroro Software LLC,0A04CAF1BB3BC17A33C6E155EC4F5883
119fe57d635f6476b6dc383b9a311dbeb8641d6691ab1b3d73bf5a73856a68ce,3991f582bd51420076fe65dd2db6ab92,b91fadcea4ec9d42a8c518e379aeecac805d0d8f,TGCore.exe,8/5/25,Keroro Software LLC,0A04CAF1BB3BC17A33C6E155EC4F5883
bd44759d4bfef5c23481be7add71f5a43d43a735e60686f323705faabf92399b,9cade0b9a46c486f37fe8d6fe817978d,01b4f21902b47ccaf08ff57d771f91567acb4c36,Core.exe,8/5/25,Keroro Software LLC,0A04CAF1BB3BC17A33C6E155EC4F5883
226881d0631fe4567eec5a327402f892a4304571905926a9493f93c10677bb2e,9335161c76ac18e3f5fc9372b5bb9012,1c0eff069a9f54680c7b4996d5df3c6caa08a56c,ImageGeneration-Installer.exe.exe,8/5/25,Keroro Software LLC,0A04CAF1BB3BC17A33C6E155EC4F5883
2c0d1b0dbc8d97a4b197bee9fc3173e8b8dfc476165e6371bc6f28065279316e,5d4408ea3aeb20bb16cab6f08957e51e,3ab033a130f523187832801c79fe1d287eb3af9f,safew.exe,8/5/25,咸宁创翼互联网科技有限公司,0D62A5672BBBCE5A3B7441F3A33426B3
689e2453eb807317372bd6b000c4e25d9c397bf34a6b9f99ef2321b830f7921f,03a1bb0c5543309df049f81e55953843,0c1b70546fc6ccf82541fd2bdc33370ee4304dad,C:\Users\user\AppData\Local\Temp\l5tltrc1.nlr\lets3.15.4.0.exe,8/5/25,咸宁创翼互联网科技有限公司,0D62A5672BBBCE5A3B7441F3A33426B3
82b586fade358a1acae15a4b5d96dcd797041397fb7a7dc1fcf632baf50e4dd2,4708656ffb07da374848a2eec5c6ba37,c5ce3eac58d6489cf8d06ede4f2ef3e7b88cec18,C:\Users\user\AppData\Local\Temp\dwkuoapf.od2\lets3.15.4.exe,8/5/25,咸宁创翼互联网科技有限公司,0D62A5672BBBCE5A3B7441F3A33426B3
6e964981132349512627abf5b29bdf8dbb71079fb7e1046384f9bcdb7494ec6e,65fd2e2e766af677e766371afd4bc3f7,92576d9b5791be0c1668e8b787d91ea413e737a3,LetsVPN.exe,8/5/25,咸宁创翼互联网科技有限公司,0D62A5672BBBCE5A3B7441F3A33426B3
f869cc2745a6231d125fd441d41efdc01d38ceb462ca82897cdf83553f4221c6,6fa11b4a5195b89ca15548007b0b076b,97d172715e9718f2a643d894b86f9b72ee8ef1a6,Google Chrom_080501x86.exe,8/5/25,"Meisi Software Development （Guangxi）Co., Ltd.",65620C1D74A8FD9630E9F2BF6281A61A
3a21e48a711ee1ad6ebe8a291d0289a7b12414f74bb5839f12a83736aa1c34de,937f233ff80caa574f93a22cb236f774,8554f961ef1796e27b4b0197644831ec1fad9853,BraveBrowserSetup-BRV002 (4).exe,8/6/25,AASIM MEDICARE PRIVATE LIMITED,3C720E116FF39685FD1BC018
bc1f9b2bb161af41354d6db559d04c2f88cbbb31563270ec4e9f6f078d6f5fdd,e314cb868f174dc5e737ae7581405e7d,8324852a061bb0a993b3640f14efb619d4e2180a,KL_lets.msi,8/6/25,"Kingston Technology Company, Inc",4C3EDBD0B6450CB8BF2B506032A5B7B2
b0325dc0b4d456d2401b0d43bf6e64d3fda95abff576a84d407186f3eea51772,d43a28fd477ced1bff013641cd0fd459,1edda67e12b27b0a7b872e8f3bf54d9b8c74cd9d,/home/petik/ss/malware/2025-08-07_d43a28fd477ced1bff013641cd0fd459_amadey_black-basta_darkgate_elex_luca-stealer_poet-rat_smoke-loader,8/6/25,Keroro Software LLC,0A04CAF1BB3BC17A33C6E155EC4F5883
40a292f1bec751861d4c34f65e89b84434775b1f34b94b5e7d22e9095a11c05e,5a45e2968abca0dae02a6cea6fa9a8dd,3a534bc840bd5b9d233f18b39196c00ed90fe448,eosmsgV6.exe,8/6/25,Keroro Software LLC,0A04CAF1BB3BC17A33C6E155EC4F5883
6e43b8fa2afcc4361b9a2ed48824fb7dfd218be61f2fdc16f50bf1e6e1045bf0,d78fd2227fc7a295f9cb512ac7aedc31,2285c47e230721116dd0fe0c568614bebf1ef849,eosmsgV6.exe,8/6/25,Keroro Software LLC,0A04CAF1BB3BC17A33C6E155EC4F5883
5d54f36fc46affb13f751688bbf30ade1e4f1d480f181de81b959b92fcf3425f,9400fa7e5e8c3dd5159c9ff758e0cac0,9ba0b10a11fbf3bebaab12bfd4f59e7fd5824a11,eosmsgV6.exe,8/6/25,Keroro Software LLC,0A04CAF1BB3BC17A33C6E155EC4F5883
bb33f482b0e5309b2ad723232b35d72c72618b364cecbfeb9345d00ab696b239,fa7800ead81cd74aabd86aacf9249ead,74d612592fecc4cecb2bd7086ef08023bd8e82b8,REFOX.exe,8/6/25,Keroro Software LLC,0A04CAF1BB3BC17A33C6E155EC4F5883
e1b095d81f9291a7dce8d85d69cbbfd6e05c9b611553750c78d2cdf274b91e99,ba7f743b98ea8403869ef8398a6a2dbc,5945bc453a8c3db3412bd3a8e674b3667c75bb2c,澜亭云远程桌面管理v1.1-signed.exe,8/6/25,Keroro Software LLC,0A04CAF1BB3BC17A33C6E155EC4F5883
b8ebc01a5ed0d8d26cc5c6e912c17554408ae7d13c06da7f2c11441d858aa283,a598810968c9611d21a6a5f55039c659,56b7278fea4c868504ab2fa40c4f8427e21ac46a,mlvRead.exe,8/7/25,Keroro Software LLC,0A04CAF1BB3BC17A33C6E155EC4F5883
4b0b59f275497f29203063951369b4dcd8ed0538e28a66aaefa0370a65808eab,e5c8087138a40cd510df339716a986d5,079648a2a4b02e519b69e44c1b3bc9bf8f82552f,eosmsgV6.exe,8/7/25,Keroro Software LLC,0A04CAF1BB3BC17A33C6E155EC4F5883
c028f0dc41bca6805022e09d5d8ff37ca5743073422d1d343e96a4581979524d,e8cc7a8eafae15f3a4acb7c14c1eede0,00c3c3509831ac4835c123b9d3e80732408c0663,eosmsgV6.exe,8/7/25,Keroro Software LLC,0A04CAF1BB3BC17A33C6E155EC4F5883
65224f6b9103daa8a48795a0915f991f3c431b1f9bf1767e627dd7ce69985c04,5a61e3610caffd387181844d162d0909,7ab87c9c22a26f28b9030cddf2e98c5567adedd8,jpai/jpai.exe,8/7/25,Keroro Software LLC,0A04CAF1BB3BC17A33C6E155EC4F5883
bbfcda719e0e67a624a7b24f948c7021a28651cc53bf71bf7438f42d4ad84cae,97d3f6035a0937cb3b02c930481efff3,85a0aeb7605d9f9c0a998f8540cccbdf23f80273,installer.exe,8/7/25,Keroro Software LLC,0A04CAF1BB3BC17A33C6E155EC4F5883
c7f3e567bd0a278257d092fcc52a490f84356efd51abbf428fec2dc5e61d2a3e,65a3ebbb3e66ceab2a7273b47deaa53f,319646d593d0f4908749e3a6ec32e9e4a044049c,letsvp-3.14.4.exe,8/7/25,咸宁创翼互联网科技有限公司,0D62A5672BBBCE5A3B7441F3A33426B3
2a80fe6379ea866745c52212f71549841c5154f8caae893f729cee8782e8f592,1ddb18383ec7ea47b3e3eadd18b32723,b1d04a86990813fe89875f1d579814489f3b2397,e2d.sys,8/7/25,"Gucheng County Qizhishang Trading Co., Ltd.",5E0016A3D3E00463E5BF0753D80CDED2
74723f21739f2245b40e9c5152259a12c442c094ddc4066f81d396abeef24769,b9d91fea3ad088b05421d7801c18e9df,199964aa8beb362bf7f04db003ad1f1cc6cd160e,Setup.exe,8/8/25,AASIM MEDICARE PRIVATE LIMITED,3C720E116FF39685FD1BC018
0edb63a268b6390663e4ba9ae05c2911926a536418f57b18863da55b69a0516a,781f18f3176706d210c3a8f101d7fbce,e8fb5614eeaa6767ab4dbefc0ea11a14b1e21f12,Foobar2000一键安装.exe,8/8/25,Keroro Software LLC,0A04CAF1BB3BC17A33C6E155EC4F5883
2bcf73c53cd118cea1656413bd1f0d1471bd911a514072de60faa8c02f497599,bb26b87e7e49dc17c07a4b09a838c59c,8bd3d355e7636e72caaa9a40b0c107fe9f2dc993,letsvp-3.15.5.exe,8/8/25,咸宁创翼互联网科技有限公司,0D62A5672BBBCE5A3B7441F3A33426B3
fb90bf68d777465e46da9785ef465c39d0f2ecb918ac9f80c124d5d6749f90b1,91f1b0c405b771f9501277234ea63ce9,764a3489f8d3a4b430beb7ed0bceffd749400a34,whj.sys,8/8/25,Jin Chen,134216E462B8FC279A7AF7382F45F3D3
84d6e1345802379481f00be3dcf44cfe24c8598fdc15013a1f46556d45fdb05c,4f70f88eeaed532729d2f3693fc36b14,bee8e94a54b21fd3e2ea06e45a7c6a9c489913c4,ddtool.exe,8/9/25,Keroro Software LLC,0A04CAF1BB3BC17A33C6E155EC4F5883
37988c6e44ef84b4815dd67bb3f2f989ef2ce94afe4c5497de74022d2166cb39,8e74b37f31532320b1ca90e39c9344e0,33a883647931e5afd56b871bbd6e18a3e0958c2e,ESports.exe,8/9/25,Keroro Software LLC,0A04CAF1BB3BC17A33C6E155EC4F5883
e5302a91c6696731ee68167e2f245bc65090200f2f7a358641d0f34a624d52a2,a57d4e058b584e80b365ef5f05647966,11bad6356586073ea7d28f90ef587a0ac6d05d54,a57d4e058b584e80b365ef5f05647966_ESportsSetup_Official_2.23.8.0_release_signed_x64.exe,8/9/25,Keroro Software LLC,0A04CAF1BB3BC17A33C6E155EC4F5883
665098a8b7b8cf80f4053459b128a3e835f92e7356e03a75b4b339154335b988,f6584657bf8acf4066d77721c7cd5ece,c777c622e63dc57d348e46394c7ad139a0d3057d,letsvp-3.15.5.exe,8/9/25,"Xi'an Vanci Electronic Technology Co., Ltd.",0CBAF79465EBF8404FBF0EAA
7267a13c885d1d2cd38b6968c338b63ea2fa6c8a0ef7eaa3ddb03197c5a2265b,4f3ca8e86f4ca1600c6e6f4e202c150c,0a64e3c54945a205e9a71eb98a89ca1a43a7ec17,ddtool.exe,8/10/25,Keroro Software LLC,0A04CAF1BB3BC17A33C6E155EC4F5883
0ae47ba9b1b860cfe50a6bd1c19f87438f8095dfdb8c30c03498b29da9f32c7a,caa31e105837a086ff88b10e6bf827e4,e9223548f71b6f38f4ccfc8d4d4d10edf33388f4,ddtool.exe,8/10/25,Keroro Software LLC,0A04CAF1BB3BC17A33C6E155EC4F5883
14e344f86708dc8518836a0102b91d02f3c6704c44d3a8a6ece57937b10cac74,76825bb4e5edc92957413c717a78182b,8d9da2c8c9de3c7a7a5d8d644b9b89db65c44501,xwpk3.6.exe,8/10/25,Keroro Software LLC,0A04CAF1BB3BC17A33C6E155EC4F5883
25536fcf6c165ba7fd0d9ff48dbaf42c89ed14d74e60f8503d13f6a0a6c77c6a,3e13e0e1be40afbf53d06b92ea8fa1f9,6d5a558796dc03369e7c8790631a34199c8a40db,update.exe,8/10/25,Keroro Software LLC,0A04CAF1BB3BC17A33C6E155EC4F5883
1fc4df844bb488225d8d875f434c54345283a33fc9094fb683a5bf05f99fddf2,7b9682e8a6ecbe456a61e2861af982ca,c329232ad946639492e11f79d12b7ecdaa123968,ddtool.exe,8/10/25,Keroro Software LLC,0A04CAF1BB3BC17A33C6E155EC4F5883
1a81b9b6931bccf02976963314e4a9b022275a2ac0453def77b451517073e83e,baa7dc96fe7ac383ef76cd004527360d,b4b9f61e90337f8ac57f932c0f3a6a9eac1ba0c4,letsvp-3.15.5.exe,8/10/25,"Nanjing Yueyue Kunkun Technology Co., Ltd.",05B4BC293E3AC7D14DAEBF6E
5c15e40de7904eb1198e81824107877f3859a3d0dbe010e30261ca8afeb5f3f6,41a1969cef274d77590b8b30504d0b39,f0b380055305e7586c843ce5f7a9067a8aa56d19,新的.sys,8/10/25,"Open Source Developer, Yu Zeng",12248CFBA203C55278C33B413A81FFB3
fb46cc19b17d181e4ccff3002a5ab1b2ef25db4da735a81f8006d79ba963eed3,4fc46705c1cf7ea62282f772b6684520,ef08718c417e337a7d347ab878886a49107f0396,TASLoginBase.dll,8/10/25,Jin Chen,134216E462B8FC279A7AF7382F45F3D3
afd2e2aab7e3e3871d642a7e65e2e5649dc45e5fd88b42856486c80318db81a4,c181a8f46ea92dc66242d81143a18e47,409e3a7c7fd4c398771fa16fa59b5774d17a4581,TASLoginBase.dll,8/10/25,Jin Chen,134216E462B8FC279A7AF7382F45F3D3
32bcb6153d65a3d93bd6ea33894df7ebd34742dd255f66e8baca8e3d187812de,fb8ffcc6160e1e67e559bd1ab60ddae3,c3fda49ef5ac4bd93a07cf581745a7784473a61b,eosmsgV6.exe,8/11/25,Keroro Software LLC,0A04CAF1BB3BC17A33C6E155EC4F5883
8290b28f4b43952c12facbee7491fed6ea874c94b74b367ec0e456b686ab73cf,20c47021016cf31b78769ca5004be708,05b785b72aea422afb4603ca930f540fd864437b,JyzLogic.dll,8/11/25,Keroro Software LLC,0A04CAF1BB3BC17A33C6E155EC4F5883
20f967c2c640def5efbf7200cce9bd58f42866586aa4018938bd182578df395e,78793884131ffccac76be6f232138389,374f450c833407b3d89f7e3769a6648a1e1430e6,jpai/jpai.exe,8/11/25,Keroro Software LLC,0A04CAF1BB3BC17A33C6E155EC4F5883
b20beb31910af261cd742b34d7537fe26c7c75736e5e92bc863e4e4db73e1f91,79bc6416ec93123cb38144d5d70ef6d8,ecf99bdce0cd7fd7bb135cdc5bb95c0bab5cb276,jpai/jpai.exe,8/11/25,Keroro Software LLC,0A04CAF1BB3BC17A33C6E155EC4F5883
843b968d865acc01f8fd23a92722902234287427547f5356c037ef0c4dd0b8df,8a75313d20d9b8edd24be95496ebe3d3,331cdd0f030880f715e572774409dad064b128e0,upnp.dll,8/11/25,Keroro Software LLC,0A04CAF1BB3BC17A33C6E155EC4F5883
d75a9c4e1896d387586826efd3ff29423067f3046886ef0693534545ce42548c,19c117888ee61a8a165cb248cbb1dcfe,88eb1b5e516b049cbff63f87a2c37ce12624f993,common.dll,8/11/25,Keroro Software LLC,0A04CAF1BB3BC17A33C6E155EC4F5883
a38fece22e2063008e529db5e95a3281e192aa375651bf0736e6f343a949577a,235d6ba99121163fdb339ea81971b1ce,284c30b70ca308809be1955db4dd1c9abd25ec3f,messageadmin.dll,8/11/25,Keroro Software LLC,0A04CAF1BB3BC17A33C6E155EC4F5883
9d4b536f6ebb3970f5103d8ca1cba7b911e7408eb353faf4e0a050f34febbd83,fdd2f1072e8ace29bcd5c4a125957a14,6aa8b978ac6cacd60d69e513ffb8b196bc5f56e5,countdown.exe,8/11/25,Keroro Software LLC,0A04CAF1BB3BC17A33C6E155EC4F5883
be3ffbc4a6abdccc862c4dd052f51d5f1491d124052de759550db4ed41c09107,f2f6019aa84c696ed49667526ca15ecc,c77d19abc76724fff8fd60476ca29d2590724962,Register.exe,8/11/25,Keroro Software LLC,0A04CAF1BB3BC17A33C6E155EC4F5883
92612e4c35056f3631a35eb3f4875964d7253edc0172aa16923a6258e57c3c2f,df1882aaee44a8b4c223debb16fd87c9,93a4edc37b3ad9944ae5c49a5a4ba5b7b92d8158,xCell.dll,8/11/25,Keroro Software LLC,0A04CAF1BB3BC17A33C6E155EC4F5883
f9c76daa61be38ff703f2ad365211facbd41ac42386c9a37cb3160782c374095,afd8f3f31e930cf6ca8bede90cf78047,be88875d6a94b6e9eb751d7e3b9f7a29136d9500,AxCells.exe,8/11/25,Keroro Software LLC,0A04CAF1BB3BC17A33C6E155EC4F5883
9c70ced1df510fa2df10f716b249ae0704a01ac8c197374835b1e5eeff6aa0bb,3b346620cb8f21f1bd445f33150be39b,95a7fe220c0f7acd17e70e797fb7c82f711208f8,AxCells Channels Editor.exe,8/11/25,Keroro Software LLC,0A04CAF1BB3BC17A33C6E155EC4F5883
8ffe767e6a6b49c438432c60d8975e3613c784677c0523886ea987bfeee27613,e00a9edd116b1ac7ae7122bce177dacd,4134a7278879f5ab03f60837006bc36196d2532b,AxCLib.dll,8/11/25,Keroro Software LLC,0A04CAF1BB3BC17A33C6E155EC4F5883
25e1f74c713fc93cde1797fe920bdb85ad99290ab808615139d3127951197372,08d51cc351e53d25c4bb3ff39afe533e,0258c28f38af351f80cbb940fcccb4adef765bd9,Register.exe,8/11/25,Keroro Software LLC,0A04CAF1BB3BC17A33C6E155EC4F5883
053468786db406767d2b68d2abc620cb7fc48ce22dd82baad18d1c603253cb3c,4db1d61f0d340fc371406f536b93dc86,fe7b00557c4fe1d7a03e07ac1176fa4c9e10e84c,xCell.dll,8/11/25,Keroro Software LLC,0A04CAF1BB3BC17A33C6E155EC4F5883
8eb909655307d7f1c92965820e5fd31968c71e0377b410c87bb649e725e7081c,20741a044257861d869f4e1d29b79521,bd88c95ed7072c55e7161f44eeb84c2a1c36530e,AxCells.exe,8/11/25,Keroro Software LLC,0A04CAF1BB3BC17A33C6E155EC4F5883
e187f8c5664eaf37ec903ebe25b57038062f64807aa762b7d9844aa463d16563,c1c09dcf5f2aaa1e89112bd57a6e3f97,13b4d84a8221108ea8a8d8406afa12fbc515beed,AxCLib.dll,8/11/25,Keroro Software LLC,0A04CAF1BB3BC17A33C6E155EC4F5883
8cb068125f5932b926701691942582e366fcdbcd060a19e0a3491cc596c8d789,d30a84d1b296c46d714a93746da2218c,6b601b4ff37030f4681fcde1b33702ca8dfeeee5,AxCells Channels Editor.exe,8/11/25,Keroro Software LLC,0A04CAF1BB3BC17A33C6E155EC4F5883
07d2658bcea5e57ce463a885e36511737ac0723aceabb498fbbc2867eb875190,45881670eb0c9a5203e30fc5f782e42e,a962a584ce3794c4aab08951133cdf93ac08680c,jpai/jpai.exe,8/11/25,Keroro Software LLC,0A04CAF1BB3BC17A33C6E155EC4F5883
0de5045128075ecf2a448437aa61ce2e1d7f2037710302349550b6fb27eb7ea5,9a5c3fe292f07b385a5ceaf57f5f9c2d,4956ad1aea6a701fa3bd99effa9132d2d8b7ae70,woniu-acceler(test).exe,8/11/25,Keroro Software LLC,0A04CAF1BB3BC17A33C6E155EC4F5883
132dc8e1911d449c0114ee8fdb400057c8c474d5f6ddbc6debe7632f0999fb48,b6a1cc38672e2a79d78a9289b60cf8f3,625e9999870f6e59b2324b62b23b073274fb5794,eosmsgV6.exe,8/11/25,Keroro Software LLC,0A04CAF1BB3BC17A33C6E155EC4F5883
a9be4df93fd11b53abf6aa4ae33007fdef0dd6af348dd8e001cfed408e506bfb,3532f4d1217b5e6c60ffa616c8897da7,40f1a419b8a4b8b64740e1cf1007faaa47d7f56c,jpai/jpai.exe,8/11/25,Keroro Software LLC,0A04CAF1BB3BC17A33C6E155EC4F5883
0e2f779f55bcc0854196eacb1eed2b15afa0b15d459ac10e4e189370df3e60d8,411f5d51595dd8b2ec9276f6254f6731,1e92ae50554f6218ef571f40ddff09a86cef100e,woniu-acceler(test).exe,8/11/25,Keroro Software LLC,0A04CAF1BB3BC17A33C6E155EC4F5883
2577c7a28bbd3dcdd6e335a89a724288bfb15a35d9582a3fd4964eb1fcb9432d,5ed13614dd51789e25174c42beea46d0,fa14924f77fc2db22226124b966f04990244341a,woniu-acceler(test).exe,8/11/25,Keroro Software LLC,0A04CAF1BB3BC17A33C6E155EC4F5883
3d8239983d33264895360323bd5decb09d0c414fc5db86abd5f86be8db15cbca,50cab336d1f94c893ea933ea7a5da572,d4de4eec465a9d31c9bfc74eaa55360aad1fdd38,woniu-acceler(test).exe,8/11/25,Keroro Software LLC,0A04CAF1BB3BC17A33C6E155EC4F5883
3b3e142acebbde142ce007e665bfd35dc04576be6410f4bb118b7d64b1734554,96439339487d2d5eae560b5713adccd8,22fa88730567df04bb6b00def64f8f0f18457864,woniu-acceler(test).exe,8/11/25,Keroro Software LLC,0A04CAF1BB3BC17A33C6E155EC4F5883
c02aae170bc45a6334d6736b627e578e04a4b8bc6320969fe9e05557dac6a1a8,5ff17fc2e19364a3291d26b81a4eaad1,d119b5cd4707fcac2be1db18afdbb7c5878afa04,我搜启动,8/11/25,Keroro Software LLC,0A04CAF1BB3BC17A33C6E155EC4F5883
d4aa9b82bed600c0d04340d0d19416c3c06bd18a1706496ba07aed8486b2670c,209fa6321612c1988b479288024c2bf1,ef7734bb50cd94bb90c5ee75b7b6f1745c010171,小岸开播助手-伴侣版.exe,8/11/25,Keroro Software LLC,0A04CAF1BB3BC17A33C6E155EC4F5883
98814ebf2ce45786f20cb30d4bf2292d3c5219db1d77694a8aa1e39b257d6810,affd1a98bc8e1bc94dcceda4049a64bd,650d0da2af0a8723421006cf95bc1814fdc10e8a,我搜启动,8/11/25,Keroro Software LLC,0A04CAF1BB3BC17A33C6E155EC4F5883
a37dd75213185e3a189abd64576843d66025760e0149889d4117f47c4d20adf3,3e7ab22899930afb063996fb0dd51061,f1b9071226af8db2e5978665693542cd31c1aa78,Register.exe,8/11/25,Keroro Software LLC,0A04CAF1BB3BC17A33C6E155EC4F5883
3cf15a2dd4cff5ff2bbe257d07689ef75576053a691b6e9a534876d77485535f,4713f7f39bccb44ba3377423e0bd793b,dd04bcccb60481e7a71791b62567dae772864261,xCell.dll,8/11/25,Keroro Software LLC,0A04CAF1BB3BC17A33C6E155EC4F5883
d149d523de976ef78667e9776ffa8b14eb52efde523a69082514fb1fc71336a0,f701b896f67183a83c5ef7dd151db8ae,e281a6dc50c0a451a6665da76dfee7468fe45e22,AxCells Channels Editor.exe,8/11/25,Keroro Software LLC,0A04CAF1BB3BC17A33C6E155EC4F5883
c354103cf4e4a56def6f406e5004685cdce45e7add91e93910312361af735697,7088fab458deae6e90d75a3db7a12784,b93fba4b91b57bd54f5e491d4b3842542d7f7866,AxCells.exe,8/11/25,Keroro Software LLC,0A04CAF1BB3BC17A33C6E155EC4F5883
411494ecb2b88e6cad602bb2ae130e7bade1489325ac41eb15c2e96a0680e8a7,606d5024778ad47cca3c085d7b2a4b5a,908900d1153c732ebe4c1a454645e8f2fd969582,AxCLib.dll,8/11/25,Keroro Software LLC,0A04CAF1BB3BC17A33C6E155EC4F5883
30c8f80655c623d5b4f5ad2c1f688967d2d06873fdae5c609d434b861d3ae258,cfd4b4b9190c0d857a2cd0cec2e63bc1,d746ee1b6a4eb03e854785aac78ce482c296712b,AxEngSketch.exe,8/11/25,Keroro Software LLC,0A04CAF1BB3BC17A33C6E155EC4F5883
902fae07dae3424f5b67d7c35200439e7eddbe86fcbf6c1ecc1b67063d82d78c,79598db2370dc62d4768d9dc3e7ae787,9fd9b94e75970a4c0e7f1f56e85bafea06fe69f4,AxEngSketch.exe,8/11/25,Keroro Software LLC,0A04CAF1BB3BC17A33C6E155EC4F5883
ba5735e2fb26cc8d3df8eea99a1e279cd3e2790c9d7148924d5b646344f0a2c3,31475e7d0801fa74adc5036da1b3693f,5dae86ed45ddbe7aa6c94eb4d4f05ccf5498992b,woniu-acceler(test).exe,8/11/25,Keroro Software LLC,0A04CAF1BB3BC17A33C6E155EC4F5883
493d48ba2ef796315d97402d8d5975dd37f6e1e468c3e4125473ed7d201f080d,72cb68e654795d04c7d0060de71bf6b4,f94f964f7d70120494ed081a3aa17a35718f186d,woniu-acceler(test).exe,8/11/25,Keroro Software LLC,0A04CAF1BB3BC17A33C6E155EC4F5883
8170be779d6bd108b3aba7a1eb8efea13097b2854d8ce176afd96c40a7c52f33,9e836c90254b91f5ce4e6f368f7f21b1,001e1824fef043f26d235ccf7eec71cdebfb419a,woniu-acceler(test).exe,8/11/25,Keroro Software LLC,0A04CAF1BB3BC17A33C6E155EC4F5883
8840ad51bd4b479f31c816cdbcb70dbfa6836bc02801829fa239c365397534d8,122167c3bc0742b7b1742d95e8fbb3fa,5cbe2c915bfe9fea8608662634ecbf3c6fb9323c,woniu-acceler(test).exe,8/11/25,Keroro Software LLC,0A04CAF1BB3BC17A33C6E155EC4F5883
e6a535c8724ddf8c2e110a9cc25f83fcc7e766fc4b0c9508ecff6a2836f7055a,2b48596d923f567e3916f779930daa93,2a548e6b4a1547bdafa41a7f75d42f868451fb32,2b48596d923f567e3916f779930daa93_lets3.15.5-laste.exe,8/11/25,"Nanjing Yueyue Kunkun Technology Co., Ltd.",05B4BC293E3AC7D14DAEBF6E
e3fbb23363eb478be714b5312c7556258fabb76fd7da429068aef5de4f1ba183,6606f5218c5981e79a60e58d14951cbe,b6e26d3a636cceb9aed5c5509ad8078787820fbc,Microsoftdata.exe,8/11/25,"Open Source Developer, Hao Chen",0582253D22D291481B75770C1556C56F
51f3c7d9cf9c46b6523db1e576d174d22d1b3c145443a7b63995779a4797b59b,bb5ca0aaba444d8187cab39a5639b586,2a5634e6cdf75afa65b2517bc2d2be577e744d6b,iBeesoft-Data-Recovery.exe,8/12/25,Keroro Software LLC,0A04CAF1BB3BC17A33C6E155EC4F5883
db31cf06a32a31054eaaedfd1e5230d39bae388be3801deea83f25d9f590c7e5,a22aa6a2fd61dddd92b8a559cb9d311f,a8954ced69a905d6aabe42f1a7e6f3f3e3b25431,D:\Download 2\iBeesoft-Duplicate-File-Finder.exe,8/12/25,Keroro Software LLC,0A04CAF1BB3BC17A33C6E155EC4F5883
b27087e834cc3d4023468eb9fab7ded5b388124c51e2317e4de680ab7742dbe7,dd9d14aa3b29df6995d257c15597d2e3,9e07527a3358ac7c4ac99e6710db7d8478d337b4,iBeesoftDataRecovery.exe,8/12/25,Keroro Software LLC,0A04CAF1BB3BC17A33C6E155EC4F5883
517103f4c4f15d0c0826827f0208c08c97dff2346387ce0b8982e64065581f73,b637e6f980869d5d7f9b7fe29d08d81a,167d8d511a8fe28b5170ec1b80207319c3dac99b,iBeesoft-Data-Recovery-Offline.exe,8/12/25,Keroro Software LLC,0A04CAF1BB3BC17A33C6E155EC4F5883
1e206831a022ac54a635299880425406f0439602171b896e91c180b30894d3af,7f999b571676081d30e8a20ff4ac42da,458da7400f8d74c73e6fde527928fedf54dca326,iBeesoft-Disk-Partition-Wizard.exe,8/12/25,Keroro Software LLC,0A04CAF1BB3BC17A33C6E155EC4F5883
db69f5bdd56c04300e22ac9324aeeee5aa76277c05b971fbdf02203d4569c53a,877f8740edaef3846ed97773ab5e1812,542d26c29e1c377625b83068d6c1fc0f182e92e8,Duplicate File Finder,8/12/25,Keroro Software LLC,0A04CAF1BB3BC17A33C6E155EC4F5883
92f2e177c24b78ede8aeed74a3fc935e7ea16a80045ffa631fbb877516aae944,b7acf05b8ee260f9cdf93b82039f03ab,1a31ca9df02c48e8b3dead445ca4ee7684398a2d,C:\Program Files (x86)\iBeesoft Duplicate File Finder\unins000.exe,8/12/25,Keroro Software LLC,0A04CAF1BB3BC17A33C6E155EC4F5883
65122bf4863556a024261cd6042309509d7eeadced4bf305f18352d9d80a28cb,21ade5b622316f4e09b35b9f882ad37a,a24b0dcbd4b13852ad8565f9e89952ee8b44af2d,iBeesoft-Duplicate-File-Finder-Offline.exe,8/12/25,Keroro Software LLC,0A04CAF1BB3BC17A33C6E155EC4F5883
2f68bb192f0d637d48a2d7c5d46a3ddaeecab9c32c757d230cbb3c0c2ef322a4,1a0c39d7670c4b4e2104ddb5a737c5b7,7cc703f0bd53ac2cf30bdf19f04dc98aaca940eb,iBeesoft Data Recovery_2025812.exe,8/12/25,Keroro Software LLC,0A04CAF1BB3BC17A33C6E155EC4F5883
f10beea29d307bb80619330bd9656a3f053ea971f43af80db58c74d01d597f74,9033050666d2139934093b5acac6e6bb,019b6404fd5b62d2353f60d77c92c1f6ddf88fca,iBeesoft Disk Partition Wizard.exe,8/12/25,Keroro Software LLC,0A04CAF1BB3BC17A33C6E155EC4F5883
c2eb74cf7e3594512299518563a812b8331e545a0bc8ee3f746129ed279f3d90,ac0edb9d8e4a603a14513bf899107140,2175b946ffe0b1b6a385dcb73bb7f6a2ed95456b,ac0edb9d8e4a603a14513bf899107140_LtesX86.exe,8/12/25,"Nanjing Yueyue Kunkun Technology Co., Ltd.",05B4BC293E3AC7D14DAEBF6E
128cd0ef1fa4a0fad0ee7e53d162fbccab2b7788277a726ef0e57ffa30f9a5e5,552b9ea3816c61ef1d44470d4b236221,b8d6b05e65786dca60986849b50457c8586ae0a5,lets3.15.5-laste.exe,8/12/25,"Nanjing Yueyue Kunkun Technology Co., Ltd.",05B4BC293E3AC7D14DAEBF6E
91fd737b58cac6f1ae6500f64147e302c90e125651f1eae80000afd416cdef5f,ba2188d1fef5a105726299b4f7190dc7,d782e84c5c5d3f386850098311dfc7faa613743f,write,8/12/25,成都金源启铭网络有限公司,4DDD9F79FFA78EB06C8C638334836ACF
842171dd0ad232cb78bcf8e83b1ff9c8e7755cac5f25bf7583b94b78c64c6e0f,441bda4fa81682c7383d5f0a444d43a8,5eeb25cb2f2200052117cdfb85e244c969b8555b,Microsoft_teams一键安装管家b2.exe,8/13/25,Keroro Software LLC,0A04CAF1BB3BC17A33C6E155EC4F5883
5d497848be9c9c48425721c50eb3b9199e9241f66c542e7380f4a6fdd4c784db,8795ac7e80bf5981145462d67914dca2,8d5e026f5ed052238b45261778f511677a7b2dfb,Iime.exe,8/13/25,Keroro Software LLC,0A04CAF1BB3BC17A33C6E155EC4F5883
a7178f4db34b60cfe1db0b88c6469de8e154f58667cd06ea5f159bd74efd8011,7a274eddf437cef930de57440b6ab827,a5b4bca4856575bd26387c1ae2606928b83e5b1b,Duplicate File Finder,8/13/25,Keroro Software LLC,0A04CAF1BB3BC17A33C6E155EC4F5883
3156132eca99db31590c01cd604b059aa601bf2ea5f6af2ce523d1d153788b61,33fce1de599a7514ca53a7f733ae015f,9b632f6e4e443a762bfd5b6533b341928c03e69a,setup.exe,8/13/25,Keroro Software LLC,0A04CAF1BB3BC17A33C6E155EC4F5883
b79364e335c6cee49fca0dad5fd2f864a36e01410689e0a70d172853030a68a9,3694bc4ef24361f3b5b42d5697dcc9d2,db12d5e8ee0fe5aa35358744929df92c6cf3259c,jpai/jpai.exe,8/13/25,Keroro Software LLC,0A04CAF1BB3BC17A33C6E155EC4F5883
fa288d53124a98a2eaeb590052fc87e00e6bce4a9cf1a960ce0d7ad162f297ef,1920fbf9b05b031ef721f0e3ca674d8a,63d1794e2fbb676cf1aa65c88e95718d730d5293,jpai/jpai.exe,8/13/25,Keroro Software LLC,0A04CAF1BB3BC17A33C6E155EC4F5883
bb6a65edd4480da75b23822f14a281fcb44060840a8db50bbad696f20d5c50e4,ca4954c7e8dee6691d41dac065d01a23,b2ed33855248ddf4d643f0c5d6fafa35797c7c98,jpai/jpai.exe,8/13/25,Keroro Software LLC,0A04CAF1BB3BC17A33C6E155EC4F5883
ab8c8237e81dac0118acd9dbce8a729c1c821af63ed8071b587e8141a06ac07d,3074b7e06382ecb739a7e024576a016a,32db1c52b04cb9b9283f24bb9fc7a571c8dd2d0f,JyzLogic.dll,8/13/25,Keroro Software LLC,0A04CAF1BB3BC17A33C6E155EC4F5883
5085b09b4bb5a017f13e0d4c970184518370b93d5e464bf5fbad8d522b42fd57,738cd2167b163426eb8facdadeebcd92,41e7718b84169e20e3e71bf991c2109aee9121b6,D:\User\dhuxKXiCpi\AppData\Local\GitHubDesktop\738CD2167B163426EB8FACDADEEBCD92,8/13/25,"Meisi Software Development （Guangxi）Co., Ltd.",65620C1D74A8FD9630E9F2BF6281A61A
0116af59408a5a46b6711a6fc31ce299b341fde6155d6819d9d4188e216752d1,e4b39f99e58391365678abf9f83e9221,11b5645e88e0a9e97a61bad915cf2785b4c03cc0,e4b39f99e58391365678abf9f83e9221_0953dad6858b4a6648aae84ea0f49ea8.exe,8/13/25,"Meisi Software Development （Guangxi）Co., Ltd.",65620C1D74A8FD9630E9F2BF6281A61A
5519f6afde2e67cce5f8ef7cfb8dbb770acb992c4e0263cb06f087fc1ca7fdd2,4bc87285c1d26434f0615691e5e49fa7,e91f7fe21213e5bd043d8f617d4f9fa0df9b11e4,4bc87285c1d26434f0615691e5e49fa7_652c1f2b3c54c764aa81dc72f489ac6b.exe,8/13/25,"Meisi Software Development （Guangxi）Co., Ltd.",65620C1D74A8FD9630E9F2BF6281A61A
b9f18b07689ef37ac0c591b92e237d70e10769647fa0ca0207fab2b361222a92,e7b3af6a6dffb97783be8e2003dc5cb4,5215272e5ea435b3cc8fefc311e37934eb8340a8,LetsPRO.exe,8/13/25,"Nanjing Yueyue Kunkun Technology Co., Ltd.",05B4BC293E3AC7D14DAEBF6E
38b56ac1745a68f04d399d4533ae2fc7a1605eb3bae2bca0128d859182f6bc7b,6d957b5c59e2e35a2ceccc9998834582,c785c2b68d516b4bdac10992f3097f00164d9a5c,CheckSysinfo.exe,8/14/25,Keroro Software LLC,0A04CAF1BB3BC17A33C6E155EC4F5883
130c559898fc5f09f3e20834ab0573699d3b89a6987896811ccb7cc0b586135f,8ff67133ef6c7038d936291e71388b65,2e118bf714f9d8e2f318f4c317360e0eec851255,ErrorReport.exe,8/14/25,Keroro Software LLC,0A04CAF1BB3BC17A33C6E155EC4F5883
620953391aea5756e3f0bda56f51c34b82f50cac5c0291aa36129dc72022a9d8,462c96ee9e3f3953c45a4f7d424a25e8,387903cdffc8ea9b172c65c0f5d9f78bcb7101e1,iBeesoft-Disk-Partition-Wizard.exe,8/14/25,Keroro Software LLC,0A04CAF1BB3BC17A33C6E155EC4F5883
f9d612bd88837c49cf1cb5a796af84eb5293a1e4bbbf72f1885243c01518a4c7,6dea800c6b7b1df4b63eb067d1dba579,2721cfdbb0ebd7dd578b2f13611f7eb5e4511f05,DiskMasterUI.exe,8/14/25,Keroro Software LLC,0A04CAF1BB3BC17A33C6E155EC4F5883
2533da53d54769731e3ecf3d0138b5ba34b2bd95c0e41043226bb910f79753b2,ecde051feeb5e79a8fd645a7c658b1cf,06e78e21ea4a48f3d9881f3cf1f7e8f4f2db2e31,Dispatch.dll,8/14/25,Keroro Software LLC,0A04CAF1BB3BC17A33C6E155EC4F5883
5e59757ccf575fc0c8c4693be28ee2fc542a97d69671fd73034d7e5fd01e0660,242917a0f5de8e2cbae7b03f5668b3d5,c12a99ffd58ca927c8dea140e2953e0b38ae0a13,UninstIt.exe,8/14/25,Keroro Software LLC,0A04CAF1BB3BC17A33C6E155EC4F5883
49a7c62a351ab250cb0675a1b2b0d28fe97ea7ef5d0c044187c541aecd3ea006,577ca023a961f88a4a2626055bb18f04,6202e3640e2a2a7eb58b4d7e29e228cec4b850dc,Loader.exe,8/14/25,Keroro Software LLC,0A04CAF1BB3BC17A33C6E155EC4F5883
480192b7477c839feb477b6a7635ba67b4f617eef9ed497bae97fd7740c900fe,bd087fa2697b9127ff94ca192130ebce,5326c66781a8736e651c578489452ab6790a7064,DiskMasterX.exe,8/14/25,Keroro Software LLC,0A04CAF1BB3BC17A33C6E155EC4F5883
d3b053e45e46455beb1f65aba77134f5851f86cfbc0bad60030043bafeddc145,d82aaec06bb347b77ae7a41def452e69,02a4c7a2421a2deb46be3920caaa285fc0aa1d03,CodeLog.dll,8/14/25,Keroro Software LLC,0A04CAF1BB3BC17A33C6E155EC4F5883
dc64badbdf963e6e9fb18542050b3c5e0206d3337d39fbc0d75c4d159d583f6e,900980f078ea30d6d6a75fabb3df8ad5,005c4c51db2947d67e737dcd0e1ea9ddf169bd78,VssOp.dll,8/14/25,Keroro Software LLC,0A04CAF1BB3BC17A33C6E155EC4F5883
51a36e0dce24106faec98306d37715d3d52ee69dbcfda7aa980b926357bdc477,521904193cf5a7b03322572fbae1e402,8637e21487bdbf6dca9d6bc9f575403095e31801,DmAgent.exe,8/14/25,Keroro Software LLC,0A04CAF1BB3BC17A33C6E155EC4F5883
3cdbf9603cd0a83cd0224347b179956b414ffc6b68595df0b762358a4b08fb4a,5fa6a78e31bdea870ea21ce8473ddc9c,b0c50aa057b17d9b63f5201a3aa6cb0777792bc7,Setup.dll,8/14/25,Keroro Software LLC,0A04CAF1BB3BC17A33C6E155EC4F5883
7ee5cca3d6940a172ee6d9a94d2f3a7b7680b60df79ce2cf26a25725571eb78e,eb45f8a5ab568539632dcfeb958b1836,45c395dfdc2987cb7422f10fe110cc4e05c8023a,VssProvider.dll,8/14/25,Keroro Software LLC,0A04CAF1BB3BC17A33C6E155EC4F5883
1be833dfd5f89870a47ae7cf00767933dc87471e7ba56c3847863c0575b17d37,6d4df4bf84bf41a3fb9aabe0b82251f0,2ab981fdd5a378830c7e540e4c9c27a42d8ffee1,FileLib.dll,8/14/25,Keroro Software LLC,0A04CAF1BB3BC17A33C6E155EC4F5883
4566e969f10838e074fe43930fcf1a5528dd116486f8a6bcfa8d04bd9cef7efd,28165e06d4039f1d3204147840f152cb,37454feada0780a1bb570f6bcb746f742c587053,multi_DiskMaster_Pro_Trial.exe,8/14/25,Keroro Software LLC,0A04CAF1BB3BC17A33C6E155EC4F5883
2a3e6a4b4af71214482264c0c2bc6385c68a434912c9ce75f18e5e958c0cb95a,3530200dc73e351fdc3573431bd39c2e,ab66141b60e772d316fbcd53fb00471cdb4c5ea6,VPSCore.exe,8/14/25,Keroro Software LLC,0A04CAF1BB3BC17A33C6E155EC4F5883
b14c7d0a2816385a0518d2c5dfa5ae9b3d540b31ab5f2df43ed2be78de6af71b,06b5ea5858b473df675b0a255d0cc081,056e60d3a2a8d25dbb1a251ebee9e9069e354d87,TbCore.exe,8/14/25,Keroro Software LLC,0A04CAF1BB3BC17A33C6E155EC4F5883
2edc3026a5ca1572da7ae06e0be3f0591469761b4103333bffef31ca34c443bf,635b5841a7de5c64f6f47264510f5f8a,ea61f40865e046b5e289499458aa145147c26839,TbCore.exe,8/14/25,Keroro Software LLC,0A04CAF1BB3BC17A33C6E155EC4F5883
9da55b3380596a2f6cd8348eeecc2e56c260ec976c1caee96a4c8e5821ae9931,223cc432f577ae9ca05f1164b13ba576,c91e3a2b19e3636cb1489713e0bc8a66e1589d0a,C:\Users\user\AppData\Local\Microsoft\Windows\Temporary Internet Files\Content.IE5\XKZIF71J\%EF%BF%BD%EF%BF%BD%EF%BF%BD%EF%BF%BD%EF%BF%BD%C5%BF%EF%BF%BD%EF%BF%BD%EF%BF%BD%EF%BF%BD[1].exe,8/14/25,Keroro Software LLC,0A04CAF1BB3BC17A33C6E155EC4F5883
7ffd77507493be9e2370139ae1116a8175ca7358378e121d6cb2ccdc27fe6912,8e26e076308f8294ccfabc9aee3a6511,b40229d24db87071c9b4bdc50e802cb41d5f41d4,7ffd77507493be9e2370139ae1116a8175ca7358378e121d6cb2ccdc27fe6912.exe,8/14/25,"Xi'an Vanci Electronic Technology Co., Ltd.",0CBAF79465EBF8404FBF0EAA
7357234d65ca8cfca38492b498017c5412fd75f7cf150093c7dd63ebbb858022,17ca649770d39ec6a0ba2578af22158f,fb56341e5ac7650e318b646a976d9af9aca8a50d,C:\Users\user\AppData\Local\Temp\w15dhadr.gnz\Gogole_Windows.std.6.11.22.1045.msi,8/14/25,"Meisi Software Development （Guangxi）Co., Ltd.",65620C1D74A8FD9630E9F2BF6281A61A
9fc1ed58ceb8e3e03f22038d8d0e66ceaeb6f1601f72fad586b9d792fe5ee493,2bc07edeb1a1b76fef2d3420ecbdeda8,c60a824fa87154b93551500f8b5dcda453285013,C:\Users\user\AppData\Local\Temp\5470671\....\TemporaryFile (copy),8/14/25,"Gucheng County Qizhishang Trading Co., Ltd.",5E0016A3D3E00463E5BF0753D80CDED2
ad0b2668a281b8db245ce1ed10b00a2f577dff32fb7e3fdbdaa65b9ca50a69d0,e1136ee5d301c2d68e546d844d6ee465,f0e5374397953129ac06a0b554ffeaffd75f1acc,XsSpf.sys,8/14/25,"Open Source Developer, Yu Zeng",12248CFBA203C55278C33B413A81FFB3
7a09bcd9313bfb3edbf350cb886f8b415f6b175b5d05ef17328f817edbc92a8e,282d0a40902f9fd515ef64332956421a,784c26dd76521df0501cc661ee275116892f65ac,DataRecovery.exe,8/15/25,Keroro Software LLC,0A04CAF1BB3BC17A33C6E155EC4F5883
56eaea5db5c298ea6a1366a703b00c797155666a875c6a86e2ee5d17b90041d0,612c45092a34de5a76cf109054bce94a,e7fdc137fc32be2d0f53f993e7c9317b8509e85c,DataRecUI.exe,8/15/25,Keroro Software LLC,0A04CAF1BB3BC17A33C6E155EC4F5883
e9bdd620978bcddc71dc7b08685fcf4780aa549c8ab0768a999ab315ba78b7f7,8b3e643a25d8e955133b354d69692585,421f0255ca7020711907269519e0a5f07dc5b88d,SafeAgent.exe,8/15/25,Keroro Software LLC,0A04CAF1BB3BC17A33C6E155EC4F5883
f5a1ec0da05f615f4d4f9ca86ff044690d350bbad0dd204634451f2604244cbc,d0ffcaa856ed4367329b74c841057371,76836b853ba2431d3d9bbeb93c1895e742d6e260,UpdateClient.dll,8/15/25,Keroro Software LLC,0A04CAF1BB3BC17A33C6E155EC4F5883
3e1382c4f0005ce18076b15bb88786877416981a3e1ae6c19d919e1c096e483e,2bcfd785330fce64ee9875a408f46b61,bf033a28c2aa8188dd2363c52244e73241de40de,DayZCN Launcher.exe,8/15/25,Keroro Software LLC,0A04CAF1BB3BC17A33C6E155EC4F5883
b1412f863b97bc07190e6091ddb567dbe4a8158a43750fef2f022770a9e2a43b,73104bc5736ae90cff37bd84747571d0,08a3e217eab89afbece6c889a7fe81b218bdf697,SafeDisk_server_Trial.exe,8/15/25,Keroro Software LLC,0A04CAF1BB3BC17A33C6E155EC4F5883
403d140de4fd1c86b3366951f2de22b151722ed8ec581a43ee5522737734d6a8,5518300468836e1967dac870354af8ac,06263e2a0303c80994af7341c9220f7447b17600,FastCache_server_Trial.exe,8/15/25,Keroro Software LLC,0A04CAF1BB3BC17A33C6E155EC4F5883
e41f826fecacc349cf06514b827299058aaea789be9c22612acbe58f3bec1c17,77ab0fb9246d4b52ddfd19b86f683658,4d43de96bf5ec1a0a8d98752f3c7c03a30e909ce,SafeDiskUI.exe,8/15/25,Keroro Software LLC,0A04CAF1BB3BC17A33C6E155EC4F5883
62d1c5e64ffb131061741c9f367b393b42b0d10228394893f8f573d4463ea019,e23120fb3fda49c166cbf61c332e788a,e8f5e063cbd4fcdead169cd07bb9003edb760854,multi_DiskMaster_Server_Trial.exe,8/15/25,Keroro Software LLC,0A04CAF1BB3BC17A33C6E155EC4F5883
af84f88583d6e369f264acb2408943008b7a8bc435838eca84cb3a1343904c22,543e9b7c480f5daa478a5178ed58519d,f2efc506c6d75f41032f5a1df8eb1d60d0029df2,iBeesoft-Disk-Partition-Wizard.exe,8/15/25,Keroro Software LLC,0A04CAF1BB3BC17A33C6E155EC4F5883
8c4e2960e3d8453209176e6f8809a7ea39911ae08c0c2c92fe44650c4b647033,8b966790d4a0b158bbd7b0e070c31dde,e5aaff4b94023fe3b874586c88ccc38b8d740af9,multi_DiskMaster_Free.exe,8/15/25,Keroro Software LLC,0A04CAF1BB3BC17A33C6E155EC4F5883
b52c936bfb0f47c7bb13fdedcb00285172cff3810f09c821d308735653982289,9660769205fbe928a92e73c7d21344e5,5b29a49a0c77c51fabd99905eb034d08079108b6,Shredder_Std.exe,8/15/25,Keroro Software LLC,0A04CAF1BB3BC17A33C6E155EC4F5883
fad657d0679c9374d3491c84ba9c0310e47159a8f61251cba79c8c825fe0666b,272818751a615f849db64b4949a48fe8,4c77b5c84f6678bc800f92005a9c190082f2148d,ShredderUI.exe,8/15/25,Keroro Software LLC,0A04CAF1BB3BC17A33C6E155EC4F5883
ef1b8ff48f953e60a6be3918580541dea0309817f0ea310ed003e9ca8c09658d,692bf0ad33cb62a153e51212e9408e59,1f038b5cbbda89d24d223b5f56490f8869937fe6,SafeDiskService.dll,8/15/25,Keroro Software LLC,0A04CAF1BB3BC17A33C6E155EC4F5883
a7474fe9ab9f8386ae8585396e52ca1c117fa8a4f6ce03a3fa15325e82d091b0,f6dea04e1a2150a7360c5884a9829267,8b57e9522c15814f7a0676788b0fe54c9e5a7911,SafeDisk_std_Trial.exe,8/15/25,Keroro Software LLC,0A04CAF1BB3BC17A33C6E155EC4F5883
5cab9827e7e1a43c629281ec6b592fc9085ec79811bb92ec9a827955f34cb326,9c9b4ed671c1663979e3172d8f640573,cccc464449914fc37d67d13f533eafa5a5934226,VolCacheUI.exe,8/15/25,Keroro Software LLC,0A04CAF1BB3BC17A33C6E155EC4F5883
06d0f2a7f179d0d390de24eb9bb08be435a6d69af739aee755cf9df14a6fe342,4ac582211e9677a3cb5cb1af60788aa4,aa174d7598e0e6021154ca9a28d83275ce0494e7,FastCache_std_Trial.exe,8/15/25,Keroro Software LLC,0A04CAF1BB3BC17A33C6E155EC4F5883
6ae6e6d88a3c6fb07d359d7dd0be0a8caf7da464e9e44bfa1bc74b2a7a900af3,297b22a304d89ee54e73e7452c599f00,31629ef0b4f666eaa9a5b3ea99bb3251fb36b76f,jpai/jpai.exe,8/15/25,Keroro Software LLC,0A04CAF1BB3BC17A33C6E155EC4F5883
0b431fb271758fdf2c3ada225deb2a686492bdaa0e8016290cef3661fac9f58e,aa469ac7da88ac6d2bb828c1f880d97d,bedc219a5ea0b3ca8351a6483e377879efedc842,PVACore.exe,8/15/25,Keroro Software LLC,0A04CAF1BB3BC17A33C6E155EC4F5883
4fea6e7c726de3465ae38538ccae601b222a667a6a540f503100bda8de62c6c7,cde1285029f9f4073df15de63393735b,13c0baf821f6c06f0fceaa228855ecb76a0cdd61,jpai/jpai.exe,8/15/25,Keroro Software LLC,0A04CAF1BB3BC17A33C6E155EC4F5883
cdfec79a0ea25c8192310b49752257c8b2e4ef08d807e98b55f38bbad0fdfb27,3739d1705a9c5287e8e4000f4877ea11,8d5f510afa25b89a834baaa3ca8dfcda97e68f7a,jpai/jpai.exe,8/15/25,Keroro Software LLC,0A04CAF1BB3BC17A33C6E155EC4F5883
f72bbbfd32527ad46d2a0dfd253cd6783cc2f5668377436f3d91fe07c86cfc51,693ede017c1a93c25d5096f91021ed65,82c48cfa19ebdcd7535a497cfd6e4f957ebe3d1d,TbCore.exe,8/15/25,Keroro Software LLC,0A04CAF1BB3BC17A33C6E155EC4F5883
6d54ed950a1d721f76538499d39174d2823331093c0c44dcae87902b7d513ff3,93a5e9e9c89244234f405ff18364a89a,ebb36cc1c5ca613f4f20c39a3b67cc97e6900f92,jpai/jpai.exe,8/15/25,Keroro Software LLC,0A04CAF1BB3BC17A33C6E155EC4F5883
bcbddc479f64c138d039f357bb15418bea9cfbda0c1bbd98626313753fafab85,7f281e4f3268f5fa50d06a5afce60cfe,52f330bfd87729b0d52a42142d177836b491b50e,jpai/jpai.exe,8/15/25,Keroro Software LLC,0A04CAF1BB3BC17A33C6E155EC4F5883
ea2d28f4e37dcf61d2a5b689ded92ef2cba5e0580869ba44afddd7171938d1f3,18ad63c90e8f15d68497f69954d6756c,529ff8db225103bf83c25c0079691dbb6ae76765,future-test.exe,8/15/25,Keroro Software LLC,0A04CAF1BB3BC17A33C6E155EC4F5883
e23c189a2a8e4b23ad165f878fa1416491313cdae5aa746485eb8e6982064dca,0a3144a4648c7f33a001a3559cc5af0e,8ef7f40d0594c5d9b57344e34443ad823f22c388,Speeka Setup.exe,8/16/25,AASIM MEDICARE PRIVATE LIMITED,3C720E116FF39685FD1BC018
5231cbbba52b54c8aeb1563d826c8a3608ef9360d18f3d8fbda6a2db6577ef0e,6c9fd9aca21ee601762512e281411b92,5857d9e31e9b29739fa051df537f36e8c1986528,ScreenCapture.exe,8/16/25,Keroro Software LLC,0A04CAF1BB3BC17A33C6E155EC4F5883
ea6ef70ef05131f743f827e8c0a943ed8443d4ae66a2f89dc2a3726088ef68d9,eb73ea8e88314522edc4e2065eed379f,ff66ef16d82f16f3a32de229ea7c629936c2e0fc,browser_core.exe,8/16/25,Keroro Software LLC,0A04CAF1BB3BC17A33C6E155EC4F5883
d78bd384356b423a811a45c7debb3a8bb8151b51e37e650e71acc9cfdb7ca688,c1d765b399230c53cca4e5ecc029a2f7,8ebca0bc9b0f90b66fc6e679b9befc95f3e91776,woniu-acceler(test).exe,8/16/25,Keroro Software LLC,0A04CAF1BB3BC17A33C6E155EC4F5883
37507deaf07c48eec618bb60a70f8e342a3011ff39d3aaecd3fd66e2bb84d227,a4b8e7d88793cd181458592cebe67a7c,9bd1494d1966f4806e2a367090c2dd8442a0b7a6,woniu-acceler(test).exe,8/16/25,Keroro Software LLC,0A04CAF1BB3BC17A33C6E155EC4F5883
8f91b305261e79fea83bbad16e318a69fd4b520fa21429230c6a22d9d49f03f8,a1e65bb92b19590e2f542d6d5b4bddfc,a7cfb14dfe5c532569762b07a83225b150120fa6,woniu-acceler(test).exe,8/16/25,Keroro Software LLC,0A04CAF1BB3BC17A33C6E155EC4F5883
824c522aedc6e205ab6be6da28dfe354bddfb20f3f2fad6b746ad61536bf485e,718202a2a370468d6c22bfa30bb7b691,45fde29fb0ea55319b296d5b84ae468d9754af54,woniu-acceler(test).exe,8/16/25,Keroro Software LLC,0A04CAF1BB3BC17A33C6E155EC4F5883
27a9f8a6c2cef3ebeefdedf7d9883b00840199ca6e84f463168f6bde5fea875a,bc6bb137810878e6ff3c256976d99dda,91e5709b8cce747891f9c092e7f8c7de7f72cd2e,Modium.exe,8/16/25,Keroro Software LLC,0A04CAF1BB3BC17A33C6E155EC4F5883
4a989d3b62982e55a8197d223b9339ad6a3002e731b324a213d9a029a9f66026,baf40449614841d1b816fcba24be322a,d084e82e08b0a365d9f42572b3f8bccb17a54f7c,Modium-setup.exe,8/16/25,Keroro Software LLC,0A04CAF1BB3BC17A33C6E155EC4F5883
a2f4ed4d95ab912b071ab0a4230a580ad81c6ddbabbb7ec609386bebe9fe44c4,5959e9b57abb3232ab439f2e51ff69f0,c70123189689e90f72b30507f3de4a672da207d6,uninstall.exe,8/16/25,Keroro Software LLC,0A04CAF1BB3BC17A33C6E155EC4F5883
4e531e3d21f77758012f00f08542f9c7e3526f6a32725c8879a3b287966eac36,e426fa279443c83e9f5e554b2b781782,62bfd2a6ffa8406db1b25a88f08c98313b03a366,Backend.dll,8/16/25,Keroro Software LLC,0A04CAF1BB3BC17A33C6E155EC4F5883
19ca9a517234962035d75fd0306e32d0f8eb40a7b104fa060a37a5f65d48daa3,9265213e19c892bdf4fd0afb497932c3,e25daca5a7015783183c01dd226f86362d71579d,DayZCN Launcher.exe,8/16/25,Keroro Software LLC,0A04CAF1BB3BC17A33C6E155EC4F5883
5c40f5b51aa9c964426c04049b1a312665083c094b3a639710ffac4d3f2f8512,35332a2d71d6fb234dc998ce089c0514,4e95c19b3aec4291c0108b3e2eeca0ca5ea38fbc,Backend.dll,8/16/25,Keroro Software LLC,0A04CAF1BB3BC17A33C6E155EC4F5883
d4367ea1edd3783716de2974548ef2f92094f09629fd49ec8201d2feb8787613,2bc72933167bf36c349f4d3b564edc44,df60bffdd513ead9adb10ed9d6d149eeb1872a19,2bc72933167bf36c349f4d3b564edc44_ESportsSetup_Official_2.23.8.0_release_signed_x64.exe,8/16/25,Keroro Software LLC,0A04CAF1BB3BC17A33C6E155EC4F5883
f56b93879a5d24e98c0f58d71f8792b86969ebc1ae208ae38e9e7c6aece17f39,06f9b605365f33580626840d210284ab,86c68ad21535eae61c1d9789df02f327ff23740a,woniu-acceler(test).exe,8/16/25,Keroro Software LLC,0A04CAF1BB3BC17A33C6E155EC4F5883
03c62b3362512dee3549bcc24611b72548d35b30f0ac7e6bf286343b969dfc8c,402c665e25132d1762ed20baffefbb0a,c713f8f68ee159c5337872a18e773fe68653a630,woniu-acceler(test).exe,8/16/25,Keroro Software LLC,0A04CAF1BB3BC17A33C6E155EC4F5883
b5baa660f2c9cf541a8c95a5e7453fce177630fb60baff8bbcd9c6a5e113b254,70533df417e22f2d62140a6e97171146,9cf6c3265642ec93c9cda90d72930e8e2fb321e0,woniu-acceler(test).exe,8/16/25,Keroro Software LLC,0A04CAF1BB3BC17A33C6E155EC4F5883
679088327bdc0dd2c49b5a47b514f833ddcf32998405b4e08b2d555ed4b30342,c812501b30aa24e67354108ee7f9e429,3cd39e1ece37447d1a5214d4c9dd22e2e621de0f,JyzLogic.dll,8/16/25,Keroro Software LLC,0A04CAF1BB3BC17A33C6E155EC4F5883
5e514a9173667746dcc360a0021a63e8585d5b88981fb9d4cedc21d782d83ffa,fbbeac60460b875291b589661eeb5b09,02c1a3c0da9911cf4035de6f3e0bb876a28d84e5,PVACore.exe,8/16/25,Keroro Software LLC,0A04CAF1BB3BC17A33C6E155EC4F5883
44a57cd3ae973de06e59ab91602940dfbb96b1ca63380b79d5d011438050a7c7,02781d256f874de3558e0332c3ef7157,99daa2dc22f400ce8e0836c77a563a9c44e38b2b,woniu-acceler(test).exe,8/16/25,Keroro Software LLC,0A04CAF1BB3BC17A33C6E155EC4F5883
261130643c9d0e27e982e278f76b94240915fd7f025e49a9591cd590497d10b6,c11a21685c8168d87009ea04a1735e5e,a0cf0354be73a30308cc73c1771fbce58b82200c,multi_DiskMaster_Tech_Trial.exe,8/16/25,Keroro Software LLC,0A04CAF1BB3BC17A33C6E155EC4F5883
3422c2d967fe88cd8d41e35ad3270b1ad5bc34c30d11faf318c24084b9786289,1b4ec3046dd839ff31ba26ea64f7ac32,e451cf8cd6c053f46784091482cdb14f09f044dd,3422c2d967fe88cd8d41e35ad3270b1ad5bc34c30d11faf318c24084b9786289.exe,8/16/25,"Meisi Software Development （Guangxi）Co., Ltd.",65620C1D74A8FD9630E9F2BF6281A61A
2d23b0fcc1c37d1c2a3e8d579d3c199f7c0f744a583e0c7807e5bcb735449ff8,1f20c40a188f699f77f2b62109e5dc63,50bbfc548fe30d8ac4f0bf243eb732a748d7238e,YouDao-Setup.exe,8/16/25,"Nanjing Yueyue Kunkun Technology Co., Ltd.",05B4BC293E3AC7D14DAEBF6E
f393c4985d7ab84c06e042a42c05b6b47979ae01ac612fc90438e7b8489cdf86,8bd2459f91d5741f33ec9b69c3a88781,480240a9124a4234368bb5e6f05183d8432a89e0,IPChecker.exe,8/17/25,Keroro Software LLC,0A04CAF1BB3BC17A33C6E155EC4F5883
6c3bca928139eb23c0f656a4de7c71c32122b4715ebb4cbc3180c193f6d5b8ce,0c0c8a4d7544b29435bb6b5491764d32,2d4c3f7ef4640091226d2defe941dcc504d06ca8,eosmsg.exe,8/17/25,Keroro Software LLC,0A04CAF1BB3BC17A33C6E155EC4F5883
58ed65c474b33eef9186a10ebd1338b16fa40e3a937e4c0fe224458c8cf84b63,80bd20fb31177e4927e261b548c12d4f,1d9b2e3cf9c49a9e00e9b08c53f0974263dec1cc,eosmsgV6.exe,8/17/25,Keroro Software LLC,0A04CAF1BB3BC17A33C6E155EC4F5883
54aae66e6ed32b00d135ecd4cfc913e31d77c3bb43ed24ce17bf9beac94ed59b,913404f6a88edca53ca3602ebb795bbf,30527a657ed28ed8bd592a24993d5cfde164a1c4,eosmsgV6.exe,8/17/25,Keroro Software LLC,0A04CAF1BB3BC17A33C6E155EC4F5883
575ab131235eb79f89d7e8869734e78d9872aaf06b799ac5e38408eaa2f373c8,e84a0649e762937e515595dcc9f3d07f,6ab66548f69db3e7b2394e0071fe7179df1ad76f,eosmsg.exe,8/17/25,Keroro Software LLC,0A04CAF1BB3BC17A33C6E155EC4F5883
5c0ffc429d77987f5dff93242303e6c6f68c3e5cdf5b843fdb74220cfb0d97f0,c2f7f3c5ebe6c492957b2e8bab6d4039,a400dd4ebd13317ecf10c781a1d7a3b18beb6122,eosmsg.exe,8/17/25,Keroro Software LLC,0A04CAF1BB3BC17A33C6E155EC4F5883
7821421c730c5b32793e2eb86c43d8f450088138dd10a67eac79337a99ed755b,d7e634d561bdee34e8fc0db041d030f9,e3bff9bfc5974d30fc7dc5802ef5f17ae0e69f30,eosmsgV6.exe,8/17/25,Keroro Software LLC,0A04CAF1BB3BC17A33C6E155EC4F5883
f05d6970e2c3bbd139559bef8e2425cd9a843e5c8d62c0e439b9403f89afe809,06d7d7d75e84b8a2c62be387328c514f,40ea0363c57566aac9af7d4483f72e504deefa93,eosmsgV6.exe,8/17/25,Keroro Software LLC,0A04CAF1BB3BC17A33C6E155EC4F5883
9b51a38c110d8dec436965dc6ba0c008e9b102e1d6db546cd48b0b11d2cfb666,c73d3e1def0162c81e346b4624edf364,40d361e3bf2a1c754aca485ef429fc84be239fa3,ESports.exe,8/17/25,Keroro Software LLC,0A04CAF1BB3BC17A33C6E155EC4F5883
34c604b3e02c1bc02abf67f6144574c8a644553d638b023fe53edc6f515b98db,e3b5d697e2602378dfe2a20c426c549b,eb15bd788d13fc7846de6b20f69f9ff3c941f747,e3b5d697e2602378dfe2a20c426c549b_ESportsSetup_Official_2.23.8.0_release_signed_x64.exe,8/17/25,Keroro Software LLC,0A04CAF1BB3BC17A33C6E155EC4F5883
c8ae64b736d7043d57d11856022b8402b2e3366e16d5cf06c9ad0eea91c6b922,b3d31846a039184e6a5e7803f35c3269,977f9c032cc5c386f11731623797f1b4a2196111,eosmsg.exe,8/17/25,Keroro Software LLC,0A04CAF1BB3BC17A33C6E155EC4F5883
d96f6f64fd907f9f405b41d9ee0b06bdc489ab19b2489227f2a88c955d55eaa9,4ab19c2bc78a33c2b68ccc8fb7b54499,d8ef9634ef01648ca323b5f5b7f791337f96a3ae,eosmsg.exe,8/17/25,Keroro Software LLC,0A04CAF1BB3BC17A33C6E155EC4F5883
87d8e5f093ece972efe3ef1d001a19038ce25808ca72942129ea78b555fb15bb,67d22727f97c2ffe7bb3c96772e410bc,987ddff21a0516181195c5c2dcfeb4da81a3664b,eosmsg.exe,8/17/25,Keroro Software LLC,0A04CAF1BB3BC17A33C6E155EC4F5883
86b53c3b27b5b02c19826c36582590d978f5a934629ed80a9815f18390e51110,38a59a90b5e038fe5682044c4e766d6d,f310c86c4fbece49410205b1061e0969a908e8b0,eosmsg.exe,8/17/25,Keroro Software LLC,0A04CAF1BB3BC17A33C6E155EC4F5883
eaa893cfd150c3c3687e12c16681ddffbfc721afbc9b4ba3e1d10326b578d92e,ae533889f1551eaa37148c4388146a73,4e32b157b0e6c187eab5221125e964f004672f13,eosmsg.exe,8/17/25,Keroro Software LLC,0A04CAF1BB3BC17A33C6E155EC4F5883
7ff524068973168997eb0866c8571c13805292141a1f097906990bfa4bd526e3,38f5add29f2d356f077c72e6e94404a9,7b44452c91c886814e6454f7862a7c80f2934254,eosmsg.exe,8/17/25,Keroro Software LLC,0A04CAF1BB3BC17A33C6E155EC4F5883
80e0082a0033715096653f9efeb780adf0f0070f7857e07b130518ee2fe01007,14c7b1a5057023325281e9f6382e8f93,dbec810d3dd4df6963d7796f383fa4fc9dfb7db8,eosmsg.exe,8/17/25,Keroro Software LLC,0A04CAF1BB3BC17A33C6E155EC4F5883
535963eaa592c9ba475362b29feef1514a61a49bba436799a3561ff19a84015f,da591d3daa180f95bcc7ad1e7d204820,2bb5fd35752249d892f25088564cca31cce3927a,eosmsgV6.exe,8/17/25,Keroro Software LLC,0A04CAF1BB3BC17A33C6E155EC4F5883
ed50c2e38b6f088e5467bbdd0bf424f654dddc4268d5d77c8b3b3e16b4202ee3,9c446208c1bb128536df3e358c7ec9df,663261850a61c1e3d720238f0bc61b15955d538e,eosmsgV5.exe,8/17/25,Keroro Software LLC,0A04CAF1BB3BC17A33C6E155EC4F5883
2ff3cd9e5d4a380038d2ba4d6fe4dc0f68f0a18462bb0781a06da66870a01fe8,da335cd51f8df6c580c519e1da01151b,3bfc00a1b9a159466622564b9d3b663174d3e56e,eosmsg.exe,8/17/25,Keroro Software LLC,0A04CAF1BB3BC17A33C6E155EC4F5883
2bd61bb498c42189728fc2b8595f616a9aa581f6e997f1c7e5db1db05ba06631,fe613ba86518aaea68c4332a49658a8d,6c1ee6eb01b22e47101bceb18d0b4d8d84b02d94,eosmsg.exe,8/17/25,Keroro Software LLC,0A04CAF1BB3BC17A33C6E155EC4F5883
7123cdb1f77a5c9f5df7cb36d14de3659d44e7368ba36006ca7ebda1a37e2e36,e67bd1850f93a05ef72bbd1146ec61b9,a84bd99f8205f546827f662a6a6b5a1edad97236,eosmsg.exe,8/17/25,Keroro Software LLC,0A04CAF1BB3BC17A33C6E155EC4F5883
3e27e7555c394441b5f6e588f1eab3c17cf135570f52ad0393b6a025f4effd23,bb2cca7a77fba4bc9570dbd026b0373b,c58be705fa53bd8b1f95e153c77fcdaf3ba6c625,eosmsg.exe,8/17/25,Keroro Software LLC,0A04CAF1BB3BC17A33C6E155EC4F5883
ba431f6abd26b32d9f4b5775bbb6ff47d0edcf984b3f0cc8e3b305ef82ff51f8,a6c2493425bd99a9acedde19d64a6884,0d8bbbf51db8ebe13c38510ff17259eca00e73f5,opai_launcher.exe,8/17/25,Keroro Software LLC,0A04CAF1BB3BC17A33C6E155EC4F5883
1fafcdc860a990b172a5b62f1ba917f34c60e580074e5256987a21f7bd0d8981,91864013025758f77533b7965dd1c60f,2c4ac70468eef6f8576912def21e9e836c72e557,Gogole_Windows_MiniLoader.std.6.11.22.1045.exe,8/17/25,"Meisi Software Development （Guangxi）Co., Ltd.",65620C1D74A8FD9630E9F2BF6281A61A
11cca1b8a2c367b5dbb9f4e0cc773c113b48eb3e375d6421ca9319c8f026d38c,2cb4a2c59d136290a353b5cb633b9479,1c59a0b52a6bb6dbc587e1f900b5768c471b9754,2cb4a2c59d136290a353b5cb633b9479_14200f6c16a9a3b254fbbb4fe4edf7b6.exe,8/17/25,"Meisi Software Development （Guangxi）Co., Ltd.",65620C1D74A8FD9630E9F2BF6281A61A
643567496898284f8a86aea5f10239042d0061ddb75d93d39cf0eb15e61da6e2,f0ee9f8305947abadfc434f261577d85,d936cf20e867f6e684e9dc4d30d620286bdb4129,TASLoginBase.dll,8/17/25,Jin Chen,134216E462B8FC279A7AF7382F45F3D3
537f10fe6251137bad9e41adf549c25f1be3ad42c04095dbdd84d2ad2cf00c67,0a101d081c89ebcdb086537cc814c31c,75e8fe427b1f4d683e6f2ab47b18192de3fa41b1,TASLoginBase.dll,8/17/25,Jin Chen,134216E462B8FC279A7AF7382F45F3D3
ce215d9e554797ff8735dc4edbeca28da905c2eb59c7a9a02cc730f25fd6b24a,132c56144a6c85f28ec552f619958532,eae667247bf0bcb50aeff80d8290e4074f5296a5,TASLoginBase.dll,8/17/25,Jin Chen,134216E462B8FC279A7AF7382F45F3D3
df476ad5caf07f457326ba65364d1e4d599b6f45502135bbcbd84898232d34cb,3a2ffebbf3b1cb025af07c332e745289,29b1454096aabe50dbdaa408df166f095ade7e84,TASLoginBase.dll,8/17/25,Jin Chen,134216E462B8FC279A7AF7382F45F3D3
a96cde05d2bb988bf0581aa0adac49a4ea072952c90ec999accb6d45dddf69dd,b2346106eb41856cfb630803cc09382d,59b1a25b4441b3f899b755932afb85053f2a3658,TASLoginBase.dll,8/17/25,Jin Chen,134216E462B8FC279A7AF7382F45F3D3
1d7f3d65d6198165a68a49802cf38956b648ec76a1ee2700cd0c8ab803eed11b,1e950bf18a132a7fe4c02947adc98870,7ac2dbe1b12910381adcbaf3c362bd6ed348a28a,TASLoginBase.dll,8/17/25,Jin Chen,134216E462B8FC279A7AF7382F45F3D3
89d938fab3e0ea45dc23cd58c144bc5d1cbd4f59fe5d449ada2a596c4dca9cb6,e0f5b797cf7870d8c2d6fa589a002dcf,4a77112b7bc79df62889a81b394cb3c1446e982b,TASLoginBase.dll,8/17/25,Jin Chen,134216E462B8FC279A7AF7382F45F3D3
cf56cee32b3646ab9c00bc756d0aac3f9740f68622ed88d931eb958b2ccca6ce,4d85e46c2d1ce6b940e1edbdc51767f9,efbe013d2380ed6e6714bb08e07ce718d96d5389,QILING Safe Disk Standard 3.0 Build 20250818 [pesktop.com].exe,8/18/25,Keroro Software LLC,0A04CAF1BB3BC17A33C6E155EC4F5883
38776920fd700e7cdd6b9f30d1962a2b05b3d0edd67c5826a093c5ec62793b4f,2ccb615430e7517458d69347bfbeec38,3578bda558086528b39aa5d00bed1dc10da6398e,C:\Users\Josef\EpuborAudible\Downloads\FastCache_std_Trial (2).exe,8/18/25,Keroro Software LLC,0A04CAF1BB3BC17A33C6E155EC4F5883
7943b4944f85026544fb137e343516dfab52fa8a034c7b8824640a8b6d18adaf,c1264e1bcaf0cbdb6f0a7e835a95d67e,8e738809e5816d56f6029b61cf7e33acd0c595fc,multi_DiskMaster_Pro_Trial.exe,8/18/25,Keroro Software LLC,0A04CAF1BB3BC17A33C6E155EC4F5883
47ccec343d3fcd46f2c7d8bf908852056bbb242928a130b053506fee3d8e0992,5dfa0b401b8799c1acc80d1b4dff39e0,d9435b4e86344ff1de0ca371fabd111ee025e2f1,Shredder_Std.exe,8/18/25,Keroro Software LLC,0A04CAF1BB3BC17A33C6E155EC4F5883
fb2e5f84d43615020ea320c96e28b11f2ffeadbd803e992f7e38dc363762930a,efbeccfca2079ce62e59d36b1c64c355,aceab02afeab16fd635c6f4229618d9abecc51fc,VolCacheUI.exe,8/18/25,Keroro Software LLC,0A04CAF1BB3BC17A33C6E155EC4F5883
01edb30771ab42743c9873826b47a47f0976ef097fd83cb7cd3ab1f496166f13,fb35a10207e0d916a8ae15322a398018,3ed7c6d4610da487536fc7a8650343e5d70697ad,SafeDiskUI.exe,8/18/25,Keroro Software LLC,0A04CAF1BB3BC17A33C6E155EC4F5883
74cba59044962c48dce9090770dab661b38dbaab9e2e5cdc541ccad598c73fcf,4eb4d419ca0669c563d19c8d2b430914,bc5d92e1611e7008e61772f0e5b277451d37954f,eosmsgV6.exe,8/18/25,Keroro Software LLC,0A04CAF1BB3BC17A33C6E155EC4F5883
1a5712a497221f2587e8eb1e5bd15f633385f97fca061071e13a6eabbac0ab73,6ffdc1b7c031b2a0c674c337c6d94984,fc0a5e67f7680816ad405c5677c15604a1d9ff0d,eosmsgV6.exe,8/18/25,Keroro Software LLC,0A04CAF1BB3BC17A33C6E155EC4F5883
1578d26b406ea6715c5822b8fe38ae0f02354337f941143059033f8d63b13d7c,631660a0ff3e121d9d1a5c0600c0ef49,23f2a597738aa72bb4ff9ec88b5ea98626ef6a6e,eosmsg.exe,8/18/25,Keroro Software LLC,0A04CAF1BB3BC17A33C6E155EC4F5883
ae396f5970870fcd9150c62f83c8f13038dab3ee64a66018afbea28b4a56154f,d5023ccec7d945791ea0d62098a5f4b8,812794643cbb5e731130dbe71a4453355d2adb9b,eosmsgV6.exe,8/18/25,Keroro Software LLC,0A04CAF1BB3BC17A33C6E155EC4F5883
c34722a2c64c5cf261dbfcfdc53c2368e132e0c78e3123defd36e8678e33a5e9,41aa63dfba60b9a28d9525a717e6232f,59affc806936ee0e193da03098c1c0fffa0c371c,eosmsgV6.exe,8/18/25,Keroro Software LLC,0A04CAF1BB3BC17A33C6E155EC4F5883
26af29a24eb74011c457c6d4fde92906c29d4855ab272e5284f82f1c5ca2b9a2,d3b5f3a3f7be922f7eeb5d324e511786,f91743dd3d7e417771c3a0f75ad1e741ddc80d94,Iimsrv.exe,8/18/25,Keroro Software LLC,0A04CAF1BB3BC17A33C6E155EC4F5883
d47f8dd4751c64451bf397326f3788ec0766e3fe9a066e2d4f234536f8328781,a2d908329ef180cddde01b702891a592,9eac630c209656ab7d457a87ffdf0097380b9a04,Iimkit.exe,8/18/25,Keroro Software LLC,0A04CAF1BB3BC17A33C6E155EC4F5883
047afd6834cd3dbeda1e45d2ad24b065c10a82c54d430fdc88580fabc3c4088d,3bb3d8a9cc1779b0465b9b671c9eeae8,b02654d1868f22e37cce77d97ef9baa179a92f07,Iimpe.exe,8/18/25,Keroro Software LLC,0A04CAF1BB3BC17A33C6E155EC4F5883
9e5235c75bdb327d73ef9b6e4eec4b3d515b87819b8f413c3c6ce8004fb1ddef,f9f664f479f667477a2375fd3a7c36b7,13800943054d69232802a3175b22f4d47af88481,Uninst.exe,8/18/25,Keroro Software LLC,0A04CAF1BB3BC17A33C6E155EC4F5883
78561499629988f43a4d833e2ce36786360b5acbc78c80105e460fbc22be2ce0,dda2ac0f96709089229b025037d95ae7,88530f5a91aa850d4ad19af4a7aa922c1518c586,Iime.dll,8/18/25,Keroro Software LLC,0A04CAF1BB3BC17A33C6E155EC4F5883
617780fbf75f6d88e69893665421a45d1581e6c51ccc4ccaf0ed458b01e9cfdc,988939ccd061f6a1b8f293d8d1a0e556,4efe8c43622edc347630a1494f8906ec56b1f3d5,Iime.dll,8/18/25,Keroro Software LLC,0A04CAF1BB3BC17A33C6E155EC4F5883
6f28dd0fd01b697cae443654bc4910e49667d758d424a80b0e8560e4ff063761,02071a2e2c3e99489772c284f5ed6ce7,c3cd26106dbc943f4c94418f5aa0c68e11bc0dac,DataRecovery.exe,8/18/25,Keroro Software LLC,0A04CAF1BB3BC17A33C6E155EC4F5883
4e14dcbbdf7a225a9ce23a9dae352fa78c20092ecf3d7d3f2b1aeba492f0cad0,bae2bcd51493dd046139dff0c41930db,bb09ea9c7abe3c78e7c25b6dda777371b60c1904,eosmsgV6.exe,8/18/25,Keroro Software LLC,0A04CAF1BB3BC17A33C6E155EC4F5883
9b7499b6cecce40449035eda2f704c4428032f3b8081ff5a4111d3043dad1b35,4ff129fc76d3712f6f748dbab503caa9,c19b34c3e1bf533a99577f73ceed6fcaec5b6ffc,eosmsgV6.exe,8/18/25,Keroro Software LLC,0A04CAF1BB3BC17A33C6E155EC4F5883
c6617f2a9ad5e5d357e25409bb13544b0e5d65dff4041807adc60edbb64ee5d3,c0f262f31849ad841d312dc320c82ff5,158578e739f263b4dc85c2472b8dea7dea827504,eosmsgV6.exe,8/18/25,Keroro Software LLC,0A04CAF1BB3BC17A33C6E155EC4F5883
deb315af0f8b40849285b43eaf7b9f453ff47b999b083c71d9f79815217dcf01,8d4603771510652e0346f6bfeb37ee48,d1982b0bf3f71865ba9dd27320f8aa031f8f3c86,eosmsgV6.exe,8/18/25,Keroro Software LLC,0A04CAF1BB3BC17A33C6E155EC4F5883
ea66ed3895d264a98c69f273edd93bf700e1b532655bfcbe3f11b18048eee525,604fbac7ce1ef9118ccdafa192dc4c5d,a33c2cc8980e1e651dd05b6e9a8cdc2c2fa92448,eosmsgV6.exe,8/18/25,Keroro Software LLC,0A04CAF1BB3BC17A33C6E155EC4F5883
48e9f65e65072e69004d43a3151566b33b7b926db746adb78567e34be9f5c107,937883555c8a6123fe960f7f5967dfeb,6c73541d07d2b2e05d19fc48a389fd357f402508,eosmsgV6.exe,8/18/25,Keroro Software LLC,0A04CAF1BB3BC17A33C6E155EC4F5883
0e7da5c56d8d7296dbfb9d689b8222ea435324e551d97dce2e611d9daaf199dc,07f2cc693b062d84de241b1e0a574a22,bedde688167c452e3a50e6c460d2d6305d00cd8e,eosmsg.exe,8/18/25,Keroro Software LLC,0A04CAF1BB3BC17A33C6E155EC4F5883
4b898ffa0d3fe493690a16a3e73a2787d40e4494a8e026d6010ffb016e4ab0e7,6de02d030199a5bea2cb26b04d45caf2,f4d2d9d58311812ea2ceb965de15fa8dd4a3eaa6,eosmsg.exe,8/18/25,Keroro Software LLC,0A04CAF1BB3BC17A33C6E155EC4F5883
00aeeb85854ac9663a7cd5868fd53c754c16c76f80c3ffcc967dba3ffc42e6a6,37366848f4d320f0264c9fa0950541c6,8366780a5520c3a0e8378ffc012572f4db2e0b55,eosmsg.exe,8/18/25,Keroro Software LLC,0A04CAF1BB3BC17A33C6E155EC4F5883
48d70aad209472691b487182db441b91852dbc737777480db8ef15bf12f4ee4c,2e69612e4c73100fd8463d047887bc7b,30fc245a8442f620c5aea5da36515977c20c66b2,eosmsg.exe,8/18/25,Keroro Software LLC,0A04CAF1BB3BC17A33C6E155EC4F5883
7b5e302d58745abda42cfbc9bfcdb657a5ffb2330bf0ddf1ac8b90d50a8a467e,590ab30cb13195c0292a65932c03e892,26e129cc931714e765256289a52a9e4d28fb08d0,eosmsg.exe,8/18/25,Keroro Software LLC,0A04CAF1BB3BC17A33C6E155EC4F5883
d352781278dae619a59c44ac0903e3c5e03685b036910c58e02a5c97c11579be,61ccbc94666cef2b1de6fe27cbdc11e7,9bfe4a4a749919519564bd214025a4b7944d6a8a,eosmsg.exe,8/18/25,Keroro Software LLC,0A04CAF1BB3BC17A33C6E155EC4F5883
15ad66a99cb32ef202d128a2d0d38890f34c86bef90833b601355aab48926b89,465ddb703e6ace9a508b34f098cdcc0e,6e680b8f976b9da6115ffabdcc2d8076daaf8b20,setup.exe,8/18/25,Keroro Software LLC,0A04CAF1BB3BC17A33C6E155EC4F5883
d9f71ece08f90cc567f550abb6b328575a4d0f18fe8385b681a6e12db3757af1,ba42ecea189cb17a6418fc78a630935c,72138c5402e7b4cf615176226e933c43abf30342,WPS Office_Windows.x86.Setup_25.08.75.exe,8/18/25,"Meisi Software Development （Guangxi）Co., Ltd.",65620C1D74A8FD9630E9F2BF6281A61A
ace1dfe8ca2ea56723c733e145ccf16f6fb621cc0ab0c39ce85b28d6f654ee01,ab4c34d7c889d3f29c9d8d5ea17148e3,42138a1173c21eda0dd92d74933431e2d3984b80,LetsPRO.exe,8/18/25,"Nanjing Yueyue Kunkun Technology Co., Ltd.",05B4BC293E3AC7D14DAEBF6E
7dcc49e29e802c2c9185446f56074d4eda6f60a8db7dad5c70a1ea85b93293b7,532eb4d877c6ef055f114df738d9e257,5518acc08209066ff9701579345a3c2eb24c9652,multi_DiskMaster_Tech_Trial.exe,8/19/25,Keroro Software LLC,0A04CAF1BB3BC17A33C6E155EC4F5883
7d0183513c24730bf6636a3705f9999eb6fc969a8ae0370705189f7b3958f26c,ce5a7d028933c564d32047f79e300897,49d5fbabb5b02b684115ea20446899a0429140f0,multi_DiskMaster_Free.exe,8/19/25,Keroro Software LLC,0A04CAF1BB3BC17A33C6E155EC4F5883
efc2666ef63c633f5369d5ac4ed5f7b3798f62de667b8aaff55fabec954b09a7,62cf9c9ebde003c5333a998853ada52a,9389689770164bfd641a43ee65e7c2c797b4f135,multi_DiskMaster_Server_Trial.exe,8/19/25,Keroro Software LLC,0A04CAF1BB3BC17A33C6E155EC4F5883
8bb65f39230d5623b2aa1e9e7c668def200c42842d41496667afab7b98150f37,390d2d88606c7aa46f645f2ea69eae00,6c00157c5f4de37719725d5fbab0e8b001f6a143,DayZCN Launcher.exe,8/19/25,Keroro Software LLC,0A04CAF1BB3BC17A33C6E155EC4F5883
d55d3f4a3b388c844930a6144d1a8f0e6adafb01670a99539c1289906428b202,6eb48858d593b6cb7295e7b7489cc299,fe1d2c036ef5dd4aa1e5d75075fca9e27defd55c,iBeesoft-Disk-Partition-Wizard.exe,8/19/25,Keroro Software LLC,0A04CAF1BB3BC17A33C6E155EC4F5883
b42ea02ed8d1e1ae7eb107d0689db80731a494947a7b5b615711159f852df509,31ad656efaf654aadb12f6e5326d06c1,fa9ac120d8dd3056f3e14db50f6c6429bf25f7e7,ESports.exe,8/19/25,Keroro Software LLC,0A04CAF1BB3BC17A33C6E155EC4F5883
47dd3440e1bc012c65626c42d1030b2516ff85471431d7feb2c28edd70c336ea,e7a3f50aa3f0475065fa2ac7ffe1623c,c9bb167c8ffc9f86a287f44967ac71913de2ab37,e7a3f50aa3f0475065fa2ac7ffe1623c_ArcNova.exe,8/19/25,Keroro Software LLC,0A04CAF1BB3BC17A33C6E155EC4F5883
a4a3d5ec698b69e72f8fed03bd2cc39db3cebebf23a9895908da934ff430f1ad,eed1c2fd0c783a05d504532c59c76e48,6adba16c3e137105fa9b9f388618fe0217be6a8c,Server/FastCache_server_Trial.exe,8/19/25,Keroro Software LLC,0A04CAF1BB3BC17A33C6E155EC4F5883
d16dfec4f8f53e456de21d3a4301f8261516702fc580c7a6b77affbaa90c1b10,82d4c8c68878ba5d60e35fa95fb07a2c,322df18a15e20ab3be0f87af76d198f768ce56c7,SafeDisk_server_Trial.exe,8/19/25,Keroro Software LLC,0A04CAF1BB3BC17A33C6E155EC4F5883
3c71dffa8ebfe7e383ee5ff39a617383eee11885ab8eacb7f5a2469de62ab525,f3804ec681d8bcb0a5a82f047d1a7723,f063e0ab78a2df1add1e190d3487cbc08d53fe64,Iime.exe,8/20/25,Keroro Software LLC,0A04CAF1BB3BC17A33C6E155EC4F5883
c5794756e4927a54bb5bda7f63931440bef5bc9ba655eb76fbd4a0ce5b36cda7,5c924c1e667a5e840676eac8a4cd6889,c1476ddaf9195ee5d645b1074e44e3edc8a97d15,,8/20/25,"Open Source Developer, Hao Chen",0582253D22D291481B75770C1556C56F
165c167dfe85f444b1286b50495c0d4da608e50c392837d1d494cfe02fc01f48,d3c6d9a35b85bed5122db1a6770d6982,8a1d2e17926e64a52dd02a221fe611e06a02736b,1.exe,8/20/25,Jin Chen,134216E462B8FC279A7AF7382F45F3D3
c41c20f71c65d45889c2eb318115d87726f110ef8ee9324b99e57dd8cca1a77a,c6b0978550ccb22603c0e65237451dc6,02fa201f9c045c3ccd93fecd4d9a19a76261610d,2.exe,8/20/25,Jin Chen,134216E462B8FC279A7AF7382F45F3D3
d9e1a27fe178892c1856c3d8f37c14f2c8382f4b57dae7819a141e0f10e61327,ca7d956d5c85416147cad580d82b4f44,8bb44ddfc01f2e4870ede53d00dc37c08c9d6324,ESports.exe,8/21/25,Keroro Software LLC,0A04CAF1BB3BC17A33C6E155EC4F5883
bd90f005b476cd99777c36362006d90c96e5cb71485647f326ef6519e0ef3b74,d5ebd031c900ab8f984e412d03b02da6,938750237cff02313abeabb2541bf13851ca36ff,d5ebd031c900ab8f984e412d03b02da6_ArcNova.exe,8/21/25,Keroro Software LLC,0A04CAF1BB3BC17A33C6E155EC4F5883
a02450c8b5475cff76c9ab63139b6da9e695b7e62bc1fc8815aac979135ce255,bf9608de8aa9084b9fdbbf3ec5285c28,2da4bccb90edb3bfeface4433786255950dce845,TbCore.exe,8/21/25,Keroro Software LLC,0A04CAF1BB3BC17A33C6E155EC4F5883
ae0b653a63376ade09d2b5183058087a851963a1b939c8ac4d8942c21fef831e,be6788eea8833e5a6c155b2abb6c67ed,16330a242a9528f1109f44e808d2172a37201941,Japi.dll,8/21/25,Keroro Software LLC,0A04CAF1BB3BC17A33C6E155EC4F5883
0d2e572e480fad5aa15326f54a33e689ad831f123129ba4313e892639eadf02e,51bded731c6a7dba5ff95278ba7c286b,083d677fbd1de26a947e8d6616cdf1ad4f43037a,Safew_Windows_Setup.std.6.11.22.1045.exe,8/21/25,"Meisi Software Development （Guangxi）Co., Ltd.",65620C1D74A8FD9630E9F2BF6281A61A
5beed4e01e1dff95e2b05d8da4fe61143b29c2dd399040aa6eada2bd5674eb5e,01ac0dcdb14b87f348713d40f718971d,1af0b2c0803d66467c930a8043f951fcb16588cc,zdfsdasd.exe,8/21/25,"Nanjing Yueyue Kunkun Technology Co., Ltd.",05B4BC293E3AC7D14DAEBF6E
caf3eef6f64679c0ed81fcd9bd873b084f92432e39a13530ca1093aeeb360799,10c4e7e9bfcfbb663bb34e51273403be,9a1ae139f2238617364f52bfa19c3f4451d6985f,LetsPRO.exe,8/21/25,"Nanjing Yueyue Kunkun Technology Co., Ltd.",05B4BC293E3AC7D14DAEBF6E
4cc7bd916efdaf89cf103bbf486ee7cc3a957ae8d7064b485a7374f9c56f903a,82c7c232ebe614a045a38920d0ea4a7b,bee3bfbf09aae9140afea68d61c96c4b7834bee0,/home/petik/ss/malware/2025-08-21_82c7c232ebe614a045a38920d0ea4a7b_amadey_black-basta_cobalt-strike_darkgate_elex_gazer_helldown_hellokitty_luca-stealer_lynx,8/21/25,"Open Source Developer, Hao Chen",0582253D22D291481B75770C1556C56F
5f55ac7136525da07d08dbcdf42bf3e8da84c2a1fc45550e05c27b7d3fd64aa2,444dffa027ef20a90843f33d5982b00b,63f76dd81c57d6915eb9cea951ca265339cdcbf4,1.exe,8/21/25,Jin Chen,134216E462B8FC279A7AF7382F45F3D3
25ac0f63ad1eabae1004a67930bdf728a977285c2c8332415435bfa985ed525c,07fd954905aed951c3e4c8bd64c2900c,ec47373d1ae38199f25bd8c9d2f83299d41acbd8,Modium.exe,8/22/25,Keroro Software LLC,0A04CAF1BB3BC17A33C6E155EC4F5883
2f24bb5d9d31d80e3c35583e6d1fc881a817babbaceb7d5d23bc4498e13e2a8c,b8ed7aaf94246fcdfe551cf6bf864944,296d8453fca3b32769ef20e63548992015b21346,Backend.dll,8/22/25,Keroro Software LLC,0A04CAF1BB3BC17A33C6E155EC4F5883
3685cc0fe665cb50642329f8e8cf54cec3d5a9415942e3dffcac23250aa1eb60,fde18a064ea3b6a75d4db82c4418bee3,fca51777d33aaffda8d2216545d54e2d603a8802,uninstall.exe,8/22/25,Keroro Software LLC,0A04CAF1BB3BC17A33C6E155EC4F5883
d08b5f346372043d1650a987331d32b36d3e6d5ec661245a1f72ad3571783a98,15888f35536b2bdebf269456508a0f1c,8a3762e316169ee02d47decd69e166c42754c651,Modium-setup.exe,8/22/25,Keroro Software LLC,0A04CAF1BB3BC17A33C6E155EC4F5883
dc48746d7252e0c1a0aa39d78ad8000037ad8e0bbf49bb735422cb0267e8a04a,67109faf91b58820b010fbe603f898c8,f2b670ac1c57cfb48af62a4015edbbca9cd6ec4b,backend.dll,8/22/25,Keroro Software LLC,0A04CAF1BB3BC17A33C6E155EC4F5883
b98a040dc773bacaa09b357ed7a703827b6bc923b386c9780ce57fdabc03b129,bf14e01874f75f7a846ab559b987b059,089160b0035a62b226e73f017534954b3655cd47,=?utf-8?B?QWRvYmVfUGhvdG9zaG9wX+WuieijheWQkeWvvC5leGU=?=,8/22/25,Keroro Software LLC,0A04CAF1BB3BC17A33C6E155EC4F5883
d8276b57fa3d9e81630e49eecd7b60824e1ca565ace8219d76ac30a37c7e6a6c,5f200d6835b52ffcf37ed99663bd6f7f,5ecee2c007b0b41863757a30035540f9d627dfcb,Gogole_Windows.x86std.5.08.22.1045.exe,8/22/25,"Meisi Software Development （Guangxi）Co., Ltd.",65620C1D74A8FD9630E9F2BF6281A61A
c94c0ab15ee156ad9fe45c8f2a224c9c46eaf4304ef64f3449621c6786ca3429,96c083a2bd22daf6ae942e95cefef7fa,3316d9084576220ae26b99514ba3a6853b490ed9,/home/petik/ss/malware/2026-03-08_96c083a2bd22daf6ae942e95cefef7fa_icedid_mespinoza_njrat_ryuk,8/22/25,"Nanjing Yueyue Kunkun Technology Co., Ltd.",05B4BC293E3AC7D14DAEBF6E
5788b87488369029fe465cebaa557e2ebc12f6a00bd2707cf0a230dff5b79e90,6427f542ef85b235e84ea3ac5b7b34bb,1afe4db59162b53a6fdb51323a7d1cbe6b51ef21,Microsoft.VisualStudio.Composition.dll,8/22/25,"Yiwu Liangheng Technology Co., Ltd.",00B73548A6B5D65D00DFE76D49555D4DD1
9aed018f7bcd4cea9f8cd0fb393f7d9fd6e469e643d6b7ab75854c50cc51c49d,06c0a3c13e213d1c85adecc44b17ae03,c10ce6da3910f914940480ae4a352d8487b44891,eosmsgmlv.exe,8/23/25,Keroro Software LLC,0A04CAF1BB3BC17A33C6E155EC4F5883
1a2a3ffd258a4d9c5c42e960f0bdbaa58a0368b651da09c6180264ba43d74143,bc4fd8057cf4589106af365571cbe1d4,097f1b422ef8aeeae3f5babb67c4abb76a00e299,mlvRead.exe,8/23/25,Keroro Software LLC,0A04CAF1BB3BC17A33C6E155EC4F5883
59478b65486307985619b97647bbf219d69dce6d9bb87a45a299f551df2de295,85e4f7de0cb800adf2c2248447e2f55e,2392801b93687491b5b45a1301003b15167a5941,eosmsgmlv.exe,8/23/25,Keroro Software LLC,0A04CAF1BB3BC17A33C6E155EC4F5883
967731ab742b6570a2b14e0aa07d43fab11bb79ebc93136cb5e61f83796867f1,35713f9596cba5c417667e7034127b80,8dc5c42da2b3271377377209a4e69929311ebeef,iBeesoft Data Recovery,8/23/25,Keroro Software LLC,0A04CAF1BB3BC17A33C6E155EC4F5883
612fb4e11a28d0e3ca589a3d5e12e61418fcede999bed8d2e64eec6983e39c66,f5b0cdb99532982bf1ef3cefbb1b5184,c59f99bb89704351916e98ac76502709d1157b36,/1/6/1/612fb4e11a28d0e3ca589a3d5e12e61418fcede999bed8d2e64eec6983e39c66.file,8/23/25,Keroro Software LLC,0A04CAF1BB3BC17A33C6E155EC4F5883
7560d9ce79368b82e9237479406cc087004ef5422567e7d814a94cae6ecd36ae,db7fb089d82354627eb61e7165fc58c2,db04c1bb19195d60a3c34c77624017dbaa168e5e,Modium.exe,8/23/25,Keroro Software LLC,0A04CAF1BB3BC17A33C6E155EC4F5883
a803161d12c5dbd0bd26562b1b3967411d015f3ed6c46b57159fd6ce72c59864,dcef3c5ef20b143cae9179886df711e4,d86e59ed74f057362d0beda2004497c568fe266a,Backend.dll,8/23/25,Keroro Software LLC,0A04CAF1BB3BC17A33C6E155EC4F5883
b48103f12ba13e7bf03119f833968347c0dce536fc5a4e8f5e0624cc444565c2,1c06061871c93e97e86e3d644114cabb,5b41c5b23c94b5dfa576075163281e14a6ade482,uninstall.exe,8/23/25,Keroro Software LLC,0A04CAF1BB3BC17A33C6E155EC4F5883
8b74d27d3e63a7a471e5b77408cee417486ce428239078909b6e3037005a5ae1,8b4193a9a5c05ebd722de34e095abb45,106d2a74bfc441896469acaa44109fd48362c5cb,Modium-setup.exe,8/23/25,Keroro Software LLC,0A04CAF1BB3BC17A33C6E155EC4F5883
4f0defb59f3ecf2e29b790d2610d2503397bf65831d0d3f0eaace0050957369f,4987d98394d12c11d7e0b57ed28ad02e,c5d0f39fe3bd47c876ec3080eb3ca7d12d1d21fd,eosmsgmlv.exe,8/23/25,Keroro Software LLC,0A04CAF1BB3BC17A33C6E155EC4F5883
69d7d5bc879a19043f8bc770168e59368ecfd018e4a65d13709421a7ea8ba5d5,9aa2d2f9de711aaefa6d11e8a9b9120e,70ccd18464840428fa094afeef0b470a865c56ae,Safew_setup.exe,8/23/25,"Xi'an Vanci Electronic Technology Co., Ltd.",0CBAF79465EBF8404FBF0EAA
5fc0c37abf42d0a908548b04771134c8dc5936db618820e437335bc9b34992e1,8069ccb8271e289ef76d5a99b55aff3c,8d9f2457054f9d5138d933f2107d9f630059ea7d,Driver1.sys,8/23/25,Jin Chen,134216E462B8FC279A7AF7382F45F3D3
2ea86adce91b49ac2e5c1297b39c8c152793919b0facee1d3a11c43216cd888a,f99c355f393b9c5b4a2dd86f80ed341f,7b6a22d9f92058c3491bd026d3249ab3843b254d,Driver.sys,8/23/25,Jin Chen,134216E462B8FC279A7AF7382F45F3D3
649484826436ee05700be56f46f8b25c43b1428efc93481f3ee5d3ffb951472d,83329358d4136e5bd72aa787ab500c3c,1c0608283c4afd8cb9df442500e02537225a262a,MyDriver11.sys,8/23/25,Jin Chen,134216E462B8FC279A7AF7382F45F3D3
5ce479aade913a8d6b3dd91d028392e81d1b5556691c0f82d9e10a3292c491e1,6951bb9642d4efe86aeb079ff3a88c8a,27cb297184552304f845a25e891b8a7801f35ee1,iBeesoft-Disk-Partition-Wizard.exe,8/24/25,Keroro Software LLC,0A04CAF1BB3BC17A33C6E155EC4F5883
c2681b1ad91357436b4bf3232c9fc570c15dfa0f8e1ff5d829ffecceeae924ef,3eda727831861a9373f1512e35c3487d,f6cec7e1b46a146b190c93fcfa3bd107074f428f,DiskMasterUI.exe,8/24/25,Keroro Software LLC,0A04CAF1BB3BC17A33C6E155EC4F5883
f7673adc46a84309d88667ccb09a48db518182f223fad5b7f5ed566c98920765,821132a94d4c79682e473f85f92bb1e4,ddd946183cb2f0d30241bd1148aa440dc87635cc,d010c548bf4cb60c3d36fc7076b193c6.exe,8/24/25,Keroro Software LLC,0A04CAF1BB3BC17A33C6E155EC4F5883
bbebe25d5c2ca2ed5cc7f9e287c50b31d985a62c2e572ee9bd96c45b6acdc2ed,30ed77b8c94f888c21126da8258b1d74,03cc7302b0ed0faeb88f3d088ac8872c91f2de28,Modium.exe,8/24/25,Keroro Software LLC,0A04CAF1BB3BC17A33C6E155EC4F5883
9993d18cb5e4eac005fdc4feb2b388aca275b3bcbe45fc0891283e61896cf7e1,a878c7fb71157f788f4bdf6c00ddf670,74450b1390d6c247f0d77a9c902e704f0b97309e,backend.dll,8/24/25,Keroro Software LLC,0A04CAF1BB3BC17A33C6E155EC4F5883
b9cafe1ec7ab3d52d6350c290ba013a322317e673cd0eed4d1f8a516b7dd0e2e,26285321e84f7d74f2ac27281482bff6,500799a4036720d16bc945aa1c1f995b24528dd7,uninstall.exe,8/24/25,Keroro Software LLC,0A04CAF1BB3BC17A33C6E155EC4F5883
ffa880d32b2572a438d8a906390597213dd83d788b85f61a8d27480195d9728c,fe93e95de29a7efb78596eb57035adbb,b1e7e49840c9a6bb8627c3c00e64a2d8debfcea4,Modium-setup.exe,8/24/25,Keroro Software LLC,0A04CAF1BB3BC17A33C6E155EC4F5883
2b2363d3759ef8b676f398fc413c56a1058b8bc9c5633f24c55538e5ba501afb,c77bfc2465ee14d7078e2a643f688843,748c0ef657c288fa30bfdeb8d5ccf9bb258e8878,2b2363d3759ef8b676f398fc413c56a1058b8bc9c5633f24c55538e5ba501afb.exe,8/24/25,"Nanjing Yueyue Kunkun Technology Co., Ltd.",05B4BC293E3AC7D14DAEBF6E
b630af703df35e4fa79af50074724a2c3288696a737159c9baa8cdc168eac6c3,62eeceaade5b991fa0ddabb5f4911874,8fcae5118062d07c5ec7814b60e1cad2ecd90c11,D:\Program Files (x86)\Netease\CloudMusic\62EECEAADE5B991FA0DDABB5F4911874,8/25/25,"Nanjing Yueyue Kunkun Technology Co., Ltd.",05B4BC293E3AC7D14DAEBF6E
1c13bcbbe67767886f60c305869aaf5f127ae1e127637e8e5f74a0a472b5d5b1,4705a3b141183e350ceaf01dfab4d095,e760d3291fcf9aa83f5ccada7779c9718fb62081,/home/petik/ss/malware/2025-08-27_4705a3b141183e350ceaf01dfab4d095_black-basta_mespinoza_ryuk,8/25/25,"Nanjing Yueyue Kunkun Technology Co., Ltd.",05B4BC293E3AC7D14DAEBF6E
3275d9feb8edfc00defcc8c9669cc4a8e83282cac06ddeb18fa41c8c311beb08,994fd4f82044dd04e38ef8ccb972f2ae,a952bc622d1be4669ade4108f54409c7046d8c12,/home/petik/ss/malware/2025-08-25_994fd4f82044dd04e38ef8ccb972f2ae_amadey_black-basta_cobalt-strike_darkgate_elex_gazer_helldown_hellokitty_luca-stealer_lynx,8/25/25,"Open Source Developer, Hao Chen",0582253D22D291481B75770C1556C56F
1107160996aad02e3d44572030599713712db1e7538a346d5bd885f1ff88fdaa,faafaa0250c745e97e58038d78ae7cb7,1c30c043fd03c1831610e08f5eec5ef2b6b67a1f,WinMergeU.EXE,8/25/25,合肥高好频商贸有限公司,4C4C225E13B1CBEA59C3A9B50AE2B94D
bbf0b766f630689e7cda9508fad77591a6e50539b25bd18a9483292783508151,93fdde8bfe7e1301bf74cc1936cd449d,d436834c307e9699834c692ad474399d01dd567f,SurfAI_setup.exe,8/26/25,"Gucheng County Sili Technology Co., Ltd.",009D8810BFF34A30460ABF1E5410324DA8
2c2158b36740bc5d4004ee45caadee5c5bf04b506f2bbebd748b3962b36a858f,db688529c558623cdaaa09d8279cfa4b,b0bb157a105838923b8eeb37505572d9e6fffbf5,1231.exe,8/26/25,AASIM MEDICARE PRIVATE LIMITED,3C720E116FF39685FD1BC018
0f43f758a73dbbb5aee95aecb3e533749a2f395f6ca90881eedc395f653e6265,ff4c1533eae1ed7f5b796c7f8eb852be,280263695a396991a58e4b8f1f24636e39be2b67,eosmsgmlv.exe,8/26/25,Keroro Software LLC,0A04CAF1BB3BC17A33C6E155EC4F5883
ba0ee867f429f6d95e937639cfd18c55c9e033a2cf5e0146e83a59b004e3f7c8,bc244fba23f13cbed0b65cccdab4c63c,a60041bbffe256ff6e910b131421485cd2913311,eosmsg.exe,8/26/25,Keroro Software LLC,0A04CAF1BB3BC17A33C6E155EC4F5883
1f2f2cd6e00bfc0e6c59877d54791a344799a808f2b998ed71df1f7aceb5711a,33ec2a3c50d42fdeaf11b195a0f78564,cebd8e6c1c218ce37602cb57e96ffbcf4399f295,mlvRead.exe,8/26/25,Keroro Software LLC,0A04CAF1BB3BC17A33C6E155EC4F5883
c9715344f032fd795c07627489a0c6ed2c7b0fab1c6ddaccc34c071d70de9498,ebc2496a2faacb772a45d62c265944e9,e96b36f021a795a022e9675d213c1e53aebad547,eosmsgV6.exe,8/26/25,Keroro Software LLC,0A04CAF1BB3BC17A33C6E155EC4F5883
e2ee8a1aca1100e17d658db628b503b5c387e3a14b96143d2ecb57b22dc4e77d,cadee68597dcf1c1f7efba5f52da0748,77560df2c12cdf1db9bae807590b85a41c60c6dd,eosmsgV6.exe,8/26/25,Keroro Software LLC,0A04CAF1BB3BC17A33C6E155EC4F5883
30719b9aeaf2e10425bfff7355cf835263800c4ab7db02e3bc8c2496a4d0e8f9,621e3f36c987326b47565b3c3e2ea62a,09589bc12616ffe242ea575e0baddb9f49bca4df,ArrangeCourse.exe,8/26/25,Keroro Software LLC,0A04CAF1BB3BC17A33C6E155EC4F5883
369778fe9b7560b1649926dd66d95cf64228b7ce4c89de790de1879f16b28676,0e0b63ee7896ffd2e31684f66bb921e3,50c5ca433701a3b81b1133b307e2ac043f8c1974,setup.exe,8/26/25,Keroro Software LLC,0A04CAF1BB3BC17A33C6E155EC4F5883
6b04a624cb4c8206beb4799dc267e29ff2566f947c719045e7d8e9d1f5c96906,fd7761dec7cefaee724bc73c986e5505,98514bba97800a938db31c3844323bd63ee575dc,eosmsgMLV.exe,8/26/25,Keroro Software LLC,0A04CAF1BB3BC17A33C6E155EC4F5883
7f11aeaf6dae5254c27c6c7c68d1825604c277c60f47dd12a13deae3ecae06e0,2d9f70f540ba7e99d49fc8fff60aef25,6a738c0b00f310bc0c245c916ab5ebdf474391f6,mlvRead.exe,8/26/25,Keroro Software LLC,0A04CAF1BB3BC17A33C6E155EC4F5883
5196a503a5a56525c5470968e259c77783669f5a85ae0e858f3d21e0b8fe13b1,911d3777fba22838c38f410b7b61c8d1,f6a288b95c82e8b8e9e82548c169ae91e5a80c80,mlvRead.exe,8/26/25,Keroro Software LLC,0A04CAF1BB3BC17A33C6E155EC4F5883
c1aeecafff465402d0507bccca43525a6448014a8d75c085b160663deba1a8a4,9ad290f0b9d9e5b488caca794abc9e7d,79aba1ec17b41d80477c43c0489d9134dbda2cc0,eosmsgV6.exe,8/26/25,Keroro Software LLC,0A04CAF1BB3BC17A33C6E155EC4F5883
e8a40a1519eb927369c501dabccff870aaa292fceff141fd71dc22619497a15b,26c8e271377ab9c770ee673b962884f8,10a2b7b07a054be3b2fa5375687c9ec983b75ea6,eosmsgV6.exe,8/26/25,Keroro Software LLC,0A04CAF1BB3BC17A33C6E155EC4F5883
e71860ef68c66c6d8b24ad0e51edf9da76e71b76a79271346a4ea9a53126b5cc,b078daf2ed16c6d7d3e063de39acb6b4,a1d49f8985fb5c1abed5f356f4902ecd866c1ccd,/home/petik/ss/malware/2025-08-26_b078daf2ed16c6d7d3e063de39acb6b4_black-basta_mespinoza_ryuk,8/26/25,"Nanjing Yueyue Kunkun Technology Co., Ltd.",05B4BC293E3AC7D14DAEBF6E
4ceb4a501721f0277072a14220ff435eecedee9930b150adf11057603cf08842,8b81c48e0bbb1df47a6dab2c3212a10b,6d48857faf43cad2dbf5b2fe70021352a8e8f556,PerceptionSimulationInput.dll,8/26/25,"Open Source Developer, Hao Chen",0582253D22D291481B75770C1556C56F
763358640ec00e9e4014156d61038e5add20c71fa330771569cfc75dc981f2f6,41b99edb064cf4c1305aef97e6fb38ad,c40779d32260748305b6c2b4b19a093d257d1265,/home/petik/ss/malware/2025-08-27_41b99edb064cf4c1305aef97e6fb38ad_amadey_black-basta_cobalt-strike_darkgate_elex_gazer_helldown_hellokitty_luca-stealer_lynx,8/26/25,"Open Source Developer, Hao Chen",0582253D22D291481B75770C1556C56F
ce00a1867bdad2adf47c196502dc615be09cbb16af6ba106d01cc1bc8d3e701f,b7b96195745b3afa787f4cd0d0327ba8,11df1b7feaee3d5198b1bd310e418a2693fdd8bf,222.sys,8/26/25,"Open Source Developer, Yu Zeng",12248CFBA203C55278C33B413A81FFB3
bcbb74f7b54f471f5d98ef24ae9b472f2cbe3efe04d6c6ff1088c63ddce290cf,d543ee14b3917f1f7ed8f04ee7e6ce8d,36fe6ef08a4920bbca875158453fbba90e924ffb,C:\Program Files (x86)\Google\Chrome\Application\D543EE14B3917F1F7ED8F04EE7E6CE8D,8/26/25,成都金源启铭网络有限公司,4DDD9F79FFA78EB06C8C638334836ACF
6a540498cd0854d78ddbfbc0fedfa803ce8258e6bf79b90a7719b681689c0cdb,beb29115c085e35cce48caf8caf65913,99758fae9c18032f82450d85ea27d67b285fac04,Safew.exe,8/26/25,成都金源启铭网络有限公司,4DDD9F79FFA78EB06C8C638334836ACF
c89a0240201e2737de1b3e8ebed5363cf4576c96bc702e0fd1b5a35c9bb1c904,fcf7e93b4c109a5eb44b3d681773db89,924d598909cbb3846018e2c0e5041f9a5d63d006,123.sys,8/26/25,Jin Chen,134216E462B8FC279A7AF7382F45F3D3
931cd92fb3adf4ee3e5cd61220c9949ad941918220df8203caeda73cdac078f6,1c4e8d28984f890012ae5bd890f22fcf,915a33fd0c9c5b080df0b48baf41e60ebedfd676,C:\Program Files\5EClient\resources\node_modules\vibran\Bucky64.exe,8/26/25,"Hangzhou Saifan Technology Co., Ltd.",0DB8378E7C5F330A988848572F290434
8434218ca0fb759ac90205689af6bc13d61bcc2b831564d6364df9e7939e4b47,42dafadab84988595cbed35b79216b21,5715e385cc9072dec88eae11ac4e7a26289b074a,bdc_setup_4.7.0.exe,8/27/25,Keroro Software LLC,0A04CAF1BB3BC17A33C6E155EC4F5883
0331b894bc0500f5107b9cdc246df54c9592caadd68ce08ab47379aca5766303,738e62f7db54af8adedc441430335df0,3df6b1ba8ffb28e4237052651b90199c4f827aa4,uninstall.exe,8/27/25,Keroro Software LLC,0A04CAF1BB3BC17A33C6E155EC4F5883
3c6f189e5d3a6cc026c2098e66fabba280e9bfe638a3c5e3ca96719d80b2166e,2886956a464489653d2fc4eff47493b8,37a61e0b4029557d34ffc881f9e069221cb6a62c,Modium-setup.exe,8/27/25,Keroro Software LLC,0A04CAF1BB3BC17A33C6E155EC4F5883
51d59b60c4d278818634544a672994113187b15a705c4182de1ebff1af233cfe,40578a2ab001a8acfdaa1b3bff3f0684,0f388686e35a52bb880d0cc886680784c6ff4267,C:\Users\user\AppData\Local\Modium\Modium.exe,8/27/25,Keroro Software LLC,0A04CAF1BB3BC17A33C6E155EC4F5883
0680a73121da8cd655fe8941de0dc67441cd49544833225fa23d1495f23e6e97,bef7e54a073b9b861333e5b8fbccfd53,bb42b44f0b1e4f71674266c3c35442576abc8aff,backend.dll,8/27/25,Keroro Software LLC,0A04CAF1BB3BC17A33C6E155EC4F5883
bb49717dfc78b49d74fc38389cad5619dcbe30b18bb9c68e2409479ddabe0e06,d15207442773a5d10e919af2da93d4e4,ba57be5cb5ad9964a2d7a13df2a4a21b0f3e33dc,uninstall.exe,8/27/25,Keroro Software LLC,0A04CAF1BB3BC17A33C6E155EC4F5883
a4b6172a62a12350f9991e18bf630adc6204ac8fa24ca259f7695ebe911a78c5,7713695c8bdf20ee36cdede025ca3557,86d88aa5de3ee926cae939185a9f041034f2e018,Modium-setup.exe,8/27/25,Keroro Software LLC,0A04CAF1BB3BC17A33C6E155EC4F5883
17f6993b3a24a4c3fc36d5ef7dc189d5fb229b9174a6b35129db8e75f03d835c,0f6d18a6a5511c90e0f3dc9e1d154390,1c692a224d33a5dd472950be905851ca0dba42bd,BlankTest.exe,8/27/25,Keroro Software LLC,0A04CAF1BB3BC17A33C6E155EC4F5883
bbf1800396dc5ffccf52cf8def2319ec0b97155f32ea6b37fa044d18a65b2360,09b963f6053de3bec9abc51efd9f60e7,4d14bb1993e57135f34b8e0af099f91d14dbd145,setup.exe,8/27/25,Keroro Software LLC,0A04CAF1BB3BC17A33C6E155EC4F5883
23dbd44ce4431f7bf58abbaefcefdceef4d2417f5c5c8320c4a578a656172ea7,cebea996c0f250acaaee258cf51cf339,10e7564c822aab4b0010ea877468d5fdbaf5f51f,PerceptionSimulationInput.exe,8/27/25,"Open Source Developer, Hao Chen",0582253D22D291481B75770C1556C56F
ba7fcc25a5ae3cab22bd38f497ba5dd7f443fe04c8370374a8b8d85dbb2f2a15,fbe7153893979d2a73298bded5decbf2,aff8afda5c71ba3a1d10f1743c94ebeac5bb6846,/home/petik/ss/malware/2025-08-28_fbe7153893979d2a73298bded5decbf2_mespinoza_ryuk,8/27/25,成都金源启铭网络有限公司,4DDD9F79FFA78EB06C8C638334836ACF
8453e51c613da106911e10a5181a670c59c4f314c44717f283d2796ae7187b17,fb65a54d4bee37b3772be734f237e2b0,a824d5f7049843bfe1018f1c7f48587cf201173a,Scoil Setup.exe,8/28/25,AASIM MEDICARE PRIVATE LIMITED,3C720E116FF39685FD1BC018
27c8140532b9281ae9fcdd64b15a9ed48572ca4f47c4b4a8a22afc7de8f7b910,28341363ba1fb9edcaceb7d8a4ba5b7b,325db7a3583aa68712aa477d167c02c166674424,mlvRead.exe,8/28/25,Keroro Software LLC,0A04CAF1BB3BC17A33C6E155EC4F5883
b9bf2e6d40f93f6ebfc07e3e8a60d94ff3156415465ef0bd829d6c4329159e5b,74dc6e7112a88a54f542fbd5ba6aa472,63a758230555b79b0bf37c154cf0c95a4e132d1b,CameraControl.exe,8/28/25,Keroro Software LLC,0A04CAF1BB3BC17A33C6E155EC4F5883
1818a85fe0b9e2e9f71875f37815e0d8f060b0f4f6897c08f983fcfff6f0a120,9cf07aa21af0d082f39e9e302a2f49aa,b20d07511e3ad05637663a84368166e4d46dd95e,eosmsgmlv.exe,8/28/25,Keroro Software LLC,0A04CAF1BB3BC17A33C6E155EC4F5883
0a6aaaf3d8d12b1aa91d298e5af0542803dad0defe225770c36bd97af36897e2,a3290e450324ab03966714f7c803ed20,f089f58d8a0890c3eb80ee4401f9f9b1d29ba4bb,eosmsgV6.exe,8/28/25,Keroro Software LLC,0A04CAF1BB3BC17A33C6E155EC4F5883
41f2cf5fac5266b61d0da826df34429ac61dec62748a53cfe9956e6a2d0ff1e7,9a3ab815852e989703ad97f0013d50df,28b26491a7c8466789b53e58784051a6ec2725ef,eosmsg.exe,8/28/25,Keroro Software LLC,0A04CAF1BB3BC17A33C6E155EC4F5883
d465a097c9e905a7a26f1bbe32850798d8c5090f258c97c555a374f440ef3e45,8baf9bc8b84ae3364ad6c176d790b508,732cf289d42638ce5a6a0e5b85fadbcbf4b4e572,eosmsg.exe,8/28/25,Keroro Software LLC,0A04CAF1BB3BC17A33C6E155EC4F5883
7e84c88adfc908ba51abe05877d10d5d6c7bf51b59ed3ee7cdc601fa7f248256,6afcc7fb38ed73a8cc9b3eef0b0370ba,fb30c13ad2cb3a426c912d373d50fca8c8eafc3b,eosmsg.exe,8/28/25,Keroro Software LLC,0A04CAF1BB3BC17A33C6E155EC4F5883
9aabcf0b0092e5b03c425bf15f66ce30cb2a2f23f75ebb6f73b377a7604d589d,05d4bede14dce5a4579bf54033ffd4f1,497f8acf4659b1a10acb491a50e6b672f0c640c1,eosmsg.exe,8/28/25,Keroro Software LLC,0A04CAF1BB3BC17A33C6E155EC4F5883
823a2b4019cbe7c7e2cea6931b178996894dac693da81d660ec0413d73750615,8acb97007e812c5250430e5cbae27c53,ea79fb2264c8aa0d898b07ed5d5ff807c5da0fd3,C:\Users\user\AppData\Local\Modium\Modium.exe,8/28/25,Keroro Software LLC,0A04CAF1BB3BC17A33C6E155EC4F5883
bf3c36f9783877fbe8255800ff050618166755d5f10e2b212e4a720b421881db,5ffbd7466a20e1a16cd6c5edf6769404,ac55efe41c7f9dece26f134ffe523d593696ce30,uninstall.exe,8/28/25,Keroro Software LLC,0A04CAF1BB3BC17A33C6E155EC4F5883
9f2521e668340b332be03ef6f315e470ec2b1a2724c2fcc743d123cc5473d81c,fad8de808bd986140ae724e15e55d570,69d8459828a9831cf95bb641096dc0641bb82240,Modium-setup.exe,8/28/25,Keroro Software LLC,0A04CAF1BB3BC17A33C6E155EC4F5883
b57d01a62f419eccf66366ebfcbbbed417726bd3aa5a3332b70213be8dfdac7f,7b7fd1282b65f0b7b98abafb24686182,601f73e7b68dbc5b98bce1f8f391c9ee58b65c52,backend.dll,8/28/25,Keroro Software LLC,0A04CAF1BB3BC17A33C6E155EC4F5883
5ba986bed0c6512450753f0c64f41af0b6628f9ca8d7560e0336339479254c39,106126bcc0bc2390ade6d31739e44632,bc437ecf573a07e12c1ef41bb7a4e95af30e631c,Modium.exe,8/28/25,Keroro Software LLC,0A04CAF1BB3BC17A33C6E155EC4F5883
cf16e390cf799b0a06f725fa229d02c84e1a9bca1badd6e3c26874cf2dc9f056,6e60e27e98d9ea497bfc6bfae594682b,ddeb087bcf0459ac150eef107a777c66c81663eb,backend.dll,8/28/25,Keroro Software LLC,0A04CAF1BB3BC17A33C6E155EC4F5883
7fd28ed306900c114c18d2cd7281969d9465cbd9c77ad3dd53e8491dc1c4d944,cf27d010a7305e0fdff301ec6365ff65,4aded151aa91df2edd1ece7a4c94a05cf7785c86,uninstall.exe,8/28/25,Keroro Software LLC,0A04CAF1BB3BC17A33C6E155EC4F5883
dddb5c1a21c2ff27302d7965adb9d131c34590e294f6a00c691668841452a7fb,b16a6cd690bebe8cdc57af1e6f0fa64d,41d876655e44d5806632991a44c9036283259a21,Modium-setup.exe,8/28/25,Keroro Software LLC,0A04CAF1BB3BC17A33C6E155EC4F5883
bf5b81e6be59a5718e5e451937c475bcab03da73ae047bbb91e901b3fe0d5909,17efb1e78473120e77602f9adda27c37,06ecbffa8183c8aa74ffb826a81bf15e3faefbe7,QtHid.exe,8/28/25,Keroro Software LLC,0A04CAF1BB3BC17A33C6E155EC4F5883
3031cfd0a9238cd7b21787f68379594a2475a9b9de0ecae47b0838fd9a198577,01ee604e97363e5bbf10db2c304515e8,2f1e922d5179c8d37f9014cecec1728bea417645,mlvRead.exe,8/28/25,Keroro Software LLC,0A04CAF1BB3BC17A33C6E155EC4F5883
16a524357eea260ddb8042a5bd517fcbd3c0f43d65d0a0da1e45a4ec1ec005a5,2e0c9a2607808daa7c29fbeaded7eb74,93c982a273b5ff56a4c55012cea372b8d8e77f27,CameraControl.exe,8/28/25,Keroro Software LLC,0A04CAF1BB3BC17A33C6E155EC4F5883
2e4aa7e57b7620d92da898148abff0c3adaf798d18fb67fdd6b1c4e005353862,b9a59fc3d7878cc7a3f452889f01bcb1,7ca70ac1477e0e25247b18781d13253195775d31,eosmsgmlv.exe,8/28/25,Keroro Software LLC,0A04CAF1BB3BC17A33C6E155EC4F5883
d82143e248a5432294a84016d506601b504ea99549769066d7b3bfc8a123b0b1,f86b15a5ec79610f9c2e2b5acfc27ecf,814a337d76f2ad0c0c003ee623fce9ef3f743872,mlvRead.exe,8/28/25,Keroro Software LLC,0A04CAF1BB3BC17A33C6E155EC4F5883
213d0d3872a6ac4ee6e92fe895ea8886bd305e8c03ab90d81ebe28754f7d4fed,479356534902fd064ed46c61ee74a3fe,0ecab56b10d5d4c52eedf12dfacef749e1da19fa,eosmsgV6.exe,8/28/25,Keroro Software LLC,0A04CAF1BB3BC17A33C6E155EC4F5883
1f8a927aa2cf7bc15ea4e9f649cef66dde7ef267b4962a8db8b749c9005e9d82,706766b96f79945368547c715c96db8c,d888c952f4caf0e890939718d5b497150707ed3e,eosmsgV6.exe,8/28/25,Keroro Software LLC,0A04CAF1BB3BC17A33C6E155EC4F5883
6ec7ebd622baebb42e751581ae7655ccd935052f783369dac01c0e05a8e5f921,58cc61bc1dc618b975c12c97251818a1,fe563d498baa4d4b7f16b5451a201a418e3aa540,mlvRead.exe,8/28/25,Keroro Software LLC,0A04CAF1BB3BC17A33C6E155EC4F5883
f229000d5bdfd6749212c80e2d4909f0b7325c316f87aa441710d747b593bafd,73b50c0d5b37003f3a5410eef69d56e4,a14fa23070b0a29d5fc562054e23d6e4794bda54,eosmsgV6.exe,8/28/25,Keroro Software LLC,0A04CAF1BB3BC17A33C6E155EC4F5883
12858fdf248f5bd65bbff27356f8a1e2525da9fbd6abb94bcab5c105345286a1,cfcaf14e82c3c816402005f5b03d8ee0,3e89e0093f29a4bb096ce099c4f8486493ecb4f6,/home/petik/ss/malware/2025-08-28_cfcaf14e82c3c816402005f5b03d8ee0_amadey_black-basta_cobalt-strike_darkgate_elex_gazer_helldown_hellokitty_luca-stealer_lynx_njrat,8/28/25,"Open Source Developer, Hao Chen",0582253D22D291481B75770C1556C56F
edb692ac9d9098d183aad92d458905b5de8b6b4389b667476017ad99943d0316,e03f97ce18f4c91cf36779761f0848c1,dc3500b8091fdf07b7e9719a9917553fed0b6168,,8/28/25,Jin Chen,134216E462B8FC279A7AF7382F45F3D3
0b542daa99cdf453a79ab248e2f2f284fe9cd48d1a02963923b90400fa8959dc,9bc5ca1a6dd493f4a64144bd1d97a22a,5c50ed06c54260d81ba1eb2f1cf61051c8ade56d,,8/28/25,Jin Chen,134216E462B8FC279A7AF7382F45F3D3
d36c66f7fde8edc8aed01cb3f78363938a7797646f164d137fe5f939caf2b9a6,5cedd1095494f02850c9e7fb60cd0f7a,4ac5e46713b80cddea1f8011b1b44beaa7d77608,eosmsgMLV.exe,8/29/25,Keroro Software LLC,0A04CAF1BB3BC17A33C6E155EC4F5883
eb31a72cd60d163021112e12a75b72334d93a6ff0ed3f5d2eda414adc0f78cdb,d7f856999955d6ef0edb4cf049aed8e5,a6772d82b565db3b9797f3a29b325a1b56489856,MWTranslator-x64-v2.5.5.exe,8/29/25,Keroro Software LLC,0A04CAF1BB3BC17A33C6E155EC4F5883
f743a50c1bbc0290bc0478870109c8aa29f7e43101a68a87ccef6ade0abcc9a7,dc18b113f48f8025eba6c41d3c36d6f9,f6b97c601b6f815ffd1ee52bf7b56fcd05291b4d,IPMUI.exe,8/29/25,Keroro Software LLC,0A04CAF1BB3BC17A33C6E155EC4F5883
0ffe8501a89711635ef8f1226542f31dc963568be8df307ebf29ad86038196ce,76c577ac278b8673c5f4168415864f9a,9ba488fbe0146971020309b27253d8508d6fc315,eosmsgV6.exe,8/29/25,Keroro Software LLC,0A04CAF1BB3BC17A33C6E155EC4F5883
4926cd1d5e020aa774aa98b988446fc97130be062b214e7029be4ea5a58076a1,d81d08281620340b3dc7f93ec91d1009,2f96026b8ad4b96d29f2b8ae996b58f69ab3de21,C:\Users\user\AppData\Local\Modium\Modium.exe,8/29/25,Keroro Software LLC,0A04CAF1BB3BC17A33C6E155EC4F5883
d29a28c58761ddfe30caa97e240405682607c7854d30906241b7003537c3d89d,65f790818a9c86b214c480b384a44398,46244dcc251ff94216ceb0febbcb4dae22f484ae,C:\Users\user\AppData\Local\Modium\uninstall.exe,8/29/25,Keroro Software LLC,0A04CAF1BB3BC17A33C6E155EC4F5883
d492a82885bc7719c8032a67e496310e2de715d544a8e7c0473bd67257260fe7,df3fcd26b650ba2d03248cf29dcc399d,e9cb9bfda8343e5d7ec67d657a56728b1f513ad4,backend.dll,8/29/25,Keroro Software LLC,0A04CAF1BB3BC17A33C6E155EC4F5883
d11d6dec4592c30952b05c13fe4ba2a51f5022f197ce92eee10b7a02dcae1080,fc5ad078c3a532290b6a88ff7af19443,88ead1b2ab5c3de436568b347b3d83ba71d49696,eosmsgV5.exe,8/29/25,Keroro Software LLC,0A04CAF1BB3BC17A33C6E155EC4F5883
1505cf9b70099bfef07a2ad17efd5bd52e35ab9d63e229847a4d5957b964d5e1,2c01f9af84fc5e8a9629c980dec2efb2,d05a03cdfcb40fa3dc4f9fa52882a05f9021db5a,2c01f9af84fc5e8a9629c980dec2efb2_MWMeet-x64-v1.0.2.exe,8/29/25,Keroro Software LLC,0A04CAF1BB3BC17A33C6E155EC4F5883
1d5221d5242982f0bafed5a15fe27a8207dcfa9330b9d91a8de3ff9368918400,4309192da7ee0cf90c2c614c82852488,989105dbe5d1b64f3e69b212da4a3f5b84540e56,/home/petik/ss/malware/2025-08-29_4309192da7ee0cf90c2c614c82852488_amadey_black-basta_cobalt-strike_darkgate_elex_gazer_helldown_luca-stealer_lynx_njrat,8/29/25,"Open Source Developer, Hao Chen",0582253D22D291481B75770C1556C56F
0fc8c422e5eb38102e5a02afebcf56f981ce4b5905106645421cda776b6632a0,13d45ba0493d7e5da9b6827d93b6a63d,6b68d25ad01ac6b281582f40eda6e64a1e6fa85d,Driver.sys,8/29/25,Jin Chen,134216E462B8FC279A7AF7382F45F3D3
a6a567e9f9dd8b8432a99d933dd7643d3a52be7aee78628a805d704e1dd4d88d,ef804d6ad59831008c2fea59c8ff0256,ac1a439ae4fc481d243de25ff6f77e9f16fe569c,cheano64.dll,8/29/25,"Hangzhou Saifan Technology Co., Ltd.",0DB8378E7C5F330A988848572F290434
b78fcfb2dc8f7a782e3f0ed7c858a052abb775ecb7cbc7a27135c3508a402710,49363458cef3e771b610659e045767e0,80de6391e7d81f42be85368babbab46d2e851130,D:\Program Files\5EClient\resources\node_modules\vibran\Hulk.dll,8/29/25,"Hangzhou Saifan Technology Co., Ltd.",0DB8378E7C5F330A988848572F290434
e4e38f4746c2311b5a9e785863846f76870898c9c8cd6289c84fdf0dcad8aa1f,3e64940ff518d1bc353d40216f0e8d99,9d5f177707ba0f11bc08e818bb438009a15d18ce,_1837,8/30/25,Keroro Software LLC,0A04CAF1BB3BC17A33C6E155EC4F5883
a378c5a52f7c8d182b2551d6c9ee6ae9909f7b61666e85579a5445a026a7afc8,b407a125ac8a31b9844cf1e3858dff2b,df5f38c6dac479d2030367dbb35f35d0480cfd13,_1841,8/30/25,Keroro Software LLC,0A04CAF1BB3BC17A33C6E155EC4F5883
82d7b0c9e9c90e8ca6bcefb0f59620e18af30ad0048fab5661236109c824f49c,bcbed545a42fb0b302f164e8fe993b1b,500349ac44ab1a8199ecb50b4d5e6bcc0dfc6495,_1849,8/30/25,Keroro Software LLC,0A04CAF1BB3BC17A33C6E155EC4F5883
434b442d361d232564da1437be1961a5e5b16530aff68bf7972e2a74d67d3b73,b1760acfbc64469c9ffae7134b2b4f1d,71c81ef0dec8da1b1d7d4a65fc3db6b3bceff0b9,_1846,8/30/25,Keroro Software LLC,0A04CAF1BB3BC17A33C6E155EC4F5883
2e4d8410b38f95f4f32d20593ef537481f49d2e7e256469ed10872321ebad0e7,0c4d0e5818a8eaaa56adda7f5c5b5929,e6875402a817d81b4ccafb289deb0b34e4231a47,_1835,8/30/25,Keroro Software LLC,0A04CAF1BB3BC17A33C6E155EC4F5883
f9b9554d577d6dc08aabe78bc247b4627c96c6c2207a05e7e33b5ed17ecfcf2a,40bcea0a6680f68cf057ccdf13c63b86,85fcebf66c6e51b7bd6c872f2d9d04feda1955f5,_1838,8/30/25,Keroro Software LLC,0A04CAF1BB3BC17A33C6E155EC4F5883
d4ab98d58a51568b41b9a6aae0a5daaad29261aaad82cf8b101eede28750a7ab,3021f360178df0cade56223850f387a5,225e889f3596a2fe84003e143873efc29bcdc166,_1828,8/30/25,Keroro Software LLC,0A04CAF1BB3BC17A33C6E155EC4F5883
ca78337b2e3605c056b4205796ef0c3f0df2903ab4276cac8d03bed62e889bb4,4d54273556242a72c7eb3edb0b1794b8,0faf9152c3de7d64da5698eba1f6aca3eb7d1d34,_1822,8/30/25,Keroro Software LLC,0A04CAF1BB3BC17A33C6E155EC4F5883
c4ee4217b81c84fc375116f0c3b6b2156e68feb24a1c3b37da3c90bc24e0c15a,e648e6be768df231a75c79cbb65bab94,70b185735fb414f242b07fdb773c9dfe3c37058d,_1810,8/30/25,Keroro Software LLC,0A04CAF1BB3BC17A33C6E155EC4F5883
b8107467d80dfef601fd0778a97df6b5dc2843e2268da6f9f280421101164ecf,27f6abba2e6d032bc89859070f890a1a,938af6036dbae04b110490c49038058bdec95a9c,_1818,8/30/25,Keroro Software LLC,0A04CAF1BB3BC17A33C6E155EC4F5883
af1063c98d3822a1786ad157b0d6e03043d709bd14e3dc3b4b292d8ae03d4932,ea530b2f22f53b5844da9bee771406f3,d0183e637a963c46cacd06042e8ed49fc36b3f2b,_1803,8/30/25,Keroro Software LLC,0A04CAF1BB3BC17A33C6E155EC4F5883
9a5cffe9f71b34f54adf6e867328d60f48fafdae5d1cc19cfb76bab7e545442c,90b5b5b6094c264c4e1a0931c5681041,617ee4e1dcaf3e25b374819fbdaa309974796b23,_1833,8/30/25,Keroro Software LLC,0A04CAF1BB3BC17A33C6E155EC4F5883
9a0e712468ae9da15e1db93ed6cebe4b13eef17da5cd34f3ba4386c7bd7f85e1,e1247f47bf3a7689ac785f78e0f18ab7,faf938037402d766cd0ead9d42b715d713020ae5,_1830,8/30/25,Keroro Software LLC,0A04CAF1BB3BC17A33C6E155EC4F5883
93adcb4ea6a39fc4851de914cbf868d346b0c033d4cd3ad5a9ce2617986bb68e,4bb2da152029ad1dda31141727163fcb,8ad6157f681bb3b35bc3987fd7aacf25aaba8dcc,_1829,8/30/25,Keroro Software LLC,0A04CAF1BB3BC17A33C6E155EC4F5883
866555b313a97b413847daab485021177142ce8ad148eafa24f8e3a4913779c1,e7e7f3e3f20a118557cffd199c6482ea,ba0af4c9d14068d6ea2b29e991a332b2d23d12fa,_1806,8/30/25,Keroro Software LLC,0A04CAF1BB3BC17A33C6E155EC4F5883
67e70c6ae18838a8f8978101f2fe75ef20edf680e56c0c81c1f4a9ce0f5a849d,4618298edf9331290a5fd53491ed4db5,14305c752ecf809f3788db6f9d8eca7476a2f55a,_1805,8/30/25,Keroro Software LLC,0A04CAF1BB3BC17A33C6E155EC4F5883
621894c7368c449cb6523189ff56e8e5304c9ab8075730e24aefb5c80e0c1a65,15f102dcfa7b3e69df18b028ddb56372,ed6d04d5ae7955f4817c5fef2dd3c1b1b558776a,_1802,8/30/25,Keroro Software LLC,0A04CAF1BB3BC17A33C6E155EC4F5883
618e54af690ba1efdad07d5bfe7e72f5e1141875fe6ee365f33aae202aa1572f,9fb75d5be8ee2ab67ca7e0c8fd64909b,a09df89b0655947dcac149ca861d7a69588bdd6e,_1839,8/30/25,Keroro Software LLC,0A04CAF1BB3BC17A33C6E155EC4F5883
5f46f2d7a41123165b830875fb618428794649c59b279e87cb90599615150728,984ed3367bfb81a54b4b46f3a8e8b309,3b8e266b7a67b28bf6d4eb8b214e651e915bb090,_1827,8/30/25,Keroro Software LLC,0A04CAF1BB3BC17A33C6E155EC4F5883
383bd8c5ba13111bb7b3ad9273fe9241cb13243d0e69669442bdbca5233854de,1345cc2141b18121ec68707aeca55d0d,ad3a92f81f2f6f3e2efd7c8d19926d5b5d144026,_1808,8/30/25,Keroro Software LLC,0A04CAF1BB3BC17A33C6E155EC4F5883
33bc5e41fe9b52f8f155f432ff67bf0772a00107d421c015f442b135c08d7047,1cb0e0ca84cf82daa1df40835f2de9c9,af3f804cc6092f240e1259893a76758a270436f0,_1820,8/30/25,Keroro Software LLC,0A04CAF1BB3BC17A33C6E155EC4F5883
286eb91878f9c03130176289e128ec2b688508f26b3bca8c40ffc0a864d5272a,209e20d4404d23cbb96902f420cdd002,346c26780cd9c2b93f006fade2298dcb7330ece2,_1807,8/30/25,Keroro Software LLC,0A04CAF1BB3BC17A33C6E155EC4F5883
227775418d6d2e500a58b446f9b89220773e52ab75cb194e0b1f738bf6fe91a7,9d6d77988c9c82d6bd654f7f1cecd37b,6e388a1164726846caadc576b866797897f51027,_1821,8/30/25,Keroro Software LLC,0A04CAF1BB3BC17A33C6E155EC4F5883
1ac02b74b44c839e2418681f8ae438565eb83264b918ee2dc96e40f94a7a431f,877f32d50e566269182292890ecd9bb8,f0189444849f68b7549f034c05b03fcad89ce31c,EFIBoot.dll,8/30/25,Keroro Software LLC,0A04CAF1BB3BC17A33C6E155EC4F5883
fc809de8f9e91f82188c23ee95f641fd612fb6f4ca9c113c003a590f2f0fc66f,f4ef457625d5bf49a0ef61e287d7c063,c96d500f16b6b24854954d3f05379a8f0dcdb65b,_1759,8/30/25,Keroro Software LLC,0A04CAF1BB3BC17A33C6E155EC4F5883
b8acffd2f75e1b3172f1ff3151730cf15eebb96b6b1488b180245e931f78e26e,f1689add972ba90c55d099f6a3d6c7b8,003e4e3f3f4bb96ba4ddd10a43a7b5290cc237c1,_1789,8/30/25,Keroro Software LLC,0A04CAF1BB3BC17A33C6E155EC4F5883
acfaf06976adad3f72ed4b7c495b3cfca7af510b5792148ce4f3a3482a77a077,8af534561594f5b56f60efc0589181a7,3dc7090f4a8b4e10640b6fea35ae8b784e1dde8e,_1791,8/30/25,Keroro Software LLC,0A04CAF1BB3BC17A33C6E155EC4F5883
ab704c8dad5a99d2d9f648cb0ec4ca3f04d2782948a98f172ae2c8103edf2ec6,0a6a98fe351b6afbb3821d69339f124f,3172727c79f123b8dbc5a993d480dd4c7df88b7a,_1801,8/30/25,Keroro Software LLC,0A04CAF1BB3BC17A33C6E155EC4F5883
9be8ecf80fdfda369a02791d26ac9f1be0c05808f7aba5c5a71630f472091d23,0962be65aabc1ea4e86894230f81a952,4e0ac2f6dab5a8f2324a113202de95417c7a359a,_1779,8/30/25,Keroro Software LLC,0A04CAF1BB3BC17A33C6E155EC4F5883
9896e52b5b1f7eea6076507f42ed2c940ef6994aeef9aa358b5a1717294b4edf,279e0910eb999307d15e5478990fb49e,65c6587ffcb0f4e98e56cdf0f368577be93c0427,_1800,8/30/25,Keroro Software LLC,0A04CAF1BB3BC17A33C6E155EC4F5883
7690fc45bbf37e6471bfbcd3e8e1ae0169214d9056a072a03bb04ceb8451fe38,0d9b9e7bf39a328d6e4235594834cca5,1ee3507dfd7072bf4098f6dcf6bf6c45f2a415c7,_1799,8/30/25,Keroro Software LLC,0A04CAF1BB3BC17A33C6E155EC4F5883
6904b8f59aa0407716cfbb84abfb47860922e56a3a9612cdb5324684a6fd456b,f6e80c7b9f1fc23c12189e01135336d3,3b99ac84c232fdc3f33711e027ae3993ecc1c202,_1792,8/30/25,Keroro Software LLC,0A04CAF1BB3BC17A33C6E155EC4F5883
62d35570c724762fd98119ab31bbc3658b883bacef3ad9426bf1c5490ff84ad7,5dff13d5809052664795eebd5fdf5efb,ca429594a9c23d1dd4fe395446d6627e2a2732c8,_1762,8/30/25,Keroro Software LLC,0A04CAF1BB3BC17A33C6E155EC4F5883
5bf4ef35774931d5803e73797524594211c857a1b52b67ad659158d91502f825,4cef28b2d15e1d899f45e3a2f49fa44b,0863f8220388dfa1821aaa2fc3f522d4e44cf108,_1798,8/30/25,Keroro Software LLC,0A04CAF1BB3BC17A33C6E155EC4F5883
52732d1f909f4f7e06011ba41252ea0a736bf6dc2057138b27f4b449e46998d7,e464debd1d42c2c7c5bbf3cf48781ee3,018624a3c31456eebee76c609d165500bd827bad,_1794,8/30/25,Keroro Software LLC,0A04CAF1BB3BC17A33C6E155EC4F5883
494544664542d82908299e391c69fc5c40ed36f0225eb075692db93af18de7a4,5a782f0ae069247fe522b64f38fb5407,6acf355500018c3500867f8ff1234936dd136d58,_1797,8/30/25,Keroro Software LLC,0A04CAF1BB3BC17A33C6E155EC4F5883
3beb3b80c7aaee1a86f28a311eadf06feeb1fdc2be3e46c2ddd6a10661e049fd,a0eab0a47f22d4e74c8f63a3fbc0a04a,a9e2be847c9fd7bfc1d5857a5008c725813aa676,_1793,8/30/25,Keroro Software LLC,0A04CAF1BB3BC17A33C6E155EC4F5883
3ad980333cc814aa112bc66b275a4e9c4ad02502fb31446d95bffdc9f3e87a30,bccf31421d85365dca8b619afb9d1c9a,2f705ff801082ed091625068259336c16c6bf8f4,_1765,8/30/25,Keroro Software LLC,0A04CAF1BB3BC17A33C6E155EC4F5883
344f4bc53389c9d786bb77412cdfc7508e2ae3e4f523ded0b3f78e6f1225f789,36f6999ac61df035c6270c6c8c63f6cc,4ccbb1558fd695eac684fe961f73c35136ba6199,_1795,8/30/25,Keroro Software LLC,0A04CAF1BB3BC17A33C6E155EC4F5883
33ffdaaed3978ea97fcf73da73437e107f862a3e3a42832c2103d53cbbdf0037,ca6843b502a06ce4816bb4d3cdd63cfb,39259302045f4371ad7846397985cc43cea3a482,_1757,8/30/25,Keroro Software LLC,0A04CAF1BB3BC17A33C6E155EC4F5883
26d83c1d4f52850a1ad6e892725acce99f03584baf80b13f85cc9acefb8c69f6,319d0aa6f3f0a1c330b81a5e8479faac,d3e9f180a0174cc5bc8f57442d1d679223164611,_1790,8/30/25,Keroro Software LLC,0A04CAF1BB3BC17A33C6E155EC4F5883
094fd0a22f1668d5c956359015f587abae62bd8e719242c9b1e721abd7c2e063,391b17055222313cbd24ee31c81d1350,77a048016e4fe51299f06e0c0a2a9fa172528ed6,_1763,8/30/25,Keroro Software LLC,0A04CAF1BB3BC17A33C6E155EC4F5883
08814b95db4794689f191f4e12367e3740ce7d0c993278c7aaead162c1d27a8e,94371d1f603d9581821df0e8a6c8227e,61782ac7ecc22ffbc3b6c71f6a96f151918f0e4f,_1796,8/30/25,Keroro Software LLC,0A04CAF1BB3BC17A33C6E155EC4F5883
ffe2bd077ec2fb5f3ae2fa8c25b1e57069f1ba8964a65426b330a02557235df3,6ee17564976521520aaf5029fe75d6c0,7fe9635f309c0bdc2bd660411faaf78ce1d18987,_1726,8/30/25,Keroro Software LLC,0A04CAF1BB3BC17A33C6E155EC4F5883
beec3154a6e58fed7f729d19f2f862d9c314519ec83682ebeafaa57460e2a06b,52e10180447078db1681baeebe6c2ed8,f1871820338bfdbfe6dbfe7a6ba93104ec5031ae,_1752,8/30/25,Keroro Software LLC,0A04CAF1BB3BC17A33C6E155EC4F5883
a7ef92340642fd0f006760f5f94181e748bf838acb834e8d2b7388904caf204c,76b05cbf4b130c4f27a5ad7abb7d94b1,847673debb3ae71ad333c5b43cb9fc78bce6989f,_1730,8/30/25,Keroro Software LLC,0A04CAF1BB3BC17A33C6E155EC4F5883
927d2280000705fbe8df7b2d25efcfdd80828e32f90a6223fcb7f1929b591a83,ead20c815fbf4d13c23dc1e5b574cd72,1d318488f9ba0a3e0986462d059d863c58ba9079,_1761,8/30/25,Keroro Software LLC,0A04CAF1BB3BC17A33C6E155EC4F5883
8d49dd1b39d019bad49fd7c2d1f777dfec8c66759cf86f0cdf2d35e7b0757895,0ec0217ed64cf6121f6ad503e63931cc,efb5ceaf9df100418799359c43e6f897088307eb,_1742,8/30/25,Keroro Software LLC,0A04CAF1BB3BC17A33C6E155EC4F5883
8a58e490e3941d32ad99d5b47905a6fa121ded8ea4dda448773778d25fd4e906,9a06feefc98bd9c72bc59475a8e800a8,5a806e7f38e53b64f45c73483648a6d5d5a6e8ef,_1697,8/30/25,Keroro Software LLC,0A04CAF1BB3BC17A33C6E155EC4F5883
870376775ea6323ac280cff24afb2802a9acd100381f6803b136bbb09602a4e3,3b123572f1bbf3b09b538cf1103fd7d9,92da7a0d26dfeea62170b24c58cf3779707c4abc,_1723,8/30/25,Keroro Software LLC,0A04CAF1BB3BC17A33C6E155EC4F5883
7b0a95525370519ec4ef4eb9e2f5dd867f8bb76cdbcf9b919b3112dd4082eef9,d822431bae54b44a876787d6a388e4a8,28090debdba445de13c6190405b445769b4b433d,_1755,8/30/25,Keroro Software LLC,0A04CAF1BB3BC17A33C6E155EC4F5883
7955e62f7cc89d7fddf2fb8bc6f0cfd75965586956fc20e1e3ce893c28f15bbe,1dfec0eb0ccb06b9e3ce031cdc62105d,1973904c8c4af3694c7068933262e7557c147905,_1743,8/30/25,Keroro Software LLC,0A04CAF1BB3BC17A33C6E155EC4F5883
76e894f2f4784cdba635741f6877e00fb5fcc159458136d2388db70e1e9bdd12,b6b92e8a4905b35e3acd6b3f99ee9eae,ba8d37db87dcc2bfd028102f2de734f821c949ca,_1727,8/30/25,Keroro Software LLC,0A04CAF1BB3BC17A33C6E155EC4F5883
7583fb54edf20abc2d2dbbb93ed00e092b26e1e8ac394c442c97bd97a9cd4f74,fab1fcbcae7029e26c22e1ba83e72f1b,636c04f4bbc2788f95d1c3996b4a50ffb9acc5bf,_1745,8/30/25,Keroro Software LLC,0A04CAF1BB3BC17A33C6E155EC4F5883
602f1780f79ded9f8aa497b4e28887e1b2c919c28268b58207729d1a0da0af0c,6f3bc8002f86b2613cf84487b95df99d,decf488f60a74c93b1e505addfd88c5cfe8a7a7a,_1739,8/30/25,Keroro Software LLC,0A04CAF1BB3BC17A33C6E155EC4F5883
50f97e818262a41e3c45d3d588b0492bf89afcc94abd7951e41d10b367e8734e,65e64c4736f2fe0771e3c7958833e28d,8fdd5b9d8edcfe1689121813f838d04333e035f8,_1728,8/30/25,Keroro Software LLC,0A04CAF1BB3BC17A33C6E155EC4F5883
4a4b9d60d48659ae8db1483c7764f5d53da791275c9db6507914e6d4e097818b,9137253e85b7d8f6e96e35678dea24ac,9c05c23e700c162da188ad2bc73b9d79cb166f3e,_1729,8/30/25,Keroro Software LLC,0A04CAF1BB3BC17A33C6E155EC4F5883
2e89277cc9e6ef9f1e7d3a122195483dbc5ce9241411468be5d86e6469830597,ecf1c76951fb2e1ce65de72be0a38bf0,35d82668d78ff57cc4f88745e503f17fe2e39618,_1741,8/30/25,Keroro Software LLC,0A04CAF1BB3BC17A33C6E155EC4F5883
2d643ceeecf0c7d24864b08512c736a082fe4a692d3d448903825874ff86c9b0,efb23356ca61d84dbc705b37c35953a0,7b991b4643f54114e51cebb9a65e75c7cea06ff0,_1738,8/30/25,Keroro Software LLC,0A04CAF1BB3BC17A33C6E155EC4F5883
2c7043a14ea57bedb80f3fa2e7efd9e030f91fbf38f7596fefa3b0f5070f1451,f2f9c70bc81c7bbc292c46ef74eed46a,52c280786aa789daf3782d2a2c0296fbf5b30452,_1756,8/30/25,Keroro Software LLC,0A04CAF1BB3BC17A33C6E155EC4F5883
256a9c41207e395a495f45b555cfcd561dfb2fa790e3bd272fce70708783e4a7,aa4246fc5757cb8dbb9bd6065194bc78,2f19e4959924385562dcd7c8a96dfffa92f26eae,_1740,8/30/25,Keroro Software LLC,0A04CAF1BB3BC17A33C6E155EC4F5883
152c33ae6463a4f5fff9a2c6b2e6bfa63c7db819c7ba5bf42bc46b69d4eaeff9,864565db9e6e2da068dad2e225de5f08,8a2a397a89cbee1b47e8f5e73329ffe68b8b2f64,_1735,8/30/25,Keroro Software LLC,0A04CAF1BB3BC17A33C6E155EC4F5883
115390e4ce6d5cdd15d63f4f5b6f70d01befa5964816e156ea6430dcf3c0116c,2b92113d2f75b1a9ab513869ab45de3b,16b7793c0865b3ea06cb5ff575148fdc4dda831e,_1734,8/30/25,Keroro Software LLC,0A04CAF1BB3BC17A33C6E155EC4F5883
099239e0974c7c7999878171d2422fd9d19529b07be5d6bd0b451770fa57d0f1,6a9ab8c74f27e8574236315594fd1695,1402305cd2bab0974b797b514b5f8a982a951f11,_1732,8/30/25,Keroro Software LLC,0A04CAF1BB3BC17A33C6E155EC4F5883
e754ca427d46d854cbf65b39be886fee70c34fb0d6c70bf383f4398d071aa605,a6fd9358d5f1f3cb7e1629af8c74d957,c4afd785edbc5e8f5d84f9fe5f956b607510bb62,_1660,8/30/25,Keroro Software LLC,0A04CAF1BB3BC17A33C6E155EC4F5883
e59a2f76daf5d86504feb5881ab946e0bada76e51ed1e798d89c154111be0e3a,65f46c5b06702dd7b60acdcf7d70e984,f1ddb9d91cef1c3cee7e3ef441c13605560878d3,WinISO.dll,8/30/25,Keroro Software LLC,0A04CAF1BB3BC17A33C6E155EC4F5883
dbcefffbbf0d6d387e620ea5470661fcc5958cb0e595e986eaf4ecebb6188638,8fb638b8e2cd9f584749847a62085a26,a126c51cdfe41d1ff5af6ce20169e2f5b02155cc,_1671,8/30/25,Keroro Software LLC,0A04CAF1BB3BC17A33C6E155EC4F5883
d9cc1bdd066a13ebd819b3c5f4f99edc11ef6fac87b2df01fb3b57f0f952a82c,958c919cb03e28079edde405900b566e,bfdc670b77081ee0013c29f0376a426e265a6868,_1659,8/30/25,Keroro Software LLC,0A04CAF1BB3BC17A33C6E155EC4F5883
d74d05f4a2edff500cb848b25b1a59aae6c0f4a98b814a30b535dcec78df3296,39e7f749306f1e1c15fbf5a348f318fd,ef2c2892f0947f808e8fd4a2a5c3d7a1bf2b9f28,_1695,8/30/25,Keroro Software LLC,0A04CAF1BB3BC17A33C6E155EC4F5883
c2d5b597de6703f3e6adfddb1e51451f32c373c0b504f5f2b9b3b2038e7b34bb,366a34658a1c9e5ce8ed082e4f947ffd,53b2df1e739d16bca827c617a904ef05ec0f4e95,_1690,8/30/25,Keroro Software LLC,0A04CAF1BB3BC17A33C6E155EC4F5883
b2b911de149cf45bc882ee7de2ca48af5e1d53c9bc2755f5b1aa14d60c6c3d8e,9ede094ce211d040bb4f22e3764b4d32,787c0f886cd70c093a63adb280cf2b3b559e10b1,_1680,8/30/25,Keroro Software LLC,0A04CAF1BB3BC17A33C6E155EC4F5883
b04b847bb120cff1ea1a44e8092a499a5d59cdbd04aa7e768541010b4da813fb,1bfb73f59857447355947205118b1659,e9b962a3083aef0ecbb50e2a91ec09bb58b9fdc8,_1677,8/30/25,Keroro Software LLC,0A04CAF1BB3BC17A33C6E155EC4F5883
a6bf9beafd179ea93b3b438f7196601f9526d89ab5077b2fe3d3022881a74f89,6aabf5db95572ded4bdbb1a0a82f2703,58598f4dff44ce8b04bb1e7685ad8ddce4539feb,_1687,8/30/25,Keroro Software LLC,0A04CAF1BB3BC17A33C6E155EC4F5883
866a2fd4be64ee2a79cf192470fcd2546c5fdce7972a49fa21ee2cd0e7799848,35bd1bc6da7c66f58e0af73133cdd7e5,5856aa8244c43ba896df0ac9a314e5697e4738c6,_1692,8/30/25,Keroro Software LLC,0A04CAF1BB3BC17A33C6E155EC4F5883
7e6d9f07581a5f87dfec5253d87c1fc25b9b5d1ac78e3119dd6a4902558369f5,aec0c08bcd4f806b4d6dbc1e01d4b4b2,3e0c64ffe2a957c21e9608acf8f930b09ac389e4,_1679,8/30/25,Keroro Software LLC,0A04CAF1BB3BC17A33C6E155EC4F5883
620870de5b30b6cd48271a011ea8e1430634d4f8c1d229b6b134ed44ecfc37c7,517d103212fef7bbbab40952e56dfdfd,e2d113d9664200851826014b0fb254c6e51cb1eb,_1674,8/30/25,Keroro Software LLC,0A04CAF1BB3BC17A33C6E155EC4F5883
5688ba911b0e370a7c53dc53b99e06704f3d8a180a0e43f26448e5636ea5b7d5,fdb86d19d7c8ec7953827eeab179baf2,9c054099f5cb921701ebb6ee8f69855aaa51feb0,_1688,8/30/25,Keroro Software LLC,0A04CAF1BB3BC17A33C6E155EC4F5883
43ab51f7567fd675705e3ee454c3bddff9a347215aec67ac33a6b8b67c0aad26,23117bc98682bcbe0d62ea41c2e63ca8,dde5d37db16644b30f4029388d2fdd58b611b1d0,_1664,8/30/25,Keroro Software LLC,0A04CAF1BB3BC17A33C6E155EC4F5883
3ed6021d245e7185953952145f88a4c6687b18a468ed3b64b2bb84961495453a,4040022c80911f7405dc597812d82d22,14a81cd8d53d53e1868e5086687ebafc67702731,_1675,8/30/25,Keroro Software LLC,0A04CAF1BB3BC17A33C6E155EC4F5883
3b9941f0c5812c2f4076ed407bcf086f41d2c720d46078dcfd698822e5270d1b,582f8a87dddc3cdc12aa201a213fde4c,110e640594f537dd42e0a24a7fa86826c39b4428,RegLib.dll,8/30/25,Keroro Software LLC,0A04CAF1BB3BC17A33C6E155EC4F5883
24a8988212ca31bfe2bcc0cdced165b93943ff5c8e199ef8c013a0710719c864,0a354a54fb647c70138091b38991b709,7c50762d506ab376ece72ced376fec9d0bf307d5,_1691,8/30/25,Keroro Software LLC,0A04CAF1BB3BC17A33C6E155EC4F5883
0eb9c41067241d33e6ad045ae06c402e8b498e73d0cccfd03c91e765e2c71dad,c66c61bed6b7715dc5cf98efa074cd3c,6927283fe6386d2fad45862f0e5296fb1674cf30,_1686,8/30/25,Keroro Software LLC,0A04CAF1BB3BC17A33C6E155EC4F5883
75f65130fb388684647d7d8eae54cb7f3bb4e7e77e51d88494b2503439200cda,1983849a3a2cd94fc65d00e4898f085d,f3b296214883414cd7ecbb23cd9e3bceff7325e3,_1663,8/30/25,Keroro Software LLC,0A04CAF1BB3BC17A33C6E155EC4F5883
ad7b1f53ae1dd23362089d4c7dd0ab71e2780e11e4e30796b129efc155f4ffa7,a893007a8e581141fc838ea6bd75f3a4,f6f3281ea66b6425741611b6423bfdccc244634a,,8/30/25,Keroro Software LLC,0A04CAF1BB3BC17A33C6E155EC4F5883
e41225e1783740160b9887ea1c3d46d9548ab5141d2af046f2929cc755703778,04e706e43c2976804ea97df70e80cfe5,229ac6774c8887b53ca787524cd2572a30cd0039,=?utf-8?B?V2luZG93c+i2hee6p+euoeeQhuWZqDkuNSgxKS5leGU=?=,8/30/25,Keroro Software LLC,0A04CAF1BB3BC17A33C6E155EC4F5883
3f0e29bb67739e9615789e2c8d61a3c22d354b7693e1435978b88628a1c7e4c7,ba3304ae86d8b639e7e6e0f91492a579,d5972167793abedc74cc8491aa4d3d6c0e6da08a,PerceptionSimulationInput_vmp.dll,8/30/25,"Zhijiang Tangqin Technology Co., Ltd.",7491B67258319908F62F222370446CD5
d8ec7795909f69b8e4945c38bd362d321f3041a71d2d6cd98d146f6bd47a1e0c,768feb4c7f777d643634bdd81a1a5c0c,cc2e8441972706f46d0b66342132ff523a51c86e,PerceptionSimulationInput(2)(1).dll,8/30/25,"Zhijiang Tangqin Technology Co., Ltd.",7491B67258319908F62F222370446CD5
232d2526c54d5e0795bc7bd077362de5f18d9089d4ae25d6e9a709f2f3ef940a,ff8bef6fd4b9bebb450eeb9c234fce59,4a64060cb68fd52c279ea5a4554601152e90d858,PerceptionSimulationInput(2)(1).dll,8/30/25,"Gucheng County Qizhishang Trading Co., Ltd.",5E0016A3D3E00463E5BF0753D80CDED2
7a1962ab8bd268973831ce554c37852767ce5445ef68c4a3814b46a64ca1fb50,84ff398bf0e4734710b291eb2c9eefdc,5584926b24887511acd2abf7345ff2bd9a371493,C:\FAdr.sys,8/30/25,"Open Source Developer, Yu Zeng",12248CFBA203C55278C33B413A81FFB3
d0da07cc8eb545781ca55b3de2fefb79fcc2251bf7f5cf533802e545917da5bb,fbbda91ed89021a24d60c68889401bef,6782531668453ca470bcdf24841cc53d50ccdc5b,Setup_App.exe,8/31/25,Keroro Software LLC,0A04CAF1BB3BC17A33C6E155EC4F5883
473bd520f2352dd549aa949646c5e8414618656eed1764c0b59e674c50bf41e2,bcc621d6c5b7a3b0d6498dada08de82e,0364efe97f7b1d14dbb4bd73bf5990110ad21135,C:\Users\user\AppData\Local\Temp\1lxg242s.atf\Gogole_GameMiniLoader.11.22.1035.exe,8/31/25,"Meisi Software Development （Guangxi）Co., Ltd.",65620C1D74A8FD9630E9F2BF6281A61A
89a16ba8de704eb5f8a50c63ad3a108554e9bf0ea2132550cab8ead220c83c88,81cfd5c62e7ed848abb1268b2e662ed1,9c936f7e9fa429582b7ef56cfbf5fad2fbb03f13,GameShield.exe,8/31/25,山西荣升源科贸有限公司,0CBA02A32BEAB6BFAC34A7511A8B0E22
ab1971f8aed66fd7c59df4fc20d18d64b8e17744d1f96bc04bff502e3dbabb9a,2c615f89859c0bf0a6ecda21277cb6cf,09e04cbacb3e8fc352473fc1f6c29d9071054284,C:\Windows\h6rb76.exe,8/31/25,"Open Source Developer, Yu Zeng",12248CFBA203C55278C33B413A81FFB3
22c96d5cd8cbcb43e308e508f00e9cd929752d2959b664be74dd26d909f18bb9,aff3bf6e82d4e787a261ac4cd8875ed7,37c73c721d20c6bda6472ed1bab65e31245596d6,Google_Meet 1.2.1.exe,9/1/25,"Gucheng County Sili Technology Co., Ltd.",009D8810BFF34A30460ABF1E5410324DA8
3176a22c2562bf2d088d5593ccaf5e6dad17c1fdd72c4a2e5d2ef73252db1f51,88ba1c61c3c5e6d360ecf58401e0e927,7cc3f2025baf10ed118969f9578f849054bcbe6d,Windows超级管理器9.50.exe,9/1/25,Keroro Software LLC,0A04CAF1BB3BC17A33C6E155EC4F5883
0f6bbfb147fb4a0e3241ba4ed79f5c743a17a4bbcba7ea90e2432b093697139b,553d927a35b8476674eb0d3d3eb85409,4c1a38500a99f670006277135f8fc8c7e58eaa46,Updater.exe,9/1/25,Keroro Software LLC,0A04CAF1BB3BC17A33C6E155EC4F5883
1802509364813859c48ab3a18e4bad7040f7810224fac6c19d27bd66bb364009,16e20084213dbf2f8b7e1da6a5383ff7,93db1912e4531cf2b0282b2d8886c593b50f6624,Update.exe,9/1/25,Keroro Software LLC,0A04CAF1BB3BC17A33C6E155EC4F5883
3f266a1fd44652f1b16a5554bda789da458abaa8129e9b104720775dac46ca20,8dd532bdb5504f45edc521388b646839,76009a9979e09070425d837dd351618f7f5923e2,C:\Users\user\AppData\Local\Modium\Modium.exe,9/1/25,Keroro Software LLC,0A04CAF1BB3BC17A33C6E155EC4F5883
41a5bef133639c8e8958fd78c75eb9777b92ab10f03ed3295e240aa2bc7d29ba,6468c410e04ec41fe6e3294fdc3941ba,4b48d0857c9460cdc466a42ee8f1f9bbae3ca8c0,uninstall.exe,9/1/25,Keroro Software LLC,0A04CAF1BB3BC17A33C6E155EC4F5883
a27fc97a5216573898d3e5925963360797e4811798fabcb567081a28e70cc7b3,904b531e0dde53da1928a245b51d6d0b,7b4dd9213f621956a9f89cd46f124601e476d779,Modium-setup.exe,9/1/25,Keroro Software LLC,0A04CAF1BB3BC17A33C6E155EC4F5883
62be8fe3c8c07bf29832864c1683b2e15a5811256f5a7517e58bb528541971b2,dcc05582ebb2ee067468c80183bd08b3,22803e7b95d060d1853e3382f7755fd1669ee639,backend.dll,9/1/25,Keroro Software LLC,0A04CAF1BB3BC17A33C6E155EC4F5883
2caf7be1108f3dea6496a1f997dfe7c5bb6529445dcb6ea107dd5d793d79b568,3f591dd814954f6b6ecaa20e6aa907ae,b17e673129a679ea0a407398c178f32020b6d32a,Update.exe,9/1/25,Keroro Software LLC,0A04CAF1BB3BC17A33C6E155EC4F5883
d20293e3fe6c04ac9bb4f9094eb877ff213601a41f10c6c21ba2a30d90f8579a,d483fbc49eb0f9b14911f316adda200d,c330d98737c721201319fc81c741cd7a39b7c2d3,Update.exe,9/1/25,Keroro Software LLC,0A04CAF1BB3BC17A33C6E155EC4F5883
1ed5b5dfa6c0a6cdd68001055853723d18a7662c0e65179a5ec402cd2a795208,7cbcde67b6dcd897059ccc9f96bcf46c,75ff3b6db29cb995916268c7cc02847c0f319dcc,Update.exe,9/1/25,Keroro Software LLC,0A04CAF1BB3BC17A33C6E155EC4F5883
f6c18b9603229e4e09d0b61cadd6efe9e00a21fc23a89cdba7bd26bf0ab2c1db,379359f794a84f932bdc66a50b1c1ed4,8f6c6b562a5ee800e4bb26703b49dfb4cd93da7c,Update.exe,9/1/25,Keroro Software LLC,0A04CAF1BB3BC17A33C6E155EC4F5883
f1033e3aaee42678591f3fa2685526d053e2a48c98f692e4051fd033a059e645,45ca427f7871183f8e8fd418c5259304,a7a7f37aed26ca8bc665c6ca0752419216095967,Update.exe,9/1/25,Keroro Software LLC,0A04CAF1BB3BC17A33C6E155EC4F5883
479868320081aef4f9db7730242bd36cb3bf14f5938facde2fb77f012159d639,fdff5e7cebfa8a52311be45c73385c88,c70139f9016811186842fe1e3c5d49648d45b285,Update.exe,9/1/25,Keroro Software LLC,0A04CAF1BB3BC17A33C6E155EC4F5883
12e7fdae85c9cf63eeb4c67f298c89c4405eb043606459b81edc55a0f14ac2d7,67234d88192c09f0a50d3e5167e4c806,5d56f403fd1ae282eada085f477c3714b852292b,C:\Users\user\AppData\Local\Modium\Modium.exe,9/1/25,Keroro Software LLC,0A04CAF1BB3BC17A33C6E155EC4F5883
7e9e749462ac340414bcbb910ffc5a17dcaf686d6a74fb17189f2a6929263d1c,3e02bc9d0aa454f6a113ac133bf595d1,dbdab4b2b75d5a5b5179cf42f439c026bb6f3411,backend.dll,9/1/25,Keroro Software LLC,0A04CAF1BB3BC17A33C6E155EC4F5883
08eef16030805f89e01657d3e2763af8781702a8d4416f344eb97fcf90ac6c81,5bc7b0e23e671c7dd9ebac9b08e92ecf,fb4fc34bc8c1b2e0b3ec553a39ecec5ec7669d9b,C:\Users\user\AppData\Local\Modium\uninstall.exe,9/1/25,Keroro Software LLC,0A04CAF1BB3BC17A33C6E155EC4F5883
99646624dcd6e6d3e7ad48e928704d0707afc5b2d5cb9af7bc593d48e2e1b973,971f2b84d677e59dc6fc4bb41c2b357d,b6af99609b494bc76185875d6a4d2ce833a557c0,C:\Windows\zh7lt.exe,9/1/25,Keroro Software LLC,0A04CAF1BB3BC17A33C6E155EC4F5883
2b031f4608b1d2857d674af4be2c32d3e7eccafc0efdcfb25452f2ae2631789d,631a3ef3197c45312c29a7bd97f36e52,27aaf1a3c4b3cbd46b044c45fbd9d3b9783eacfc,Update.exe,9/1/25,Keroro Software LLC,0A04CAF1BB3BC17A33C6E155EC4F5883
769a3482dedd3923fab05396ec4c57196d6083dbcd90a66df4866862b4161b0c,3de2cf80c07ce8ad6912367e20639cc3,a17bff953ca38dd7e8a2ef60c70f1822e18651d6,backend.dll,9/1/25,Keroro Software LLC,0A04CAF1BB3BC17A33C6E155EC4F5883
ef117dba118220424045b6efe79ff93c81e052f501addd5bdaabce36db1cf536,abef539cdcdb004dbf4e3703b871c58d,e67f189d46e3bd55527f1f4cc0afe162002f001a,Updater.exe,9/1/25,Keroro Software LLC,0A04CAF1BB3BC17A33C6E155EC4F5883
420c938f78f515338517974b90f54a80e21c520e35edc806d39c10a1f8128d28,33adf5d8289d04cbd440379707ed449c,9cc2b22a1ad0023bf97c81c343f982c3422fc660,WhbUpdate.exe,9/1/25,Keroro Software LLC,0A04CAF1BB3BC17A33C6E155EC4F5883
d021af3852dcba2014d4fff9691d4ad6b225b6136a56a462afa88a6bb328f757,847e5b1c2ab22767c2cd82c8498b34f7,c2a70af0c94fa0d6f9e82dc87022b4c0da52a1af,WhbUpdate.exe,9/1/25,Keroro Software LLC,0A04CAF1BB3BC17A33C6E155EC4F5883
5b5b016aefa83d2e335f18010c98a6b98aad0bd009926447c5d4f5b8e35609a3,6b25212775df93060790b5d69de9719c,50fd7460759256a14e66ad74c0a917244b9ed54d,WhbUpdate.exe,9/1/25,Keroro Software LLC,0A04CAF1BB3BC17A33C6E155EC4F5883
a88bc8dd9c3cc6e6d62293a91606f0d61cfcf021a8f7aecd19a16f193ecaa51b,edec611be93508b0569fda709150e694,6a85bdfe859d1e1ca6077d600638d5c5a7dd0971,C:\Windows\zqwiuix61.exe,9/1/25,Keroro Software LLC,0A04CAF1BB3BC17A33C6E155EC4F5883
6cba840cb476d5a807b6f58e53a3c88dec3179e5d4c6c003f2589dcccd7bcfd3,9561995678273ec5c87156d341ad5705,d7e21d2ea1839daed67a0f5cb3deeb6985ce2e8a,WhbUpdate.exe,9/1/25,Keroro Software LLC,0A04CAF1BB3BC17A33C6E155EC4F5883
818c95775ee47d2421dcaffed6babd623742c5b1cac34b3f3f13e30fb5be8db5,3254c5b0d3200264398ece0a14bc0317,2ad67ad4d8317ca7bb0457a2505c7588b442abd4,Update.exe,9/1/25,Keroro Software LLC,0A04CAF1BB3BC17A33C6E155EC4F5883
a9d7c5d25646fa45b125960bd564730ca86fe4032d7d3fc0b24df6329848eb75,ae97ccfa40652197c4e06d2959e54d2a,72cd41dc77d42426c2583516ff290112134fe75d,Update.exe,9/1/25,Keroro Software LLC,0A04CAF1BB3BC17A33C6E155EC4F5883
24b3201f233dfa634a02527ed588d334ce61273170ee94b5fcfa297ff7ab5cca,3e00aad8c80292fa0e4c406320bf9913,b219484ff6423ebd8bc52ec5654c0a331d384b26,Updater.exe,9/1/25,Keroro Software LLC,0A04CAF1BB3BC17A33C6E155EC4F5883
0cec61a66e7fe51910a5f1fea5e1cc1e1b7bf9b51f3e31a4427035f6457354b3,70784de6f4e7200d6da455928c3821fe,637bcb5ffd081d51aa2e42c378dd1fa30e139e0e,Update.exe,9/1/25,Keroro Software LLC,0A04CAF1BB3BC17A33C6E155EC4F5883
87a45b7c6a6cba32a5ec54e549338aefda710adf96294d0423797b717fc26f8f,5289a460fd2bcae7be3ba77452043d2a,92b6232a63d18ea1b8780a58bcee59a9f46d2bf1,Update.exe,9/1/25,Keroro Software LLC,0A04CAF1BB3BC17A33C6E155EC4F5883
adbe618b659f078851b5adc8ca31d2f81726e592384ebd3bd5b77510cc2676b5,d40acf15bef1ff2e50cadcb99492ddf9,c031828668e13229810ac1fb03338d0ff7b9449b,Updater.exe,9/1/25,Keroro Software LLC,0A04CAF1BB3BC17A33C6E155EC4F5883
6635f378369a550de5df3a3e48bad78b4100fa751725075874e64f9439ed74d3,e6a5db79d82374978f4e5f15e6f45bc7,5b7881c145b05aa6cad9b736b18eb188320fee56,Update.exe,9/1/25,Keroro Software LLC,0A04CAF1BB3BC17A33C6E155EC4F5883
ee2227d696735b706f4fed90528020e259e122ae400c7212422c17cac09fbf87,b237aa5216b072256c8ee2b48fc65a1f,5df94a9ec726d0bbc8bfbc4681e7b2cb1c2cc0bf,browser_core.exe,9/1/25,Keroro Software LLC,0A04CAF1BB3BC17A33C6E155EC4F5883
030dcb939c280da1fc42a312d5901fe113c17e6b2983fee0831e483f8b324ff5,beba436749a70db12915d044a3aa3a4e,6a2ec8e98213f6ae5547b3151a7660c4c6073e22,Updater.exe,9/1/25,Keroro Software LLC,0A04CAF1BB3BC17A33C6E155EC4F5883
65537499abd5e2915a79d1df00fcf6adb9d17628f9cb5ae26d8b45303333c523,e8e36657952636764852a00c1715a6d4,5d475426c3f5b565f32d31be1c2dbb273f2e5345,Gogole_Windows.x86_setup08.11.2025.exe,9/1/25,成都航迈源动科技有限公司,5EAC92D72A8D601A4E4833703F78001D
bb79b4fd0ed6dad39b00e11c15555a7d7c521a950f3a8fbe903ee9e9c744723d,dcd4e2f437b5e31795c340e0003cb581,a31c61002d734e453d6aa18cee817abe676d20f0,Drv.dll,9/1/25,Jin Chen,134216E462B8FC279A7AF7382F45F3D3
13fc6473618df4cd58399fb68b1f8c89aeaf02dd00e1de16e610a13662cc7fca,d3ef655d8eab869ebe7344f89b5ab872,55e905216db022292b4adb8c21018b5b3cd16d14,Update.exe,9/2/25,Keroro Software LLC,0A04CAF1BB3BC17A33C6E155EC4F5883
4b982ce1153ec029baad1239483a1223119710e58bf6fcbe69922a43f54827e8,42585d2cb9641735d656b18a33606541,d8f12283dd6e648b5e378b18e84ac7f145ba6527,【推荐】边界AI平台v2.0.1（windows端y）.exe,9/2/25,Keroro Software LLC,0A04CAF1BB3BC17A33C6E155EC4F5883
be84fe13013e0498a900341af7807ddaf65271860a9f0af617764f9029244395,1594a76b555f08514404cba04f76ab3a,752d0b22ec824fe866f4a1931cf855fda3445dc1,browser_core.exe,9/2/25,Keroro Software LLC,0A04CAF1BB3BC17A33C6E155EC4F5883
51920e8460c4550ffc3948991f2c1d105d150e0dd0376ad023990a9ba8b41a5d,3bcf1d96634a62f196aca8e7c317aeca,d755a8af2dd3c361ee1dfbbb47a7d3c7fdc54b59,C:\Users\user\AppData\Local\Modium\Modium.exe,9/2/25,Keroro Software LLC,0A04CAF1BB3BC17A33C6E155EC4F5883
2cbd57f6f643ef7d28622e736047d7951a2d48f6ff94c36434a859e04fc5fe81,66d8beecc20b23700f94361e7e3cd182,12886c878adddb2b4822b47f94a1bada86d33f9f,C:\Users\user\AppData\Local\Modium\uninstall.exe,9/2/25,Keroro Software LLC,0A04CAF1BB3BC17A33C6E155EC4F5883
0092982bad43eaa736bea81f5aecab143733764fa218caccda407f38bd51b060,930d596d3cc77b0ad552b8a135d814e6,261495c795580e9d0e40a0918bf2dd3817bb46c8,Modium-setup.exe,9/2/25,Keroro Software LLC,0A04CAF1BB3BC17A33C6E155EC4F5883
bbb55129ad2c91cf75b222a5d62a92e085074d290dc4231adf7e29a6d67fcf80,0d21b4f2e12426718763828e8d565e79,facfdba7b4ed7f4fd72fa3a64bac75d190d37824,backend.dll,9/2/25,Keroro Software LLC,0A04CAF1BB3BC17A33C6E155EC4F5883
84351747855250709613e65b6c9daf7961c5e5733968be8faa90a55d4bd3e3f4,fc4e5ba588292eada8332f81185a8f87,0e2383ead359d2aec7f4886256ef150185045c51,backend.dll,9/2/25,Keroro Software LLC,0A04CAF1BB3BC17A33C6E155EC4F5883
f33d7d2d05d9c83a473890e53f49972163ea412e48d03765da304cfee2a555c8,39054d3bf12b9bde1ebc8669569e346f,4475e644c327350ce7cccd713eb427672e2c9393,Update.exe,9/2/25,Keroro Software LLC,0A04CAF1BB3BC17A33C6E155EC4F5883
dcca8e2af6ec069d82d00f121ca947509ebc9338fc82b75864ed7ee70087c2b3,47355447c37e6adf3350d138a7740265,64a0a02d6613691bf0b8b7390af5e0c06282d404,Update.exe,9/2/25,Keroro Software LLC,0A04CAF1BB3BC17A33C6E155EC4F5883
f563cad82b71ed4b576e80075ce72ff870355283d37150c296d5a7be53b22dc0,47d8e71e35406a2a714a9c84af732433,261bccda948a980bb7be386978da40b6e004a834,Update.exe,9/2/25,Keroro Software LLC,0A04CAF1BB3BC17A33C6E155EC4F5883
2b85f3e0d3af50c85154b08504829328e3dfda8a9cccc243be272d52d4760425,0c1513a135e444d58df78fca5f50b742,5ae802d14aff258030378e0eb889436ea7e49825,libsodium.vmp.signed.dll,9/2/25,Keroro Software LLC,0A04CAF1BB3BC17A33C6E155EC4F5883
609d35e951de7ed3eb4a551f9a966ad553e9b2ee054ec7cba2b21b91556f99e2,a9252f98dbf470e155e941d1d3b89549,a7f0ca9f0eac10befc1d6ad4a82bc93b541862f4,a9252f98dbf470e155e941d1d3b89549_MWMeet-x64-v1.0.3.exe,9/2/25,Keroro Software LLC,0A04CAF1BB3BC17A33C6E155EC4F5883
7dba070b60bc76470586c50e7c0cf4d04b6a0025a020b91ffead813980574fb7,881a4caba401c695a43522c624a659d0,5530ab61ad445988693507a60c47385af7b3b05f,WPS Office_Windows.x86.Setup_08.301.11.exe,9/2/25,成都航迈源动科技有限公司,5EAC92D72A8D601A4E4833703F78001D
88f23b10a4b5c4d525bae3e86fda953da51ad6da511ad871ecfd249708a87d52,90f9f6be3235d458939304f28cc63ca7,d54b24aa24bab1ec65d8ec28a94b5e6f49e89619,1.sys,9/2/25,Jin Chen,134216E462B8FC279A7AF7382F45F3D3
e08fea92aeb48fadc6ffc7b9590761a5a7e19943ce666bc57675b251789a65b8,877b02674bdefac62f50bf14131d6b58,05558cc9a2444145934f049cf53e0b2edd3bccfe,backend.dll,9/3/25,Keroro Software LLC,0A04CAF1BB3BC17A33C6E155EC4F5883
4cf0a7497b8c0f73fe80dc8f574a3eccfed41a4f573a4dea0bacf49a39ebc6d7,42c9a19d345ce7e7ee59a664fb876056,641fd07710f3ac556708161bb371534e11e77abe,C:\Users\user\AppData\Local\Modium\Modium.exe,9/3/25,Keroro Software LLC,0A04CAF1BB3BC17A33C6E155EC4F5883
c417a7eba25866143f557e7a05ae243326e182ad598a5a45be6ada249f9b3443,3d0497c14896920118cce42adfea4226,0f8c23ddb3b4bbb2049ff5d04b05b720dcff3605,C:\Users\user\AppData\Local\Modium\uninstall.exe,9/3/25,Keroro Software LLC,0A04CAF1BB3BC17A33C6E155EC4F5883
e3a81fa899cac75a5a77119e44374bf5db00b999e270e040bd6ca7d4ec1f819e,02df654dbb2265e190a748df3de2da47,2cebfdff3a5ca21c0c6cd5730380342f671e9ce5,C:\Windows\pze5ca3.exe,9/3/25,Keroro Software LLC,0A04CAF1BB3BC17A33C6E155EC4F5883
3759b0ebc4c7c2e3a4d697db3ce2daf12e8234ee8fa6d1de47ca42de3cb36f0d,38bb865cc79237f1b8db3a7682986fec,408328b5b5fd9d3a4663e15e781306976eee1ca3,main.exe,9/3/25,Keroro Software LLC,0A04CAF1BB3BC17A33C6E155EC4F5883
deea3fcddc4b02e5079b092ebc45ab1884be3881da23ae2a53fca2a4336b94ef,eee4e4d971a9be08807b9cd32874981b,83fbce52ab3a4a2468c62cd1d7914f42b5fd008f,Excap_Setup 1.0.15.exe,9/3/25,Keroro Software LLC,0A04CAF1BB3BC17A33C6E155EC4F5883
ee6b609a0f3ff33d35eff9a10b4452e01e409bcdd9a941f77a3e80301c742352,3c266be69c8b5da67628954bf66a7ffd,31814122dfb4c36b3ca067a2b55a3b903f9f1c1e,backend.dll,9/3/25,Keroro Software LLC,0A04CAF1BB3BC17A33C6E155EC4F5883
a8824d9db5c930bcd058e318b91f7dc9f56f25765b9f42c43a6fa4765e4c076f,cdc7632a22b252d394f6e5dc72549d4d,0b20aeaef1212bbb5a6c9565ac2a1f8e8afb5fed,browser_core.exe,9/3/25,Keroro Software LLC,0A04CAF1BB3BC17A33C6E155EC4F5883
9f82eacee40ab834c7de18d29f6f019ffd19c000f07f9a44db173323810f535c,37e474b711e922d7de8b92408e701dc7,bfcde8c86083826e84083e94019f5f54ea9b0930,Signature Tool.exe,9/3/25,Keroro Software LLC,0A04CAF1BB3BC17A33C6E155EC4F5883
e803133411d62c17953a3791057faade17d7fd97e3635f41a6260d0688c04f59,0d0d1995d7ccb7f148549a9bf28909ee,106b576f7b25f9c6dd9f6b30a757510e0c0f47b5,multiOpen.exe,9/3/25,Keroro Software LLC,0A04CAF1BB3BC17A33C6E155EC4F5883
24906c03ae446f6b443f7457c7cbe16712711d090880bede393e0f7a105b87f8,f2badd94eb057c80b3f3639013a0bee5,ff92b8e0c9026fbad3ae8de39e02d494aac8bfc2,Gogole_Windows.x86_setup.stex.08.11x1.exe,9/3/25,成都航迈源动科技有限公司,5EAC92D72A8D601A4E4833703F78001D
433210501253ddb685e6861d75619e9dfcddf279b40b1c293b114f6cbdd56515,97cbb755750751988bd0492d1625506e,61d8d27e5542094b88e4f7ee6df875c599a1003c,WPS Office_Windows.x86.Setup.set.080.90.101.exe,9/3/25,成都航迈源动科技有限公司,5EAC92D72A8D601A4E4833703F78001D
2c8fdaf02c84073a8d1c783cd8d2aa73f940961c826a38966427f835d8ee23b8,5de6345e2494ee1d3472d7c05ec9797d,e5914d2a4e8d7c78a369096eed947889b76a955c,GameShield.exe,9/3/25,山西荣升源科贸有限公司,0CBA02A32BEAB6BFAC34A7511A8B0E22
e27d51e7e6d4b68a93ed7c4d8fab4820fe14ca7ca1229011efdedbb701016382,94ca320b0193b4893afb782abe3bfc45,bbb70d6a09081e69dc7db15326b4e1a82b19345d,1.exe,9/3/25,Jin Chen,134216E462B8FC279A7AF7382F45F3D3
2d666f95c1df03c34b8711ae32741eec1f188de35d17c2617449f2fa0e067396,2aa3da3532e4434c5ebd606065f8034e,a1f619633b15a3a288b09e3ab497d83eb75d93ee,Oqswo.exe,9/3/25,"Hangzhou Saifan Technology Co., Ltd.",0DB8378E7C5F330A988848572F290434
ec2bf1e191104a3f8ad94af3f148bc75fae8970c068589a41fdd9ecf15334360,8556138b2fbd9efb6927aedec0867c0b,1ccb8fa184d30793edf8d0436a06483b6a43d8d1,backend.dll,9/4/25,Keroro Software LLC,0A04CAF1BB3BC17A33C6E155EC4F5883
b9336c0d76e8b3c5670ec610b04f8bae5c19f2ebd5fc6f900de0dcf0d311855c,689f3dc642029015b394afe42c9c8adc,c12cd836578a404529bcf905990a0620a540af96,backend.dll,9/4/25,Keroro Software LLC,0A04CAF1BB3BC17A33C6E155EC4F5883
e16d6cf62043efe687d1752cd5197a7c2c106d07648e18fcd0838e790bad61a7,13ef327842619a84e221de4123447f1f,a8bbf0b8d067b2704e28f8f5320f20f16223c592,backend.dll,9/4/25,Keroro Software LLC,0A04CAF1BB3BC17A33C6E155EC4F5883
7556bec82d301d7c6929a377ea5a6f5c24a0c6b735e2ffdf0252b6ddea009f1c,58d4d04272fa48d705d0bc089f6cfc27,2f28eeb3f613e5258630a94161c014bfb3ee12ac,browser_core.exe,9/5/25,Keroro Software LLC,0A04CAF1BB3BC17A33C6E155EC4F5883
9463eb96ed95830d8bfae034bebd74602958430db1af965c9890f857735198de,801b78ffddde1a0f1ab22a0d811b3b63,53ed665362b6c797c6736e2b0a55b876e2e6760f,PVABrowser.exe,9/5/25,Keroro Software LLC,0A04CAF1BB3BC17A33C6E155EC4F5883
2a95bdfc782f0b275204850f6e1f1b860e5bfd30fbaa19cd677a3db65f3ba992,b5ce50f7f0ea9c2b9f029e5830d4deec,ab106c5a046968ad03e55ce01eaf030411e30cd6,PVABrowser.exe,9/5/25,Keroro Software LLC,0A04CAF1BB3BC17A33C6E155EC4F5883
ec680b552f9287c00dd4c0200ee4bb57c3be7d6c9c819520153188aaada9a16d,a3440adfd29a7d469451e64e2dbaad41,0802d739cf1f286622561ff4d3d9b23daa3cf979,browser_core.exe,9/5/25,Keroro Software LLC,0A04CAF1BB3BC17A33C6E155EC4F5883
c5d1981a7e7f8897d0e3fa2ca32a015d7b3dc963401f4599046e54e18754cfde,4beefaaafdbf136ce74ca7ed3570e353,b432e97b03e7c4423cb3d5bea2c960adc4f2443f,,9/5/25,Jin Chen,134216E462B8FC279A7AF7382F45F3D3
a89a73b33acdb724cbd4475c540ac5b1876fd078a7c8190101acf26e7b17eb18,19e3ebe3402994edc7778b788c509469,4791b52f6efaa4719b2fd0e6b10d61e6cf5740fe,C:\Windows\4t5ia9xz.exe,9/5/25,Jin Chen,134216E462B8FC279A7AF7382F45F3D3
97e5205f2d659cfc69bc4c58df9aac7f57a30370ca9ebccac707d0468b781731,caa8e0d7e61fe38399a20ace5414cc3c,d0aa47753f74eb8f3fe4fd1f02d2fb4b10885b9c,StreamSpectre.exe,9/6/25,Keroro Software LLC,0A04CAF1BB3BC17A33C6E155EC4F5883
6be6b1386b46dc9caacf259ce618c62ca0e332a2d97c347a86b4e420de28a50f,9683479fb124f63c3945564300d4b76d,2461937956cd9a345066b5f7cc8188fed92097b3,C:\Users\user\AppData\Roaming\Adobe AkTools\4300d4b76d_Adobe_XD__E5_AE_89_E8_A3_85_E5_90_91_E5_AF_BC.exe,9/6/25,Keroro Software LLC,0A04CAF1BB3BC17A33C6E155EC4F5883
69d218305512a101b64f9cf912d1edbce0c67fdfa5c0d49d6908c7388a4369e9,0fdbe93751782efab09ee312613a2464,6493721e0656434da295e100fab53d63382c7035,GameShield.exe,9/6/25,山西荣升源科贸有限公司,0CBA02A32BEAB6BFAC34A7511A8B0E22
85917bc3f14e7c2652efec913a596913a59abd6904f21946528ec5c70753711e,4663ed9b9d07187f0e09226451b0117b,3124eb1098b2ba2112b1b473ce4fa7e67d401a3d,GameShield.exe,9/6/25,山西荣升源科贸有限公司,0CBA02A32BEAB6BFAC34A7511A8B0E22
16836b3f4b82110aae1ac0783555fa55b43ce2aceaaf7838db704d2a72bb7392,529002f3446ffe93396d01e0ab281300,e48ff4acfeff5322f326c714bd3b1ef1da6fdac7,%HOME%\unpack\GameShield.exe,9/6/25,山西荣升源科贸有限公司,0CBA02A32BEAB6BFAC34A7511A8B0E22
886d2ae61ecb46e60a8bef53565754e50c9c60353fc479756514e242eda62320,d8d0b5e22991c2462d75cab29c76963c,0892445b7de0badb9fc259c13283ec912a7db839,SolusTech.dll,9/6/25,山西荣升源科贸有限公司,0CBA02A32BEAB6BFAC34A7511A8B0E22
da148c9da72bbb71d9c7e65a77641a9ccf03e2e7cc9e0068fcec863ee1c7a1d0,e14bd895762561a100965c2572502d6a,020cb6e85961a9d3ecf02234c20822adcdbd1516,/home/petik/ss/malware/2025-09-06_e14bd895762561a100965c2572502d6a_mespinoza_ryuk,9/6/25,成都金源启铭网络有限公司,4DDD9F79FFA78EB06C8C638334836ACF
db0691a506315db73fd1ba4530fff7da5d566f902e0040fe26d8f8ec2a7bfa36,d5f5cc254d8bdbeffe2670de9c2122a7,784198ce2a74ce8cf2e209637cd12b2bbc926dd7,browser_core.exe,9/9/25,Keroro Software LLC,0A04CAF1BB3BC17A33C6E155EC4F5883
852ced564714ed45ae090441220a221ab0091e777f0f41bdef8956b0cf4db580,45175bf1450cbbe411a15c8cdbaa3a6b,e8eb8a175ea3efab8687cfd533263489a5dc8251,browser_core.exe,9/9/25,Keroro Software LLC,0A04CAF1BB3BC17A33C6E155EC4F5883
d018acc5d81bbf6d9b8875f28c17355c9a2d4301310f9a9985346614a2f72756,3b2bc179fd7ba32194c40cb67dbf978e,4a4156d577182fe2cf83bdede5b19e1bb7745472,Setup.exe,9/9/25,Keroro Software LLC,0A04CAF1BB3BC17A33C6E155EC4F5883
9a4cf4eba4060676c4f0f2edf2da95adb5168ae7e4edc77cabb8109f94385ae3,dcb9e08edd6a250b31cda6b1e1d10a10,875d4edefabceb08d1796f50b71eccfba3dfe2d7,Driver.sys,9/9/25,Jin Chen,134216E462B8FC279A7AF7382F45F3D3
b62d92be98ce7f187cac704b7f6e674b504967b2ee7d6ff1ae90f42ab391cc37,6865923adc52790f43fc5c83e5fb7197,42e6707e3e98bd388bd74256c5e2ecd97cc5ea2d,Driver.sys,9/9/25,Jin Chen,134216E462B8FC279A7AF7382F45F3D3
d7ae43c6225659fba3e33e80a54947f42d8d0259eb6c0c69f34c34e33c793d8e,89d820a0b657324bc715edbfba511004,31d4a56f5d22683abfad4b0858e666b46c416416,Driver.sys,9/9/25,Jin Chen,134216E462B8FC279A7AF7382F45F3D3
d7f5fc28355e1e4dc5f91b38c49ee41468e0c620d1cdc6efab80c8448a7f3172,7596d486925136ef56a7bb7868791535,2f09b5dc4a1c9760953048a704dfee010c3af405,C:\Windows\46ubw8izn.exe,9/9/25,Jin Chen,134216E462B8FC279A7AF7382F45F3D3
7d3e5e5da4400dbead451b8fb66666388be9f8acca6b5ce3f42430e4361c3723,9d5b1835b96219016872d956a6b7ab38,3e4537e19636e4df07ce5f460795d34d31e4de4c,F:\5e\5EClient\resources\node_modules\vibran\Bucky64.exe,9/9/25,"Hangzhou Saifan Technology Co., Ltd.",0DB8378E7C5F330A988848572F290434
1450b45187c0f485fad45496717be8e45dec1d4f619ee4294febeeb1d01fd66c,a03ab4c690fccd6ab21bfc9f08ade972,177d76d6d02eaa172f327f358a570e2856527b29,jandi.cloud web3berger bergerweb3 Jаndi Instаller.exe,9/10/25,SUNEX STONES PRIVATE LIMITED,5298A114ED373199B8DF7B68
2da1ef66fe4a06954b0f4cabcf8aff063bdf3ab5dc885ec5d4824e5917b7b315,18ad8a5a4886f01ab05d3db44d54ef8c,f683c3af12083dae0598c953bc0bdd823a84ad93,11111.exe,9/10/25,SUNEX STONES PRIVATE LIMITED,5298A114ED373199B8DF7B68
f3c26f283f6e4e7776b83cd24aad226fa950448ed64ee578025db22faf53f19d,ef16ffb3d60ccf0850ab8c19237f6cfc,53440113b3ef9ee63cdb6e2921f788d293c42ea2,uTorrent一键安装.exe,9/10/25,Keroro Software LLC,0A04CAF1BB3BC17A33C6E155EC4F5883
5301995845627565b5d78f886e2a01deebc48a2b78d5abfa62e6213ef863384e,d8c3739fedac51ce428ec97bb2e20fad,27328a1777d06614efbf978be2e14a1578008c8e,0_5301995845627565b5d78f886e2a01deebc48a2b78d5abfa62e6213ef863384e.exe,9/10/25,Keroro Software LLC,0A04CAF1BB3BC17A33C6E155EC4F5883
5aae96dad366a1bd8bff8bbbb13ca4dd122d141a9cd7495224dac92ba6c5c132,d483d2d1465e1f2c62c67bf1bf2900aa,c54de06e4f91ee8c08add7d054c9561e6ac4ee39,eosmsgV6.exe,9/10/25,Keroro Software LLC,0A04CAF1BB3BC17A33C6E155EC4F5883
d2eddbb44e570f910900568caf026c5a0c9f628e91410cf3d7ea36fd2b27d17a,b7aafdea7549ad2034547aa77ecce2a6,b607fe60691e1b915b25114a1bc8854707d70368,eosmsgV6.exe,9/10/25,Keroro Software LLC,0A04CAF1BB3BC17A33C6E155EC4F5883
68773d0271b2dcf1710adaf5a98186a939c42db4c919af4ef4eb7ef97bacd585,0daab4559c5a196bfe9cf693bcd90139,5600c8bc77e5bf8b8bc9eaa98c0da8eee66c6c32,GameShield.exe,9/10/25,山西荣升源科贸有限公司,0CBA02A32BEAB6BFAC34A7511A8B0E22
cf17eb821e93a86cb67594a9fed29f3d5ba52f3008c69c0f6729056159341e58,2dd74c9ea04e0b25be564edf8e5b77fb,4812a957004e2edb0f0f6cc4d303bccf0dcf2882,Driver.sys,9/10/25,Jin Chen,134216E462B8FC279A7AF7382F45F3D3
0437fc23c4d94f92e2381c1775beb6923c0a5ec9b9e7043996f47022ca6a83f1,20f0cf1c7ec3fe07557406cea529d299,963f9e6cd533ec336c2688fa3e97dc9ef012a109,1.exe,9/10/25,Jin Chen,134216E462B8FC279A7AF7382F45F3D3
0210653243141e972781f647d19c52db185f00b5fd628c7ba255368d765ba90f,6e1f3788a95970f891865dbafac27426,9a161341aeb36bedbd1d88c7f3374447a4ad8d01,Setup.exe,9/11/25,Keroro Software LLC,0A04CAF1BB3BC17A33C6E155EC4F5883
1d87568c0807347764ab5f83ffe34a798f3c7eaf4bb6b464f0228697bcc83ed5,8d631a561ebbc195edf5bc7e9858cd96,88f63e4c4b7859c8217f3358e844341599ef98d6,MultiLoginPro.exe,9/11/25,Keroro Software LLC,0A04CAF1BB3BC17A33C6E155EC4F5883
6107ff8a613478e6a633dc72885e0d05405fccb945dd09ab5bfdaf571d43fa8e,62f1fd4cebaca5ee27a2c476de880a1e,82b4dae5b25a195ab9f614bb167331673efe44e8,eosmsgV6.exe,9/11/25,Keroro Software LLC,0A04CAF1BB3BC17A33C6E155EC4F5883
4476320e6a829f9faf936b60f2cb6e8a3c75195ce8e5085c8f1557ccaabe63f7,2950f9caf76ac92b9fdc3c159ae74b89,36ad8e7da12efa8ace8659f9121ad017a5c2db0c,ShareTool.exe,9/11/25,Keroro Software LLC,0A04CAF1BB3BC17A33C6E155EC4F5883
7865994f48ea4d6d8ff0ed1b8f7865af90bd88566197c466eb394d9a13d4417f,dfc889f4f41112839196a269dd79128c,2317a3dd54e9c7f530c587dfc01b3b9ee5006d8c,Iime.exe,9/11/25,Keroro Software LLC,0A04CAF1BB3BC17A33C6E155EC4F5883
0cafde869011850cdefe9bb5850901e578f30f758929b3295df9fdea6fc0acba,1eb4231854488c8ec958fd33efbdee58,55d39c47c2061039eabaae4167c23bfbecf608eb,eosmsgV6.exe,9/11/25,Keroro Software LLC,0A04CAF1BB3BC17A33C6E155EC4F5883
f5d117dcb6191cc2a17866adf4a5c9b2b534ce33d93c8984ff82e5f87b4f70e1,6b96833a3466eb7b6341114e6c8c9dfb,0d892afe0a01516827a517ec9efa488c937247ff,BBHShareTools.exe,9/11/25,Keroro Software LLC,0A04CAF1BB3BC17A33C6E155EC4F5883
a2e2dee1401e7bfa9e6691c3c73937dd9b9eb4b77af8621d56194f71a6c0c806,cb5569255edc2ab3b548c2679ad42021,074c99c73e2308582a05d4267871f2ef519c2e4e,BBHStart.exe,9/11/25,Keroro Software LLC,0A04CAF1BB3BC17A33C6E155EC4F5883
5008f91e0317b2a724d139528df14d9ae0e4e5d56476523d8a83efc83ac294b9,2bdd09d6585c49b09c69aa5b68d7ddda,56f9d7ffc3cd76bd3634a6fa6313caf0916cfa26,,9/11/25,Keroro Software LLC,0A04CAF1BB3BC17A33C6E155EC4F5883
a03f249bb663727696350650b378dffe215169b8d5590b7c86e6189a014f8773,a93a33a02b0ea6e9cdfbb2f17823df88,ef8ec593d2531f7384e03bb891834cf1c7812031,a93a33a02b0ea6e9cdfbb2f17823df88_MWMeet-x64-v1.0.3.exe,9/11/25,Keroro Software LLC,0A04CAF1BB3BC17A33C6E155EC4F5883
5b8d78b20f1f9f4bea4563b69cefe351ccc1a0a6b389197b2f655e9edfdefc77,74dd2098d42021d22e0a515e85518025,b034d3e364241a3a54851f77a9e0bbbedbe0c3d9,browser_core.exe,9/11/25,Keroro Software LLC,0A04CAF1BB3BC17A33C6E155EC4F5883
5be55b6b01920666346c3ce6131c69174c29556a0633b7f454fd77f2d5044c96,a8dbc2097c5b7ba5d1a6f13c02d6b4ac,f30510473617b298fd9104ce8260ee5b2bd71e73,browser_core.exe,9/11/25,Keroro Software LLC,0A04CAF1BB3BC17A33C6E155EC4F5883
bf534128413516b636c1cfa22d005ef7d0576aacd72efe9a89cec3ae5deeaaba,d48050ec8eb634bd870c4b1d507c9b8e,accc37c37740820d28aa3b6ce83bd482676e0813,/home/petik/ss/malware/2025-09-10_d48050ec8eb634bd870c4b1d507c9b8e_amadey_cobalt-strike_darkgate_elex_gazer_helldown_hellokitty_luca-stealer_lynx_njrat,9/11/25,"Open Source Developer, Hao Chen",0582253D22D291481B75770C1556C56F
18481f84fab8fef664e1825b3b358ecaf2da7a7ac1670cce3a86a952e078b934,fa3a44e89a69eb3d9c097999ba35cd60,fa49baeb585b3a89d5d27ee391b2247daae50a8d,WPS Office_Windows.x86.set.080.90.10x.exe,9/11/25,"Yangzhou Dadaxing Internet Information Service Co., Ltd.",567E1FA7B741E453DEE4CBFAAD7D8062
0b0b38a9a52825b98b4e08973b491eda4faaa824710a63401145e73f2375a823,dbe3b6182b2ee28faffe5b718977bc89,9140b204c69abfff5d32440076ca299410cb640d,Gogole_Windows.x64_setupX.05.910.12.exe,9/11/25,"Yangzhou Dadaxing Internet Information Service Co., Ltd.",567E1FA7B741E453DEE4CBFAAD7D8062
4190e1a35960c3a6df633cec467ac6243917a626f1bb27da8619d3f3cad6996a,89438110bbd35782f2718590d5262713,a9d72855e05a361d34f2525f5d2cd2c517f07cc4,CryptalixAI Setup v1.2.exe,9/12/25,Richester Business Network Inc.,5DFD0E9D2EB85BE5912CCB6EFE551AB9
d81b9f60ae51d76b2fb5b40f787f9958a1dac3c2df8c09e123d12897025839f1,a8639c5a282635b381716c2bcef73b52,4235b1d4738b58e1de7ec95f0b8ffcd54fe9e372,Microsoft Teams_default_Installer.dll,9/12/25,"Gucheng County Sili Technology Co., Ltd.",009D8810BFF34A30460ABF1E5410324DA8
9cdf9233677d455966785cfca6c6782a82b2d9ccac7b59c67c8a50a828aaf681,be61b75ce3806211e5f7c5d07de9cb19,4bce3e6cbf9f25c31adb8765d5293817586874fe,C:\Users\Ann Lord\Downloads\eosmsgV6.exe,9/12/25,Keroro Software LLC,0A04CAF1BB3BC17A33C6E155EC4F5883
3539b4c2e4c66f3ea11a7a74d0ce670078bcf823bb0e3027a317f86e062a9dbe,97d5365baa2e0c9e81c9e15da8b61fd5,148aad33b55027b26e6d09b7ac4cb8ddbefd3540,QQHong_97d5365baa2e0c9e81c9e15da8b61fd5,9/12/25,Keroro Software LLC,0A04CAF1BB3BC17A33C6E155EC4F5883
afdff1ce69b27da1c933a7cdfb7ce36bad2fca65a6332fa62c0a9fd2a16c81aa,550289c45ea5777144c20622b489be75,05fa0b958b3cff263da6be2de571e70945359be3,海豹翻译-1.0.7-ia32-setup.exe,9/12/25,Keroro Software LLC,0A04CAF1BB3BC17A33C6E155EC4F5883
59ae4242a7410d9335a3fffaeb9e1d2cdf338d62387728fb0f2a97fa75685ed5,0603d6e400350994578cb3be238815b6,41bdc9d26af0ad47b65bc7d8cc2f7c9cd25e9f76,Windows超级管理器9.51.exe,9/12/25,Keroro Software LLC,0A04CAF1BB3BC17A33C6E155EC4F5883
2fb6cd768543ed51a1273142c167274170cb00b8479a19231eba4036ed0b9c0e,7e023e1c62f30cf08cb4bd5293c54ccf,d1542206572da251233af6e32a7205ffb39e7691,海王SCRM-自动翻译计数器/海王出海 Setup 1.7.9.exe,9/12/25,Keroro Software LLC,0A04CAF1BB3BC17A33C6E155EC4F5883
f59734a31c4112b8627a9494e2c57df60c5d65a1b0b71cb9a44dafd09c4b2afd,1c685a84be75712df91d1e46da76cf2f,b6b2fe00c9921df645d8a5c0531b630436371ff0,browser_core.exe,9/12/25,Keroro Software LLC,0A04CAF1BB3BC17A33C6E155EC4F5883
72f3bc9fc4a818b6a2d31ae6cef5f0c213f802f25a7abbf5ca56616dbd5b9631,e652e8ba0f46340029f80f148a1eb898,a2b0476c45350749c5d31fab27ef17f4778ca333,browser_core.exe,9/12/25,Keroro Software LLC,0A04CAF1BB3BC17A33C6E155EC4F5883
3853e2778187ba60440b6e1077a85e0ba2b5ccfb04e76997897670e562f44697,3dc883d59ff3fdb39580ae063d2b5dfc,b727a911c29780d5909f3fc84a99174944bda824,VideoFission.exe,9/12/25,Keroro Software LLC,0A04CAF1BB3BC17A33C6E155EC4F5883
e48f37ddefaa718aaa338ceea0d6b63e3c87ad27a6b270ecaf1aba7b18af2024,e877b5345483ac9cbb8e980e19850c14,255a1b6bf2cbe99a08f01d99042c9de884e3fbd4,6816ccbf-76eb-4652-b934-4b07fdd18255.exe,9/12/25,Keroro Software LLC,0A04CAF1BB3BC17A33C6E155EC4F5883
343af1e6ea4a28592998234b7d0cd50894bf3ce6089f8596cd4db44282ad0f80,59439edc02660989c36a618f3c994184,387137ec4bf9367f7e3cf712e5bf6dd0f09c1f62,C:\Windows\7vcq1hy.exe,9/12/25,Keroro Software LLC,0A04CAF1BB3BC17A33C6E155EC4F5883
2e9b8f05e397c3329078c3769ac7f947ee5da228a62cf91ba1086abd7f2d7cbc,b271936008e832774f347032b61ccc8a,985275ed96f932344f9c1abe399f867df6b113cd,123.exe,9/12/25,Jin Chen,134216E462B8FC279A7AF7382F45F3D3
cdf516a579f37d76831a5be463dbac888a5adc58900c020297c335096de40efe,18808cfc1d52e9909cee97c364cae6b1,2f6ce85c44d4fc1bf23f6845a9343982c6677010,123.exe,9/12/25,Jin Chen,134216E462B8FC279A7AF7382F45F3D3
8fc9ebbad5fcfe41c17b81386e61d400d14a0916691bcb92f90a2e4219e96857,5ba31a130a8190c307a2a353e3baa01a,60ef36dd3141ac2657aadc87f1dac2ea08ac425c,123.exe,9/12/25,Jin Chen,134216E462B8FC279A7AF7382F45F3D3
f22ff1cf0761c504548fd92a9add7cef44ccc387fdcbe596a287831bc2a46c37,a55216d8da34252c21d088eaa5cfc7ca,6ac103b57b6ea4e32777196a839bc0f4eb92eaac,Gogole_Windows.x64_setup10.12.exe,9/12/25,"Yangzhou Dadaxing Internet Information Service Co., Ltd.",567E1FA7B741E453DEE4CBFAAD7D8062
ae111d30ea9abe210c4451982a3ea67e99e36cb37e534d133d6bc603afacbea7,4f90f4529959314fc1f0f1ba5f9f3efd,8dbfaba777a0a6ce0d293e90cb415ee6831b3f95,OpulousAI_Setup_x64.dll,9/13/25,Richester Business Network Inc.,5DFD0E9D2EB85BE5912CCB6EFE551AB9
efa8a2cd51d62574c1d3209de57684de82cd0b3070c6b39b987498e266c6bc40,a92cd382b9a1e59455f2d27c068c6f48,60a6bc5ec6b15370b9c638fa224c63a3732379cc,Modium-setup.exe,9/13/25,Keroro Software LLC,0A04CAF1BB3BC17A33C6E155EC4F5883
47501cf64f239426332617435844495201797a5eabc916c14a5a00aa1f3ebc01,a29ab16ad16a0bf0f3c96b8d3e7cfaba,97b7b79da250bc9f0c809ebe5d24c250f55d0f74,Modium.exe,9/13/25,Keroro Software LLC,0A04CAF1BB3BC17A33C6E155EC4F5883
b542210153207d5bccc98e08e39d558807930447b146a0fbd84f32de71eaa2ea,d68d448a950b28aaa55b7f497895038a,d773224f7832ec85554de9902325b25b624e4638,uninstall.exe,9/13/25,Keroro Software LLC,0A04CAF1BB3BC17A33C6E155EC4F5883
0c76e1b1cee056b2fb7ec0469aaa2a4e0def18b7a3c7d5bad4ce1a8b313106c4,946b324ad7e7afa6bc672ff647b5dd35,e4c9ea202dd4270474f5def264f2110ea68f6ea3,Windows超级管理器9.52.exe,9/13/25,Keroro Software LLC,0A04CAF1BB3BC17A33C6E155EC4F5883
238059f40bb67dc878c81fef56589a57096c262801340e7b1d1326e827b6c937,b18bd1e9e490dd64498a95007b1de99f,afe8b4df1418b4fbef24dfcf7e17926c7eac680d,C:\Windows\c59iy4.exe,9/13/25,Keroro Software LLC,0A04CAF1BB3BC17A33C6E155EC4F5883
b8769269e75c65ce5f51e6942b183e921aaf6dd09c7737d65eb47b5825e9a3f6,163758067651113715f14561f8453663,bf5576fbecaac2ae29bfd7b70c9814819309f68c,/home/petik/ss/malware/2025-09-14_163758067651113715f14561f8453663_amadey_avoslocker_coinminer_elex_gazer_helldown_hellokitty_luca-stealer_lynx_njrat_revil,9/13/25,"Open Source Developer, Hao Chen",0582253D22D291481B75770C1556C56F
daf376528c32d4eb849324b353846205853d5bf6a0a8049df8d95ae564248ea9,16cdf9dc1175a10f3f380e7d8e3de931,83dc14e2a39d307e714a9418586e28d3ecdb804e,/home/petik/ss/malware/2025-09-13_16cdf9dc1175a10f3f380e7d8e3de931_amadey_cobalt-strike_darkgate_elex_gazer_helldown_hellokitty_luca-stealer_lynx_njrat,9/13/25,"Open Source Developer, Hao Chen",0582253D22D291481B75770C1556C56F
937f73099bf9997b8fc9c2788d86a35a84393fc9b35b5e2b957a5611548085f6,1ad180a51a8094a806aefd47b2d96d8c,8bf271731cd5e08e0b9368289a25bcbe36fdff31,Setup.exe,9/14/25,Keroro Software LLC,0A04CAF1BB3BC17A33C6E155EC4F5883
78e64d737e5db17be984aa3cf7d3605648182c7c7c6c775d5ff2c561379ca825,19372501513c464e3ba1bb659a97a81c,b757a3122ca3a87ebc3ee6410827cdabe07e7244,GeekerPDF.exe,9/14/25,山西荣升源科贸有限公司,0CBA02A32BEAB6BFAC34A7511A8B0E22
ef934e0472d2db282cf7efd00426dd8ea0dc1bfe4ed43032ca56f4e4467b34b8,af4c72e4c9e6df0c5e813a1819577e8f,5364c411ca1def03ed19e7108ee350d74f8e2729,setup.exe,9/14/25,山西荣升源科贸有限公司,0CBA02A32BEAB6BFAC34A7511A8B0E22
7e9078fd8654028df65a47ccba18f25fd3bdfb1b7716495e063b95b9ff1fd06e,658a482cadced8d7dcbdd15e312ad638,2c5e953a0e5ebc284b4e89a13b3acc1995b1fad0,C:\Windows\System32\ntdll.dll,9/14/25,"Yiwu Liangheng Technology Co., Ltd.",00B73548A6B5D65D00DFE76D49555D4DD1
dd255ef0a73617fc411298eeb69cf910ec2970834feee4c7294577851605b3ac,80ddfd93171b7e72e7681292f7c8cfe0,ba5a0dd19444b02bbc57ef2f986c75f65bc18d08,Windows超级管理.exe,9/15/25,Keroro Software LLC,0A04CAF1BB3BC17A33C6E155EC4F5883
b60eaf10f0c193cb677149911ba4608210f611ca4923f603ee1ff5403e1e9a33,1bc34d0a59ed63c02a3f690bad36892c,501026bdaa5c9ca10a264d4688be6b693f9f2ac5,Microsoft_Word一键安装管家b2.exe,9/15/25,Keroro Software LLC,0A04CAF1BB3BC17A33C6E155EC4F5883
08cb9c897007ff381fae376f950249d5ba51192c0d07f3a11b695d4a14a62556,cd5db21d4777f89302030d68e432c5b5,27869f1a3c3d820ceb921b13a7ee792b89719d63,SyncAssistant.exe,9/15/25,Keroro Software LLC,0A04CAF1BB3BC17A33C6E155EC4F5883
954b6099105f0560a3eb8ec651d96d36e201c3e451b32289a0cd4c905f49acc4,71f56f23d33de0c78c4a182dc4e0ed1d,3fb675d9e95f843af99b967b54d48059a1ac58c1,browser_core.exe,9/15/25,Keroro Software LLC,0A04CAF1BB3BC17A33C6E155EC4F5883
c80232ce89584e33bda65bdf7d2a03665b336b38058c21badc7b13fc26c7357a,213d7ac39e0a74055e2aaf61981bf120,81eea6d610ca67ce6b5c177fc268da328b4ec43e,C:\Windows\ei8k11.exe,9/15/25,Keroro Software LLC,0A04CAF1BB3BC17A33C6E155EC4F5883
1eca5dbf89c34956340f4efca8f6557f431d6d8494a508f57583e74daff16577,665bafe5c5df21a895ecd1fd4b921579,35193e59b8cb0385cdfd4355d2c6b583e7725bf6,,9/15/25,Keroro Software LLC,0A04CAF1BB3BC17A33C6E155EC4F5883
6a51f5efdc79e1b3e2dfd2dd7b1c413b690be641228a26efa52718bb88bb2908,7a939582ed824f0359170b11558610cc,aee6a049a871774e464a618949d9fe9a2a4ed558,C:\Windows\my71ou0nt.exe,9/15/25,Keroro Software LLC,0A04CAF1BB3BC17A33C6E155EC4F5883
9d52ffc13035d77a94f3f6acf1b11d8d86d066efe2920d4e1ac5de8f39294d00,e572c27d4d272e6d9b2cfa28f98eaa62,6d46e1df332c4c1e2f822cf7b4d4e99d837cc09a,/home/petik/ss/malware/2025-09-15_e572c27d4d272e6d9b2cfa28f98eaa62_amadey_cobalt-strike_gazer_helldown_hellokitty,9/15/25,"Open Source Developer, Hao Chen",0582253D22D291481B75770C1556C56F
e59ada5804ea6581acc5c4a5c032beab993bc65391a859e32e6587f789d9c979,953c579a219e1b9d7d6aa57a2152f94d,9833b1bf1bc1af937aa55d92af22d658daaf055d,/home/petik/ss/malware/2025-09-15_953c579a219e1b9d7d6aa57a2152f94d_amadey_cobalt-strike_elex_gazer_helldown_hellokitty_luca-stealer_lynx_njrat,9/15/25,"Open Source Developer, Hao Chen",0582253D22D291481B75770C1556C56F
aa16bd76664db8f9603d8b4bd4c06a1ccaf5fc5d4a6d46aa63c783a36d97b608,949f0fc5f76547e8a73bc46bfba7e799,6346701de63665c52bf3c5db4128bfc784aec7c4,/home/petik/ss/malware/2025-09-15_949f0fc5f76547e8a73bc46bfba7e799_amadey_cobalt-strike_darkgate_elex_gazer_helldown_hellokitty_luca-stealer_lynx_njrat,9/15/25,"Open Source Developer, Hao Chen",0582253D22D291481B75770C1556C56F
bafb5de6e736724b788b92a7ffdc95ba9c00b86be270abd7d3fc8668dce6d67a,cb02664f4476edf495381d5cd127d8f6,0f6321497bc0ec5630aaa2de89519bf5d6e7956d,vmhost.dll,9/16/25,Keroro Software LLC,0A04CAF1BB3BC17A33C6E155EC4F5883
f71ff8404bd64eada7a97e1fbacf29635b9d9363049d3befd9bb4237251a1db6,10e416b3270fd40991b7e5cfe191016b,9d28a3eca4c553f4a4268616234f936cac901248,SyncAssistant.exe,9/16/25,Keroro Software LLC,0A04CAF1BB3BC17A33C6E155EC4F5883
cf65c540347140d81f7c1244f68fb99b80cc37509d5a5b395294f66d57c55bdd,09359ef5f03dc9d7b30a973842aabeb2,45270bcc60aa3b8442714535c4537cc3f4678784,browser_core.exe,9/16/25,Keroro Software LLC,0A04CAF1BB3BC17A33C6E155EC4F5883
2df544b598f02dca6581576f4a4ac158fe963e7c31fcad6c8b9492ac7aa883ab,76370e12c08b2422c4ee18ef49e10004,ccc0c5c3e0e9e6f8ba25b5bb37a54973321b9566,CEO-SCRM-1.7.9-setup.exe,9/16/25,Keroro Software LLC,0A04CAF1BB3BC17A33C6E155EC4F5883
e6b185b18f2c2a2682e8f94f72ff8bfbd9dbc2db8a2646f294577df0d799f6c3,d7bf0fad197034a97596342950fc0ec2,7b47570ce2eecea52c956fbbd74f66653f1a8114,,9/16/25,Keroro Software LLC,0A04CAF1BB3BC17A33C6E155EC4F5883
9d76d82c0c1a8d7ff3f96aec9ba789113cc11b78112a4bf49db5a7f57f6f1ba2,e3171df9b47608685723dbba817b7b6c,fab3d7bbc843c49e3edab5566196be5cd99c3374,VanitasLauncher.exe,9/16/25,山西荣升源科贸有限公司,0CBA02A32BEAB6BFAC34A7511A8B0E22
adf9f979c08047d4d9003b96f74d1cf7f772fd7f0bd3e621aabac6afcef235bb,a713eaa7f0759585a0f1a9711fdf4bda,47c0a7bd27ab7461a6a5050d6a83e88fc3d18152,Updater.exe,9/17/25,Keroro Software LLC,0A04CAF1BB3BC17A33C6E155EC4F5883
fcdbe33a0ea50b989e9416b4fa31bd19c30f32ceb9ec336d85b96997c9b04131,8109101630e93428eea25c18ed79ccb4,37f852d790f55e6cd4937ab3868eeb0eea8d11f5,browser_core.exe,9/17/25,Keroro Software LLC,0A04CAF1BB3BC17A33C6E155EC4F5883
e483652bdb99bad5082404598adf6b7f8578c607a8ddbde4b4604f0dea0ed689,cbed7554b0d3e0922a60a54aafc25044,81522435f3aa86d9ce1e6a9681e81ba30a843af6,browser_core.exe,9/17/25,Keroro Software LLC,0A04CAF1BB3BC17A33C6E155EC4F5883
967fc1473e0bf1c12594607fce1a4ef78530bf8d07e0f65c99a48014a01f5307,9e3cebb28044cf4cdaa48e46898d8bd2,6ca2625a2527505985ec3f0723ceb1abbe2f1bac,Updater.exe,9/17/25,Keroro Software LLC,0A04CAF1BB3BC17A33C6E155EC4F5883
c9fa88772e27b04b8d0c585ef66a22220b922e297d9c0143a0524b7aed14a7c3,1b9894c5b1379f48cb9ec3459e03aaf1,9a1cf4dba02e9c4f99f8abd2fe28540bf0d58b69,setup.exe,9/17/25,山西荣升源科贸有限公司,0CBA02A32BEAB6BFAC34A7511A8B0E22
06db5b7ed9e7e0f910395f2e7711852be1a9539da239a2da9e33b8c0063b64ea,5484dc3a07ff7a83d272398f4349bf71,1a105c3630d805870eb661022f90b2f1d03f1ef8,setup.exe,9/17/25,山西荣升源科贸有限公司,0CBA02A32BEAB6BFAC34A7511A8B0E22
28c1575ef28fc5e3b5eb4a63327bec10b399ce17bd65ea1b2e53562cfcd7e8a4,3a8efb57ea0bc0b19df7b582d9011688,c7bebcad25339203ca7035541a3703c94aed8ab1,setup.exe,9/17/25,山西荣升源科贸有限公司,0CBA02A32BEAB6BFAC34A7511A8B0E22
e072aaf8b77f337bdd9c4c3725bac17edc464a2bc81df4b10076fef17faa3a7a,7e572fdf8c2b6017cbf7a3c35cb82db3,20c9fb3674e840bc7b78b0d4fbf570ee5d0c87ec,Driver.sys,9/17/25,Jin Chen,134216E462B8FC279A7AF7382F45F3D3
7421508a1ac910829c1ae4c1e65151f45ea612e5227042a6980822645e8e3616,948f07a1d7cfb44d4f3da37583a898f0,75f90fa0936ad2e861f0bf27211f1de932040079,1.exe,9/17/25,Jin Chen,134216E462B8FC279A7AF7382F45F3D3
ab3bdf4c89a7feefe017240c7e627be2eef4ae24faaebe6803b99749de9e746e,fab7fdb17089d43b1262f96c7ae83a12,51d6c7590d0dc46ae8836c1185f53f5ae0dc6d76,1.exe,9/17/25,Jin Chen,134216E462B8FC279A7AF7382F45F3D3
6331ab598fb742ecc002d1e27a85f2088e901377af294a626f5a0fbf3da4435e,ba4cb419799e593cb3f49b56c0003afe,0d2c9d9929d9a82d0543fb92ab52c81319b0a797,1.exe,9/17/25,Jin Chen,134216E462B8FC279A7AF7382F45F3D3
0086d2ee20316d3cc4c2038f4756b09c8e7ceee5244f6039f567d03f294e3357,84a689fdfeec11e688cfb47aa54cb4de,ee341ef1efec73a57b466e1572506ad8639e2a3b,1.exe,9/17/25,Jin Chen,134216E462B8FC279A7AF7382F45F3D3
818a950e97e2a683a7a27fb469429cc5ced9e59defb63829056c0293f57f4fc5,4aab6cf6f13472e50e0769a282467f3f,3842962c367f4c8d7af7036280c81e687fd2b0ae,CallApp.dll,9/18/25,Richester Business Network Inc.,5DFD0E9D2EB85BE5912CCB6EFE551AB9
de5449d16704b0de0f41d96ede272d11db502605bd2d07522627dbc0be64faf8,c074e045a36389a8acec67a8795b6c16,aff9dc1ca931071374859ebb7484d66d4fdb9017,Update.exe,9/18/25,Keroro Software LLC,0A04CAF1BB3BC17A33C6E155EC4F5883
804f538c0416e359ee07517c887db0f99f21faa607987035af45c4507e4ded88,1d8c7c891c539905c062113f8f008a6c,3c52c0dfc9977039129d41b3d83161d14faeb102,TAPCore.exe,9/18/25,Keroro Software LLC,0A04CAF1BB3BC17A33C6E155EC4F5883
0394d8446c446a276d52ce23a9ba3b66c87fc5938f9035cf5bc49518d17b5867,d893ec8a9cac89421811ade9d9f3c1a7,7ccbe8a6fbb2cd76deb63041b995b87257e76c45,SyncAssistant.exe,9/18/25,Keroro Software LLC,0A04CAF1BB3BC17A33C6E155EC4F5883
04a16b17abb1b0aa8c0df48c075ed86afa1df872cd6560d85f6df8e19ef750a1,0fafd61e51aebd198fb3c2807975c489,18495605131759d5d1173a977f771794738b7af1,SyncAssistant.exe,9/18/25,Keroro Software LLC,0A04CAF1BB3BC17A33C6E155EC4F5883
bef426701d64d502200dc4abf3456060e64c8450258edcd03e21fe3d457addcb,87f53a95014790f3c41b39531fab0b17,2f40f52fb6d1ff06baf2c881bf57eb4cdf9fbd33,SyncAssistant.exe,9/18/25,Keroro Software LLC,0A04CAF1BB3BC17A33C6E155EC4F5883
7fa286d681b1e7ddb20d8f09ccfb0a3bae7e8fc643a865dd884d408321fc1f31,5d7f57402eeedf5a6cc58e1d29f07149,eab6f788a7181584bf190050a28d1d75d6a587f0,SyncAssistant.exe,9/18/25,Keroro Software LLC,0A04CAF1BB3BC17A33C6E155EC4F5883
999daeec3d7efb8683227c262f5f1b87583db22e4b2cb4f29bb9c8c8cd4775b9,31efdd9c33477143ad6a530bf0637bad,d8de1c99bb924210a2d58c8e829d54e8734376b2,browser_core.exe,9/18/25,Keroro Software LLC,0A04CAF1BB3BC17A33C6E155EC4F5883
d9d621f1b6adbec56ad9a8cd53aa1898dbf985e9b2ead255fee86c57ce7006b9,807afa05aebceb50bf82fd90a39f4c09,8bcf5286e5a426233f823a7ddfe290f80d48fbea,browser_core.exe,9/18/25,Keroro Software LLC,0A04CAF1BB3BC17A33C6E155EC4F5883
b375ffc7cebed301b22ee70f54a0fbf89ff6f797d2d7e0c2530788b9b334a739,ad6ba58e57cfc965e4655ae21c7ec7d7,28ebe3d892af9206dccd21684e2c5be30164bb50,Update.exe,9/18/25,Keroro Software LLC,0A04CAF1BB3BC17A33C6E155EC4F5883
879e1be09e3c8206abcd86be5e6b283ab6945e97ceb42faa1a03ea560c150b3b,abee43cda21f0b6e9df9cac57921d71a,24b7fca1dac1da5117370fffe83378a58ef322bd,core.bin,9/18/25,Keroro Software LLC,0A04CAF1BB3BC17A33C6E155EC4F5883
d002a911aae300f32618584d2edf579da54f60db8fa97402b6a4f16d08a8251d,1e17868b9b8efc810af2be7632bb3c3a,16c3b8fdd7e9e0787fc1bdf7b7bd269eaee57cad,Marketer Browser_install.exe,9/18/25,Keroro Software LLC,0A04CAF1BB3BC17A33C6E155EC4F5883
92db51d6145f0a12b1662479ed2b1996d73f0e19b8da90672ed355c1afa9934b,1e3e66c4e3cce24ef5da3166e9049ca9,7451e41e85ebe4d0f1f0345625ce725564f47761,install.exe,9/18/25,Keroro Software LLC,0A04CAF1BB3BC17A33C6E155EC4F5883
c8a6d8f0514fa22f6812432ed4de9910256d5490cb0338470b18f98108a3aec4,d4ff794d109a43ebbbcbf6776d19083c,8fa600a4212e4385497cb0f9b4581bfddbb0e951,TAPCore.exe,9/18/25,Keroro Software LLC,0A04CAF1BB3BC17A33C6E155EC4F5883
88bf428a2a3098752197d8f8004aa886eb3cb15fd5e77136439b6dc94d3f265f,530e1beb1b17c12fa326196eb166964e,c9b55eeb07a491097f7d6d25f300314692937c05,TAPCore.exe,9/18/25,Keroro Software LLC,0A04CAF1BB3BC17A33C6E155EC4F5883
034ff78b92d7603d2b9be6623d3426edac101b0d209f870c7fbce8b93f35d822,1af84fad992f59d57ddac5fcdefd7a92,57105e994e0b9926e8893df180f3098f67131292,TAPCore.exe,9/18/25,Keroro Software LLC,0A04CAF1BB3BC17A33C6E155EC4F5883
8b83e7a8abe5779edde1bf8b753cb1aec232d31c1c25e4df69510cf36110bdfe,2bc7ae7f3215fadffddcefbbb340ce69,45e2499f0ee721e9c9070aa1292bd9fe4515740c,setup.exe,9/18/25,山西荣升源科贸有限公司,0CBA02A32BEAB6BFAC34A7511A8B0E22
c28bf56005f214d39425e9c4c19bb9c89ad0b1896a3b0297b61ddbe2b5be4d12,52bcfa6106d016b861adc5fa71403358,277ba21c4a0e4d5f56704ab171d86f2066d6f69b,1.exe,9/18/25,Jin Chen,134216E462B8FC279A7AF7382F45F3D3
343d1675d4137775c2a673f4e7adcba6490771c466519458b31a4dc75f7bc97c,dd544c890ded1aeb5abd3795afade1a8,e10dc00208e93ebeebe78cc8f6c7a1979835edf2,browser_core.exe,9/19/25,Keroro Software LLC,0A04CAF1BB3BC17A33C6E155EC4F5883
fc3e9f20ae2bcdbd2a74555737a5b476ac1b1dd5023259020f51760277ff44cc,b88d9f34e95d010f4aa3a0ce9cb94f45,28c66cd431d6da0c966d33300414b4f5280c51b4,browser_core.exe,9/19/25,Keroro Software LLC,0A04CAF1BB3BC17A33C6E155EC4F5883
4d6acc0a20cb15ee78564c1e4f8cec58dcb9e7f5ace971bb1e187664d88b87e0,6a4717c59ac97c254e1562316598ace2,75759b2038b2170ad88f4baa8898d443c2e5d42b,SyncAssistant.exe,9/19/25,Keroro Software LLC,0A04CAF1BB3BC17A33C6E155EC4F5883
007db53bcd395071fb872864a93059b84844d0172e2ebf08afe1c1e4a8270258,226d548b99145d2dcab0e9b1a507cfde,b5d0194a67897e2b3fb431f39d2bf0b7a2209fb7,SyncAssistant.exe,9/19/25,Keroro Software LLC,0A04CAF1BB3BC17A33C6E155EC4F5883
907ab0c8d08ba79a2d21ef31a753a0de14318ddcf31ed3a167c30172ff4d07b0,fee50e69fb59ee04018324243aa3e49b,50beb7287beb026c13e4c368047a6180ed35b266,SyncAssistant.exe,9/19/25,Keroro Software LLC,0A04CAF1BB3BC17A33C6E155EC4F5883
20e2bfcc41ee6b1df3bc92c9a47e2d1b0bf66e933f2c560b74e1bc2c696855e0,ac05e8b8217b1b6607ad238e553a229f,238093f488e8607ca3b1a98a01cff920ec660c89,C:\Windows\scq7vz.exe,9/19/25,山西荣升源科贸有限公司,0CBA02A32BEAB6BFAC34A7511A8B0E22
f9c4df5f5dafdb548fddf9e7e6f07cef8eca7930de7eba385e81dc072bc50113,19c4e403846640def976af31f03105ae,9f2445970118960bddeafa3020b5c7f6e07ed53d,setup.exe,9/19/25,山西荣升源科贸有限公司,0CBA02A32BEAB6BFAC34A7511A8B0E22
69846df51d4048ac4123fced2818c1b976501e14419cf2d5bcfbf94daff39e7d,ad1f142c5bfa09733548f0efc2eea74e,44e819055292fa27f9a220954e872e389e244e39,1.sys,9/19/25,Jin Chen,134216E462B8FC279A7AF7382F45F3D3
ae20720b0a563e008ed0c5d80d232a5fe59eaeb1cb0fc3eb8c414af99445ad2a,e08a3811715240e74e32bbcdef580af6,9c782112e72a0b9b282014337b864c63a3efb40c,1.exe,9/20/25,Jin Chen,134216E462B8FC279A7AF7382F45F3D3
5ba88c29d74ec88d1d3bf336020e6d0a77ca8fea9409465501948ea96b982900,4734b7ae92fd916ef45cf14c1a39b121,e140f196e083c53f855058c282a56a5ac6bd43d3,1.exe,9/20/25,Jin Chen,134216E462B8FC279A7AF7382F45F3D3
023f34624ed95c0110ef118591e64a942b366f40695bfaee74841e903876c0b1,bcdadde9f34f1daf33cc60bbcc58bccf,9534665c150a3796143ce90dd630ff9779483674,Driver.sys,9/20/25,Jin Chen,134216E462B8FC279A7AF7382F45F3D3
a65477dd256ee3f8ddcabb249f05b1f5ef3ffc503d4d53aeaaa97c112c0127ac,b6913ffcaf21132ec6625b1359a57e9e,682dfabdc5352c78239f7fc02034b6c24a80f5a2,1.exe,9/20/25,Jin Chen,134216E462B8FC279A7AF7382F45F3D3
4a04be08a60d5350c347d8aced498350cbffdc4fdc44dce638ff671c0ea7b88a,59f9d05f856d88ed85c4d04568d9673d,f5ed5a377a8db2e9a64f3dabd9f9180338eda2c2,1.exe,9/20/25,Jin Chen,134216E462B8FC279A7AF7382F45F3D3
293b1a14fd8908b4be114072ffbe841d73effb0c5b8ff93348052b0f74529a99,a5d2e3f5c069026daa53c66d24efb991,69ccb67cfa1b0f4f27e7a43a7485c8f104da6e08,wmvert.dll,9/20/25,Jin Chen,134216E462B8FC279A7AF7382F45F3D3
3cfde631c670f64bb00bd10e997419d44f6fd9e90c0b00165b99a045a04473e1,cd73e3bc8ee2c87d311cc8d18e4d8daa,20389d4cc4f34627bb189cad24da2854e27c4501,rentAccount.dll,9/21/25,"Hangzhou Saifan Technology Co., Ltd.",0DB8378E7C5F330A988848572F290434
66c9c3be4cd6eca5f0084f7ced3470ee9536373f494e91d34dad5ffbcaf5edb0,fc3495d818237c79b3ec3ce12d275284,16b6062a0aa7f568162da0d9e78bdc09ad72c0fb,D:\5E\5EClient\resources\node_modules\vibran\Bucky64.exe,9/21/25,"Hangzhou Saifan Technology Co., Ltd.",0DB8378E7C5F330A988848572F290434
0c03434bfa4ce320a533a4ee1bb86394c37e2a893c9809eacfb534302d61ffa4,b1675ea3c7665a0f1f500bcaa2af16fb,4b9eb023de4c816842404aa1ffdb6770120d2297,Zoom_default_Installer.dll,9/22/25,"Gucheng County Sili Technology Co., Ltd.",009D8810BFF34A30460ABF1E5410324DA8
346268f684d6380d27f427dfe2c895beede4bb4fd383db42e111ccf76e198057,def524d2d213aeccad7c3a7a2930aec7,a7459b1fe7aece794733e99eb62f85b0ea447d54,SyncAssistant.exe,9/22/25,Keroro Software LLC,0A04CAF1BB3BC17A33C6E155EC4F5883
02ea77bcf8b8aa2b0f5d1c6bfbc7471df3675634e8437f453509223d3304584f,10196500dbb818cde961032b37762a5b,a9c5f7c33f8004067a8496d898f2ac82a5c9ed8c,browser_core.exe,9/22/25,Keroro Software LLC,0A04CAF1BB3BC17A33C6E155EC4F5883
6ce75bb9164892ce2ddc858929619d97828c83153fda7a032dee07bd43b018ba,6050c7f69d3c8afcbf0725f0c8414a19,e9d29fddee3bba320c6b9a5007e8091ab2f0e703,1.exe,9/22/25,Jin Chen,134216E462B8FC279A7AF7382F45F3D3
31e11db28b65eba73e930768726ad34e02922dbbc049e095f243be4146aeaab7,36f295520f4efea5cbd9edfd7930086f,6bc275e934dc997866a4715d28120d7acd2c151d,Driver.sys,9/22/25,Jin Chen,134216E462B8FC279A7AF7382F45F3D3
73b72f0efecc9c5d0fd4307b1e4cab961c6e55d76190f88a72066e3651f0d0a4,8d1191865ae36fc8396517510161c2c5,da6be5bccacfb1ef34f3e1e8b6175586a0b1ba33,1.exe,9/22/25,Jin Chen,134216E462B8FC279A7AF7382F45F3D3
1c82045244be9370237aad2ca8bcb7f5e53ce85783068a52c3c437b79de8df47,a1cb9c7811b35f60b090aaf54b48ceea,7df8a3b31bf8cc0a75274701540c224fef9c2a6a,browser_core.exe,9/23/25,Keroro Software LLC,0A04CAF1BB3BC17A33C6E155EC4F5883
0ec7c846cf19a90a53ab7f5d9ce1af7fec0e9d3f0d9f7f31f354e1c6a28fb030,9435e72b158fc827424c0674b8d528db,17ab93a70e910b3806c06704a0fe61e178969bfd,SyncAssistant.exe,9/23/25,Keroro Software LLC,0A04CAF1BB3BC17A33C6E155EC4F5883
0b4719f013fd4d0b67f5e77cbcadc911d09d25ea9831baa0731d1698ce422e06,808f37cae1815bf0aecc3418a7a79477,4d346b02fdb5aa75cd7baa9f7d218fc31fb2ce26,lumasync_pc.exe,9/23/25,Keroro Software LLC,0A04CAF1BB3BC17A33C6E155EC4F5883
b5aad7a3fafb51c335a6a0f23cf8b367dc094a3194be193f7bd9dc70cab9ee81,e1683f151260046c557cd57925385d67,4d82a431b3ccd4988128684822be9f9cd268d485,lumasync_pc.exe,9/23/25,Keroro Software LLC,0A04CAF1BB3BC17A33C6E155EC4F5883
0679d3f7df5ffde7a740823fa24d23bd6c55ef490f06615b02e955b14d5b55d5,999bf91d922bf88c1878c4f65365f95d,e791e5e52c2af177cdde9cc885a8f656e909a8b7,999bf91d922bf88c1878c4f65365f95d_MWMeet-x64-v1.0.4.exe,9/23/25,Keroro Software LLC,0A04CAF1BB3BC17A33C6E155EC4F5883
33aa0bb876749d313617220c2f4d5ef201ae09b5082db9b6ad7ad65a3baaa2c1,315f01df04f052a50a7ec0271f3f3caf,23f912969328378a6780f69e98ede959c3b0f4f4,,9/23/25,"Open Source Developer, Yu Zeng",12248CFBA203C55278C33B413A81FFB3
681ef00b1e809fb18104025858231e2eb4c1b761140030225ff7352ac6771a14,7bf0a60e91fb430351d7490702c8de74,fe3ee5fd0494b1d642a15743b6944c86ab0bbba6,1.exe,9/23/25,Jin Chen,134216E462B8FC279A7AF7382F45F3D3
6f3957dd7a948d67bbb97c4242824c28f014cf54f895f251dbd5857719a8d2b2,f96224bf7960c388ad664e67532c000e,1e189dc29d0de44aa6b3c62b3f57b9d94da2691c,1.exe,9/23/25,Jin Chen,134216E462B8FC279A7AF7382F45F3D3
018ac9202bc3ee6e8b61d48120d074cddfc0609a0ba5d5b9c53ec0bc63ec9ffa,1318b6b5ea07203d936e77d27941ccda,240242e0daf652bd40666a76e22a2bb267e437e0,1.exe,9/23/25,Jin Chen,134216E462B8FC279A7AF7382F45F3D3
8ecc87362751f867ea87cc7788c1d82c7fd55d494626679395ade876b9985448,0806e6ebe47727e44f50cb0950c41b1e,d0a0894522abc0ec2f0dd0b4846891e4e79d8f42,1.exe,9/23/25,Jin Chen,134216E462B8FC279A7AF7382F45F3D3
6e5af4b2e78761d19835a34683b1a4537be8b889a5a883d9b64763b1fd509835,308b999fa6fb8b3d1db035da58adff8f,e0915991fb237d06e8cecbd363c544cb10c61951,1.exe,9/23/25,Jin Chen,134216E462B8FC279A7AF7382F45F3D3
82c09bb6f721efa2a32d82586a7c3d567522e6439b18a5b753c7ffc52f78f35e,5eeb2f21dc3dae991e377a7f6c0934cf,26263c0dd50aa4fedd5dc3aaa56fe5de248ee667,1.exe,9/23/25,Jin Chen,134216E462B8FC279A7AF7382F45F3D3
757f9a69bf4db4d8f1122257efbb03cc39dc6797d655e470770a0a1747c523f5,7385711b7874222248f54b8fc5e29727,edacba261d1b8f6912ef192417cdc677dca08e13,1.exe,9/23/25,Jin Chen,134216E462B8FC279A7AF7382F45F3D3
a71f6ca1f8819c6d43df914a2d7c8fde193839ccffdb97ccbb53074e60627509,98106abdb6d901fa681fd4c6f11dd317,e5abb477179f208be7fedcbc307ffe332cb02c94,1.exe,9/23/25,Jin Chen,134216E462B8FC279A7AF7382F45F3D3
35811c3d92ca3d2fa0e9567b7c9d16d28071727ef1911946d4ef6ef01f5bf087,d7e95049a1ff27948b11b665d792ba41,2b51347d7e8bbeed8e14c057f87517aebb18a38a,SyncAssistant.exe,9/24/25,Keroro Software LLC,0A04CAF1BB3BC17A33C6E155EC4F5883
44cc49279f9e6ac92dfbbd00ce92922b53017b4212b2311a956eab9652ebd2ac,57dc677ba3abb4386b39cf277a7154d7,9143fe2504a37b2ba147279e8aa54f656e8c882a,ConsoleApplication1.exe,9/24/25,Jin Chen,134216E462B8FC279A7AF7382F45F3D3
035eeaccafa85907dc6bafc57791484f9eaa9bce1b6f0b164bdf721e67dc9626,3d9ca911e5fd57f737fca06a55dae801,b96ad42ed6b869f3a6590b6ddbdcfaa3d3ebb2c8,signed.exe,9/25/25,Keroro Software LLC,0A04CAF1BB3BC17A33C6E155EC4F5883
86ffc949f5e0a52734cd92879eb17b8e59f57374f21718e5652c9b94bc0bf5ac,2a0f2b69b4a2e453b7517ed00045a4fd,d180f2e99ba9279eac16d898c8989c41da693058,cgcore.exe,9/25/25,Keroro Software LLC,0A04CAF1BB3BC17A33C6E155EC4F5883
7700405f03471f0b83e1930c3374592d8a574e838d723792455c5f3a0a32831c,977a67d6f23da836bef397c6bf8a4325,85a01885f825323d28ff21f87553350af76a369e,VCore.exe,9/25/25,Keroro Software LLC,0A04CAF1BB3BC17A33C6E155EC4F5883
acb608d7afccc170259e499f711f2b7273c4edbc638c8b701cd3033a2eb6056b,6cd634e4316f2dcf79b0254077629c20,61b824b1f7dc277d9b406cd84a182304e752a8a7,browser_core.exe,9/25/25,Keroro Software LLC,0A04CAF1BB3BC17A33C6E155EC4F5883
bdd80ea24bedcc48d7df9a3e4c586b2d242c9d176c9cf4c3b26fd7d64f7eba8e,aa57b1c46989397d447db1f5cc5498c5,76cbb786630745342e45a956df7896994a4a27b4,browser_core.exe,9/25/25,Keroro Software LLC,0A04CAF1BB3BC17A33C6E155EC4F5883
f999aecdccffe254b96933f2e43afad765031899023afe09bf43f1ea114a826f,3f79033fd3c2ca79cd284f6f85da461c,0ff5a051d5fe18c07e3e1fd5ddb469095b3eea31,browser_core.exe,9/25/25,Keroro Software LLC,0A04CAF1BB3BC17A33C6E155EC4F5883
26135f87c4332364f940f3b11d10276c0e69f56b1dda550efa61cdf73b50b9c6,91ff973d6df5dcfa994e6a22154afb32,782f0abea2aa48f1324c238db54cb3e6940288c4,SyncAssistant.exe,9/25/25,Keroro Software LLC,0A04CAF1BB3BC17A33C6E155EC4F5883
c50845b6ce9063262a9aec5295928d419e9347f3dfe3372d6180a936e05ec0a8,5ce2f341d9f67e9fefabf5116665cbe4,20621b33558e25e570eef7e756c8a6e01187ef97,SyncAssistant.exe,9/25/25,Keroro Software LLC,0A04CAF1BB3BC17A33C6E155EC4F5883
1871ae98d35b421bcb2ce67de465bab6f76d933bfb27af20dc93be86b0cd6ad8,2843acffbb17662ea91c6a305eb3cf3c,0c6a87123fd08f96c09d40435a34952b0337009c,SyncAssistant.exe,9/25/25,Keroro Software LLC,0A04CAF1BB3BC17A33C6E155EC4F5883
85ca7d2868adc62a1ea91cadbe6bf5b5ed6b333fd853a54713ccd775a4bf5384,ea1cbdacc1f82be6c181e2882bb19165,4e5c3071928d7dee2a6e701b9f13f34462f02ab9,SyncAssistant.exe,9/25/25,Keroro Software LLC,0A04CAF1BB3BC17A33C6E155EC4F5883
eb87e46106552b5320d482aa672e84bb22f6837c8de00bcaa389d16961b82641,60f42362d068ad1b37e5c65f3fa8fb85,56efb0f27ac006073ad6bc44b22ce0a671d67d7e,Shortcut_MagicBox_1.0.0.20.exe,9/25/25,Keroro Software LLC,0A04CAF1BB3BC17A33C6E155EC4F5883
2b6a40213f33beea3d28e267f784a790b664e6fda0e6bcb7976747ff37d6e30f,801ff27ab6d3b3507479e20a502eafa8,2d71c19b10654098cf2bc010e6c728644b3f607f,Gpu Driver Update Tool.exe,9/25/25,山西荣升源科贸有限公司,0CBA02A32BEAB6BFAC34A7511A8B0E22
a6e2e21355e32991d6ed372df4cd8aa9c4211521717016c04e57c6449fc242e5,516af3909bbca5b46df03f144741ec90,ab076c1ae90a064f83bdb67005fe568318c13968,Gpu Driver Update Tool.exe,9/25/25,山西荣升源科贸有限公司,0CBA02A32BEAB6BFAC34A7511A8B0E22
06293ffbf5149f20a5291a54f8bafd377e55d8bf6a48c64a9ba9512ee1dbf704,e2bc7cd9bdd6abcc324a5b1529a01992,0646ff4f602d1f02c4a8059e65b62c40150d3949,Gpu Driver Update Tool.exe,9/25/25,山西荣升源科贸有限公司,0CBA02A32BEAB6BFAC34A7511A8B0E22
c0401c7ed28dd62441b6247714d339ee6f8581373025c8159380d27aaf5f9b66,8a347e35093bd818947559a112e4d13e,8f8b0cbdb38216a1d769b401970752348163bc9f,Gpu Driver Update Tool.exe,9/25/25,山西荣升源科贸有限公司,0CBA02A32BEAB6BFAC34A7511A8B0E22
e628178af2b0dcb9763bec2356befad42139b25b6fcac284b2d611b47516fbfe,727d68bda1a4e77d9af2d1a174a4169f,df76c2deff3376d31aaedb492bf9ca6cbfa3e4da,Gpu Driver Update Tool.exe,9/25/25,山西荣升源科贸有限公司,0CBA02A32BEAB6BFAC34A7511A8B0E22
ebefcc60d336fcd62915c3a31787661de5cc0251cd0b81dfd36ef91a7229c2f5,e88fb4dd2d2dd737dba98569a609dcaa,4b6bb7e6ba864c9c2bb17e37bdd918b4ca92c67e,Gpu Driver Update Tool.exe,9/25/25,山西荣升源科贸有限公司,0CBA02A32BEAB6BFAC34A7511A8B0E22
f48ad045ca188d019ef449a6c963340fe292b846db2766fb9f8d322630f05425,5060360ab1d3ca28533a2d6f4b81ac8d,b84f29db15cb8112cc2b09ee865bc0a456c5179a,cheano64.dll,9/25/25,"Hangzhou Saifan Technology Co., Ltd.",0DB8378E7C5F330A988848572F290434
1357518ae8838a4fca8ec5204c9fac1cbd558deeedfa8973fac8605bb4c04b44,80aa20d022f3515140c2541559b6b8a5,8fc3dc1f35634060b5773f4390bdd1f204342787,DPI.exe,9/26/25,山西荣升源科贸有限公司,04EB8615F356CF0F5BF4DBCD08238DA4
0cac752a06640bafe44fa998733d5a982a359c619c5a834f30bf893294775971,f1fc1bf8a8d7c0c9217171b3e52c990e,87af03ab6b5fdf6c2d2c73673c6bd27e3e73315c,browser_core.exe,9/26/25,Keroro Software LLC,0A04CAF1BB3BC17A33C6E155EC4F5883
7a57aa4f7e53c7024f1fdd5215f470bb36ac48bc067cfdc5784e8431a0fe611d,d3647f87fd3d0406ade81d9c7a57e47f,4ece51d64a34f12af584ac046f8c43b8f4c76c86,SyncAssistant.exe,9/26/25,Keroro Software LLC,0A04CAF1BB3BC17A33C6E155EC4F5883
bf434022ff72e44c0392e28b3c440fe78432f59539bd7994e0616b4e23459d0d,e7640cb5ac76166a73eaed58e12611d2,a4478198eb5f102c83c3b3d8666aae728275b99a,browser_core.exe,9/26/25,Keroro Software LLC,0A04CAF1BB3BC17A33C6E155EC4F5883
92832b7719378fb6ca32397b49ca6db874b35b1f98135a78f612b3b1fdd94cec,1744a1387b66950518f98eea3f491bf2,4d4661c80edf299237e2cbc864d63d9de742b81f,wmvert.dll,9/26/25,Jin Chen,134216E462B8FC279A7AF7382F45F3D3
505a3488a52c8b45d58685256326735c8e3195d039ce0598300e0413c34c040b,7d06f46703b28b0116a7c1269e7cc496,57dee4ea38ed4ef911e31e9af9884caf724e34f7,1.exe,9/26/25,Jin Chen,134216E462B8FC279A7AF7382F45F3D3
1cbe05a79dbbb496dadcdfee2cb6e9eab21872018d7cf6ae5a86ddbf1259018f,edc068759ef11543d4b01ff6e3ca4554,7a8e91b744cf2cd29a82d35c1681ca0a0997b716,1.exe,9/26/25,Jin Chen,134216E462B8FC279A7AF7382F45F3D3
e2c3a883535f5337158b71705e864e0939fabdb310451ea04a5d1ad90a32b8e8,ef2060bb52f7b95baa5c34dabb9c3c2d,eef64c1845e4800e14d9e8613cb552812e3cea0f,,9/26/25,Jin Chen,134216E462B8FC279A7AF7382F45F3D3
35619dcb1cdcf44286c9b262261c379ebec74a34fe1248e1ee58a63a1e7deab0,7b28c5bde89ffb423f080fc90f780995,9e0d720861fdd6bb352299e8bcf87c0df6f276ea,1.exe,9/26/25,Jin Chen,134216E462B8FC279A7AF7382F45F3D3
027465c905ae4a16a1d234f69da860f3aeb2d2020cb434a91bf9008a62e9ac3c,e214bb41872e7fcb333bea84e8bd09f2,f0e77edf32a4d960f747d2934bee427b4f436dce,1.exe,9/26/25,Jin Chen,134216E462B8FC279A7AF7382F45F3D3
107607e4547242f979b6b7bb4288924a86f85dc01c8a42c7af7562fa03377458,87b6260f0deae158cc62fbe2ff520cbc,549fe4ff99770b6ee97e3842dcbca900032e2fd0,1.exe,9/26/25,Jin Chen,134216E462B8FC279A7AF7382F45F3D3
a77392bcc83bd7bbe1a07aff1a2450a16454a5be2e0ea7af9536b39485410c35,06021b3e212e23966ee2adce2496e36f,41f60132c96f8e490b67840fd480ec3540b34f16,1.exe,9/26/25,Jin Chen,134216E462B8FC279A7AF7382F45F3D3
ebf5d0a006c475e6a7df808d31e3499180ca1f689f41b2b119039f4e84e50926,a753f550f24d50256f3e8f9eaba8bb7f,999d2745faa5764e5e7bec9737ab1871399585ea,1.exe,9/26/25,Jin Chen,134216E462B8FC279A7AF7382F45F3D3
f0410e348e7c88c472652f9e3fb7883b4d4764e08c3a9dc2265c8d487239a4fb,1535b109c6d21b6cfa9e7c6e7711ad4d,465078c90226cc76a480a1690d218a06ec051006,1.exe,9/26/25,Jin Chen,134216E462B8FC279A7AF7382F45F3D3
fe4708304bf4692583ae408f24de980710a6494e8338ed3be635de3d721c8e9b,17ea70ae07f34c135efb88ad6bcc26dd,81ab6a7e51d8dd45b14a3e78baed8352efc7e315,localfile~,9/26/25,Jin Chen,134216E462B8FC279A7AF7382F45F3D3
9f0ad7ca5528e79ed804a6388dd4a420a661de57af552773a7deb8685877dcb9,403c0957e5fd838737a52ea36a9c45bd,c102644aae1dce64ac4cf52de8f3ffc101e151d4,1.exe,9/26/25,Jin Chen,134216E462B8FC279A7AF7382F45F3D3
b3b6d81abf5220942bc08faed4dd5e4ff3d05557264478e890c87d5fbe03c78c,d378100757d84fade08d2ac118711dc8,c2b7887b2dcf2e9763284038acab1a5cece4734b,1.exe,9/26/25,Jin Chen,134216E462B8FC279A7AF7382F45F3D3
2b8b8b12098fc339f9d5b22b69834c2d6ff8090b9112c0d5c523716eaf812025,70b56d394107f987355934414e610663,8736169e7dfc1984acf02838f3d9322120820ed9,1.exe,9/26/25,Jin Chen,134216E462B8FC279A7AF7382F45F3D3
36479bcbed0d1144a12e18deb68dbdb869efdeb21ba8da2016465f77366d0d67,cfd36cdb8d64f585d4ba8a8ab46cc3b8,f6b2bf478d763a15a43a3a64c0fde3f1741a38a8,1.exe,9/26/25,Jin Chen,134216E462B8FC279A7AF7382F45F3D3
0639f04b2337eaeab1785bd4c2f3fa527af822b5018cc038f29ba691c3d8b96d,58422617fa88cf512607df5a7cde1248,7b5eff124d58528945dc9b74c92695805f37348d,1.exe,9/26/25,Jin Chen,134216E462B8FC279A7AF7382F45F3D3
5901664a8e81252f9fce307ba591d3a47360cf2f91f583e9e301bfeb0ab41686,06a00df831c2534f20fdd110fca687fe,5715b69f21307a4086f7bcbac7c9ec669bd407d3,Driver.sys,9/26/25,Jin Chen,134216E462B8FC279A7AF7382F45F3D3
c4960e1cd7e67dcc0a69ac45f8e7a873c69b05d1be03a7511818f8f2cdafb730,ffd89ac935f468cfc139b94d397828c6,9ed8015f7f9825de2cffdc17494fed06585325e8,1.exe,9/26/25,Jin Chen,134216E462B8FC279A7AF7382F45F3D3
cd1f2354fbbc268cd7d2b5fa4594539fff7c63e95559013cb2ea1508f73e3a19,df66222d6ef7e505a49fc2d6455f2de8,e5c8d683e4a27025e4571fa7316ea77643430f85,1.exe,9/26/25,Jin Chen,134216E462B8FC279A7AF7382F45F3D3
455623772090d29e3a50037eb1d99d1171e6ad2ce133bb485d608d0e8ea693ec,e14c7bfbb66fff5192a40d3ed1d5ed55,53906123253fe48d07fe9400dbded651b3cfb4c9,core.bin,9/27/25,Keroro Software LLC,0A04CAF1BB3BC17A33C6E155EC4F5883
c1fe2eef4acc2179ceb540f9a0aac64f26dea4f728412a307dca6251a2cf9872,3e3707630774dad6720e14f14bd29851,a03b0fff49062936f1d3036174fdf189b706215b,libcurl.dll,9/27/25,RichQuest Network Technology Ltd.,00E3CFD617A941C74853AC65890BB6C46A
5ed2436a6326fbff51dc84ce4f3852f0bd00b3fa5650a7c0773db6551093cb61,fdf888664e109f5ababea8f779f8340a,522a69d74fc3ec328eb315c24aa305c199a7f642,1.exe,9/27/25,Jin Chen,134216E462B8FC279A7AF7382F45F3D3
3c78db717f504b2b3960cd226d052d2a121dbdfaa705367ed72eb22bbd67e4f4,44984f3fc27e77c19eb57d7b91ef1f17,2b59636cdd076ba0c2cdeb3070bcce394053ab97,1.exe,9/27/25,Jin Chen,134216E462B8FC279A7AF7382F45F3D3
690646988fbec1c065d0a2804e1c7be27ac80a4bf092283ba4a0f31ad11adaa6,97887af7d13f118e9f93e341abd34674,c372ba0a490a60e6497d28c684f2ae6676380d5d,1.exe,9/27/25,Jin Chen,134216E462B8FC279A7AF7382F45F3D3
3dd96977e6e1aff71d3937dc28051c0aace12428ed2cbeaca6840769070fd837,f60532ba8fb5ea536787d8b5acf6faa7,8767252762199a0134f73d3798fbb09cbefdf1ef,1.exe,9/27/25,Jin Chen,134216E462B8FC279A7AF7382F45F3D3
3af58e42b524a00b387c6a0814217a3efc393686ad047dbe20bd9c1791aaa9f4,e3b851b57c823b76b969aa1a125ac168,6f65d6466244abd9c9e5e965f8261a7c4ed31fca,1.exe,9/27/25,Jin Chen,134216E462B8FC279A7AF7382F45F3D3
94a724b1f0fcab48e3b99168e80734af73ae17dfc5e38a25270cd0caa3b9278f,93845e9c8277d6806cdcaa5637da4a0a,55e2c60a19bc3248851f9d439310f760e667998d,IDAMEP.exe,9/28/25,Keroro Software LLC,0A04CAF1BB3BC17A33C6E155EC4F5883
6cfcbb0418c118634b30b99056626593f36616cf4e665d753d9e62638a482b97,94466497b5cbc6293cee270ebb675c2b,bbb6bb392a4a64049ee12889cd15aded49434c6c,AutoSet.exe,9/28/25,Keroro Software LLC,0A04CAF1BB3BC17A33C6E155EC4F5883
36d9f1261ece49a39c5c44de6d0d840490d02162350ab650cda8b0387d880e9d,589971d4019c95e9547f0a83d59df840,0dff21b13f37328ddea5b514a696763745a16029,Setup.exe,9/28/25,Keroro Software LLC,0A04CAF1BB3BC17A33C6E155EC4F5883
c2807d9b4a0de30cc5fdfd2de5944a3c1b85c26fb7069de110e8b487ca844920,49b1913479bcceb88474f9c8c2a58b81,c867d30dadb0d93ddd688226c3d8e31fc12b3d3c,1.exe,9/28/25,Jin Chen,134216E462B8FC279A7AF7382F45F3D3
d0831cef39d6bb4411edcfa06a7b345c00730b86ad9da9c6e44bd98984a4e175,c6def2e7d0f68f173cf217518c3ee4e6,e186ff0829d4dda6898aa5f657874493dd611a9b,1.exe,9/28/25,Jin Chen,134216E462B8FC279A7AF7382F45F3D3
55b3fb3e4b9772957182ef4d07127797b93f199fd0425baa2cebf1fddcb07a0c,9c7f8d7095b7a318a7326ccc3f71cc2b,3e0e6bdb3f11fbf5ce8668dcb2b734061e736482,browser_core.exe,9/29/25,Keroro Software LLC,0A04CAF1BB3BC17A33C6E155EC4F5883
984927eb9cd2b314c3bcd37b1d782d3940d253ae6ccf3e8fa338e8db693fa9e7,ae1b9883913d953c271e5f991dc39d2b,80973c3fcab76356509a46462bd522122c056122,SyncAssistant.exe,9/29/25,Keroro Software LLC,0A04CAF1BB3BC17A33C6E155EC4F5883
5678d020402e1f08880768f63e760ca09895c9f40d251f218d9a62e77ac23cab,b1e330219137e4ca2fe4775032bd933f,05520b5eee6c05fd6c6e5b8c75c3976c2f9ac521,1.exe,9/29/25,Jin Chen,134216E462B8FC279A7AF7382F45F3D3
2358fb37b5123e52ed2a719b090e54005d75836f8eb6a1dc0cc0de29ccf9d6f4,d1114b88c7cc29583a8c9308cfc900cc,a89e57047d9ac0215d288722e1b9dc8595b40c79,1.exe,9/29/25,Jin Chen,134216E462B8FC279A7AF7382F45F3D3
efbfb5d6abc3930f20cf560615c405eabb86e3e16ed4544107683cbf6a36ffcd,98695609a29dcfc3f05522039ec3d398,c93b6b2f64de307c141da20e06a58522047e0558,1.exe,9/29/25,Jin Chen,134216E462B8FC279A7AF7382F45F3D3
e31cf9104f7f2c2979d38b15365c30872d726a306f5e6dc170d8b40686d9317c,ede96fd9c5cf7ef2bdd1f60e6e0a8e2e,a5b6c5e283a61b28c9cdc9095f0f3956876041ff,1.exe,9/29/25,Jin Chen,134216E462B8FC279A7AF7382F45F3D3
7a046cbcb43d8a5abde89680a7befba355875caef0c0a3d33659ecff50dde093,811a2e7a80924d445686dfb1662c03f5,cdbd726826ff60589c87e690504ab525a09801bb,1.exe,9/29/25,Jin Chen,134216E462B8FC279A7AF7382F45F3D3
a3a1ff4227b44095501e1ef02a9365eabc6e01ec2a68ab7d2eb05168e8818b24,81522d666978d91092f061d2317f2022,6a7b78d8c42c11562e3c319a0fe98b6fc7494b97,1.exe,9/29/25,Jin Chen,134216E462B8FC279A7AF7382F45F3D3
52c524788e971a972d04945bee0f268e1216b7bc895256e02ea7171ebeab1390,a40ec79bc040600d8c261be1c1ede549,64b963540d67c05064cc4b3e15772046df76416f,123123.exe,9/29/25,Jin Chen,134216E462B8FC279A7AF7382F45F3D3
51e986c8e748c2d6afd0b014c46a49cb6ebe9d8951c06d31bde1c25ae7e3799e,72ff0f6d3ae9f2fa57c51c581e8f974f,5140fb9e268c24937e6c91d94178fdfbd0063931,1.exe,9/29/25,Jin Chen,134216E462B8FC279A7AF7382F45F3D3
1da90b1a52cc3607be55628345856c0eca94daafa3966a56a3393b9c96079502,c2be3edcfd43de2858e46957e262d465,f700a908e52945544a3665768aa2f5244327d0c2,Driver.sys,9/29/25,Jin Chen,134216E462B8FC279A7AF7382F45F3D3
1f4a1bb9140d5dcf02685ad6fc8fc962179bd2299ad2359b6acac1e64e1015b3,ad6442ba8a972c819f474485f7483ab1,04c6729a94db53190cb9ea17c86f685adb6703a0,SurfAi.dll,9/30/25,"Gucheng County Sili Technology Co., Ltd.",009D8810BFF34A30460ABF1E5410324DA8
668ab95316cd019121298a333705b2b3ce061c5421fb520b265f144dd52b9157,cef33b66ff3dc1ecaa764d759fab9f9d,77a34436624b4c0e0892219e6db44c2cb6ee3c09,Iime.exe,9/30/25,Keroro Software LLC,0A04CAF1BB3BC17A33C6E155EC4F5883
2f0f1854bf6ffe8b872639e21eafc532362b236c9aa725b264191735cb8f7c31,d30e36bb5c0b669dfbb0624a3f400f69,0e41234f408df6e754ee5b3aa7f5da282b5988a7,kuai_desktop_1.0.21_x64.exe,9/30/25,Keroro Software LLC,0A04CAF1BB3BC17A33C6E155EC4F5883
3cf679284b6afaa3a41f0987a2a6f3466a0a427a34e7534194523ce5e8b00aaf,feb6edf6daf811e21880dbb3cf17b87c,eb7cf34034e25a7e2a6a5e6f8a5e1e5db274839b,Iime.exe,9/30/25,Keroro Software LLC,0A04CAF1BB3BC17A33C6E155EC4F5883
2356bf57d6f7dd98ae3713389da7f5082b6a4b8048b925857cd60d9e810a721b,a0e99c6003e4033d3c576143f32adb64,77efc7420e4b504cb61af6c8036a5c9c4d061f84,jpai/jpai.exe,9/30/25,Keroro Software LLC,0A04CAF1BB3BC17A33C6E155EC4F5883
43799e4c5d703a3ff6676bcccbd9792ad7e96e36385a61f9d3ca26afec4f7509,400a5de10609fa81306e42bdcb5c9799,b60c3f090effe4bb0d453013c2ea51158c028047,400a5de10609fa81306e42bdcb5c9799_EasyModbusToOPC%20Setup.msi,9/30/25,Keroro Software LLC,0A04CAF1BB3BC17A33C6E155EC4F5883
4cc62191fa5b16bb419852ccdac71acd7a8199e40301f7a060753c2725a12f80,7c0de6cc0c2afffdcd4b5c0d03cea0cd,4c4ecaa1ed54923d343019c02c352eb63f30b1b4,DayZCN Launcher.exe,9/30/25,Keroro Software LLC,0A04CAF1BB3BC17A33C6E155EC4F5883
05baf59631f879babbbd10b846d7bc8446559b300d30dcea9f1bdeb4b786df02,bdb558e090f15d4812bd761f3b2e030f,2610e5b9ef1776c35d6a05e8d30a52b6aba68526,REFOX-3.82.exe,9/30/25,Keroro Software LLC,0A04CAF1BB3BC17A33C6E155EC4F5883
aa148d57603c5290423ce65dc3e7381eff56191b72b0ec63b88bf1c5f3f00717,10ba7e9502468852a0c3bc568f451489,ad852c322849a2a0e063ef079872b5ab3ec8aebd,10ba7e9502468852a0c3bc568f451489_EasyOPC.Server.Setup.msi,9/30/25,Keroro Software LLC,0A04CAF1BB3BC17A33C6E155EC4F5883
034b09bc94ee88b79fe5ee6faa0b0b2c9bad46944f2a4b3f002cf02c4a2ca35d,2a44f84b02ceece622735a23ae79454e,aa88e7c72d6439b27a3766bd7f01ae877ca1756f,1.exe,9/30/25,Jin Chen,134216E462B8FC279A7AF7382F45F3D3
e2915e83c5885e146f6753d26b67b239e62ccf80fce3ad2b3a538842356aa0a3,6b6954d282e834fa6a7b13785a63df07,af6e2b0e44e772127715f3d9994bc6ca00e30576,Driver.sys,9/30/25,Jin Chen,134216E462B8FC279A7AF7382F45F3D3
3d35f45506963277043277028166bd8bec686db8b2dee0f77e36fa759568fb56,cd1d29db278b2724a335f9d330a3dfbf,31e177bacfa7cc48347c5e12886e854c283bcfea,1.vmp.exe,9/30/25,Jin Chen,134216E462B8FC279A7AF7382F45F3D3
ed670819503a05398a6076508943d2d7e09723927130717b3f80cf2d9135691f,01fe70ce9ab60e84aebdb4177ecc2bbc,357a352b7b88790fe3a1199c296f613a54c6eb59,1.exe,9/30/25,Jin Chen,134216E462B8FC279A7AF7382F45F3D3
8cf0456a985797432f20e95337570356cdfc4cf73de4c202505e2347d600428e,65fcbd79eb71ba2a60727b8cf8ecbeba,094abf93e7287655ca548675e6663c26b7ec5def,1.exe,9/30/25,Jin Chen,134216E462B8FC279A7AF7382F45F3D3
90f5b62918d2039a6aef5df60bca963bf9be82c60faa722a22c30adc0bd540b3,994094ff823cf9b476da9f131caad594,99162927afcc17d778da24c3db241e229b19b801,Driver.sys,9/30/25,Jin Chen,134216E462B8FC279A7AF7382F45F3D3
26507642b97c3ab08e183f4e0de52dcb7fce809b5591bea3bb715cbf90f5ebb4,7b3391567be4a687a8905841a65d32db,3cfd2b759406efd13b2b12fc9fb4f2be0db4d2e5,1.exe,10/1/25,山西荣升源科贸有限公司,04EB8615F356CF0F5BF4DBCD08238DA4
989589f4fbe239728e31f8f54444a3315b1fc2aed1ad3c09e88adf09f994d499,7e29efa1fcba905a9f37b2741d267048,56ea6d847c27112eb5633121aa3305d5f9e28d4e,1.exe,10/1/25,Jin Chen,134216E462B8FC279A7AF7382F45F3D3
040ca6cea31e6fecba3d8e4f7b41917c26521fddcb56555fcb4ffdf3b6e65dca,db785cc8c868dd14080f0a8e62ce43f5,26627b174a48cd7f6aa07fca65eed7b0acaea55a,1.exe,10/1/25,Jin Chen,134216E462B8FC279A7AF7382F45F3D3
c22f76c78a6c0c1aa8df56a2b6b1388662552ceddc35e6bc901f13c8de2e102e,c46d3ac58aefb713ff3e33f6d2904ba3,6e9d5d042a2dd735a42925356d562ee86fa50f2b,1.exe,10/1/25,Jin Chen,134216E462B8FC279A7AF7382F45F3D3
a776abd33061f98fe17ecaca5cdcf7d168627be0ac0ed36459b8fa3a272eb920,24120ea6a1eafc467edae590a1ae4158,3a41a03d550c552e85fb9451afd5de1c9a5dc49d,Driver.sys,10/1/25,Jin Chen,134216E462B8FC279A7AF7382F45F3D3
d4b323c06ed57e99016411f0fb1ff66f3c20141c253ef46c4035281118c412a4,19bfd460e653d2cdec9c372c6623188e,b9164c22875f1004f95d984465fc4c393798b305,WeChat.dll,10/2/25,"Gucheng County Sili Technology Co., Ltd.",009D8810BFF34A30460ABF1E5410324DA8
563166d9c51ce20429774d1bcc1fbdee1c0ed5bdbfd0db452c27ee9fa33431be,1b804d552643c18ad34975fc23470ae7,af12e8725cb0541f420787df1d359ef9e3b15977,TypeD_default_Installer.dll,10/2/25,"Gucheng County Sili Technology Co., Ltd.",009D8810BFF34A30460ABF1E5410324DA8
6124e78d92613ad11939533a2bab26b1b543cbda31bbc06ae03482ffaaec478a,7c1e1b8d949e54ea5455d321c5f17ecf,1fd0eb71b2cdaa94818a98cd72e18f58555080ef,VanitasLauncher.exe,10/2/25,山西荣升源科贸有限公司,04EB8615F356CF0F5BF4DBCD08238DA4
f3d860b70e5d45b1072e194914b835af7691a6705bb55cd284d3a6f06b2e85f4,87109eed38f072592ece9264d917d951,6fcddbd3b880f39fc56db52477ab09602479939f,ArcNova.exe,10/3/25,Keroro Software LLC,0A04CAF1BB3BC17A33C6E155EC4F5883
35c05adcaa7f94e9c5536029f9716c6ece560304cb2d4c47882686ef9d502c9f,302adebf0e5dd72a1b3d09050f8893bd,37f01593fdb61e9ec062779dd0dc29f2a8cec55b,302adebf0e5dd72a1b3d09050f8893bd_%E7%A0%81%E5%8A%A8ScadaToApi.Setup.msi,10/3/25,Keroro Software LLC,0A04CAF1BB3BC17A33C6E155EC4F5883
e171655ed84eb42089c36a16e0b220d0de04a5a7a559406ab4275d4b57b72e08,f4e3d281f4ef9575437ac6d84f819e72,3451b61db255dabab0c3898e814450879409edbb,D:\ECloudESports2\ESports.exe,10/3/25,Keroro Software LLC,0A04CAF1BB3BC17A33C6E155EC4F5883
0d8c0596eeeb0d7e2914110fa35e8924d52b744b1907d750752567c152a1e049,b58eea3ae44e0d710880ec487f6138ec,af6ad45af97d5b0f90bc9d7555bbc49a97671a5b,opai_launcher.exe,10/4/25,Keroro Software LLC,0A04CAF1BB3BC17A33C6E155EC4F5883
eb9485185bb5365b12aba24cce21abcf5f129f7722ddcf36099486fbf7b2493e,c2af524b95663a613eff6f8ea0e8588b,ee3f1d7ed713410d15327161b40f8d5ba9653a85,1.exe,10/4/25,Jin Chen,134216E462B8FC279A7AF7382F45F3D3
a7ebd7ca2032ea5cbb8a07600daeee7bcd6274909cea6213b83827ef08bb79a7,66029b1f3240a3feb4cec6d7f5e7083d,bd87935c85524a96c77ba7a7fc8f8028cf2504fa,Driver.sys,10/4/25,Jin Chen,134216E462B8FC279A7AF7382F45F3D3
0c0e951d368e4b6aef7fd431549af76e802291da027ccd4eb1b26ec3914ba470,346ca0ef7c0903c90514a6ae3fb1d8a8,8bb05400b2841896e5d817d411c499c2c143dc0c,test.sys,10/4/25,Jin Chen,134216E462B8FC279A7AF7382F45F3D3
0e7b009e9575f2d39a8c34934e21eadd1bf4b1b5c65d9ca01b11b978c4af6697,a0c03ee51d3f31ecef84e3d3d1084fa1,28353889a84030760cbcbf774ea5f21422769d7d,die.exe,10/5/25,SZVERES MARKETING SRL,61B6B482F4D2937533E8A07B
2ab8de2ed27b426384a15f8184a35b57ae0ddd97994f82d2394eaa3bbfe04e8a,5534188cbf0b0de078fbb7fbd2a134ac,bead91a9e30f71f56d9771a33ba09a7d3bc80c98,Setup_App.exe,10/5/25,Keroro Software LLC,0A04CAF1BB3BC17A33C6E155EC4F5883
5dcc674e2daf7c781689a0084cfd99c06aa0bdfbdccb56d09d33e3a903832a81,4406995ae4e4504342ab44589d11af84,4ddba1dd05c0520a8fa873cf82aec4bff206044c,CertificateSelector.exe,10/5/25,Keroro Software LLC,0A04CAF1BB3BC17A33C6E155EC4F5883
c90e7aef953f38254380cdbd5653b086ccaa02c6b3c027c908b63e13d3eef2bf,a329c4d658a325c96ab21b1d0038d43f,c314c0fe2e9d8b681053dc2a1f8d325da4c88a44,,10/6/25,Keroro Software LLC,0A04CAF1BB3BC17A33C6E155EC4F5883
388e1149a9610cdfd97199f9c482a75d3ad1467323345fd786686631af0e9b8c,e864e72579c20f8aa100c9bf329f4f79,041858af189bd2122ea4dcd2df6b762ee86cbf6a,SetupPortierVision_5.3.2.exe,10/7/25,Portier Global Pty Ltd,4824B75744F606DCEEF3A06D638FFDA2
e9efbb756f978f8811b838c8630f0c3bdd622e950463a62dbcabcf8d355fdffe,37da7b0c55808abd0f7fa2405c9e4982,dee649ee88fe0dbf2f956bc8daf319d1f86e5634,portierVisionCompanion.exe,10/7/25,Portier Global Pty Ltd,4824B75744F606DCEEF3A06D638FFDA2
88f354f3254ac4d350c17cac25c5b48367baac186aa74a6e26e21b31568fbb36,6c3d71fec8dd0d7c5f1aa98b6eb30937,662ea519175c20d31c52fd5ab53a5befc247cf25,portierAgent.exe,10/7/25,Portier Global Pty Ltd,4824B75744F606DCEEF3A06D638FFDA2
3df030059c665ecd949c80beda85faae7d068273fdceb31aed5b63dd013072ab,37a2cbe1bc3013ee3d72b4d79262f3b7,14607b35ccbbb242bb266f2cb06c6b314e9e86b9,PortierVision.exe,10/7/25,Portier Global Pty Ltd,4824B75744F606DCEEF3A06D638FFDA2
227cdcffcd5c2c2b83a1c4db29c2a319e9908b2042e2c936d609876efa1b01df,2c7c7473cc547df214cb70eb8c29911d,675faabb9246c0bc9a37b5925c60cb76ff899fc5,PortierVision_PDI.exe,10/7/25,Portier Global Pty Ltd,4824B75744F606DCEEF3A06D638FFDA2
ae8b0470abadf9acac93a1aa843fa560d47f98c038ec30f99e65792c8c8cd8b9,c621872c10b93d94e4209c0dd2263c19,f620ce7760514b6867e74e9b9d9a5a8ea7021e1b,1.exe,10/7/25,Jin Chen,134216E462B8FC279A7AF7382F45F3D3
b8e6292ba9816d37c9be3434360d9b3f326d7b7b876492de6509a4625675e4c6,9c77846e075bad99924228586753d619,8a6e11f14e29b28e2bf71748c5dbc305403401ae,wmvert.dll,10/7/25,Jin Chen,134216E462B8FC279A7AF7382F45F3D3
707dad19312722f47241f0c6b294b5c786aa7252d51c1e7dda81ee0a330c5cbb,a85f1695cfa80c2b3a46c035da0fe880,1b9d3270056eaf58540d38890a6e10c37be10371,1.exe,10/7/25,Jin Chen,134216E462B8FC279A7AF7382F45F3D3
401d5f5b7fe34be3a3c539cac7ae1445f736bd6294800255521d711c9e940cc3,22fbf38d8c9cef0228a9a1c1ff0cac00,9e8b336e688f68ba4650b3e0f7f90377dce6a7b9,Driver.sys,10/7/25,Jin Chen,134216E462B8FC279A7AF7382F45F3D3
2b83d0526f0c3a85781c47be4b928bea52794bf263c0017e2464b4b73b9c3d69,218f3369d30c4f630f5456bc3b562140,863adbf8a3e8ad02631584242daedc2e2cfbd1e1,wmvert.dll,10/7/25,Jin Chen,134216E462B8FC279A7AF7382F45F3D3
34683f790068b21562f645c75d074112b320ac0b56e27f68b5d537e34f6f5c6b,6d95afb1c05e094778570d0660f043aa,4b47e296f0b8d5b932935be785d50f5a41997e22,1.exe,10/7/25,Jin Chen,134216E462B8FC279A7AF7382F45F3D3
c58b479d4e4d730f41f7b95dc81478767d80b4da0e2e391a16459a160b15a10a,931289d5b4f20cfe78600aee198ae3b2,0a66b90c09263da79db22e459f44769c52b705c8,Driver.sys,10/7/25,Jin Chen,134216E462B8FC279A7AF7382F45F3D3
22eb69171f1a270cbd476962e7c0dbe7d8b1b561b1c9849aca181f45441635aa,eed599edc67c98cf3dd3cfb048a05da2,8586aee9e4ce042cbe44286d1bc8832a330235d4,SendTemp.exe,10/8/25,Keroro Software LLC,0A04CAF1BB3BC17A33C6E155EC4F5883
03ad4411047539dfada26c3581c5a7d75111b2336292ad73a68a1e1cbcd53fe8,4ec04ae7228c548200543a2555a9e327,2b0c1371d223d012acc3d2e92d10fc502d463799,CPU Server.exe,10/8/25,Keroro Software LLC,0A04CAF1BB3BC17A33C6E155EC4F5883
3807748002d28792ce7cb2938eeaf080ad8039836cdad3343417971a94e4e771,d82ca6c93acf3f0b4660c78545be0be3,b866c7a624e8d021a4fa6ea38daed39f1aeb4e0f,RAMSPDToolkit-NDD.dll,10/8/25,Keroro Software LLC,0A04CAF1BB3BC17A33C6E155EC4F5883
1b3df4f8e9156984f6eb5765c4c7c72eba300579e76413893eae401cc75871ca,ff263d5058c45609f6b9db1a7d56dac8,38a034b300f608e3569b65dc4d408c4cfcf94cde,OxyPlot.dll,10/8/25,Keroro Software LLC,0A04CAF1BB3BC17A33C6E155EC4F5883
07b5c1995eabdb561a939abaa71ad9c5481f8a9767d1a681d56db7ea71290dfd,a0993fdf34a6dbeb4693c8336ae3d11e,a1df823521812db1d2028ba730fde32288cb3268,Newtonsoft.Json.dll,10/8/25,Keroro Software LLC,0A04CAF1BB3BC17A33C6E155EC4F5883
302a5ca57c8583f7650c55fd80de1391a427929a3d3276fa379ecf6a11691b9e,32cd66aaa9ec708b459dad82c7d23d38,4d2a0bfc56182a720fa8744b8595050e45ef1e58,LibreHardwareMonitorLib.dll,10/8/25,Keroro Software LLC,0A04CAF1BB3BC17A33C6E155EC4F5883
d184e62e657da7d4996b221bc6b393a922afed1fe081b7b0b83e40f41f752bbc,2c929393f2e6eca47666f1f1b13bf152,3c35941727a481aba108f15e1292a6ab3470b33d,HidSharp.dll,10/8/25,Keroro Software LLC,0A04CAF1BB3BC17A33C6E155EC4F5883
a8fae2452576939e779b68cf116aa8d55c11b0cf95fceaa053296ead256ae774,e7dc84317e142dc2fe50a1186b455805,cd7695b5da3d767b0f50bf3b2c6ba25b741e6e94,Aga.Controls.dll,10/8/25,Keroro Software LLC,0A04CAF1BB3BC17A33C6E155EC4F5883
a687e5ad81de61d73c6aa1fb7b4743aaad66bb7543f445d0a77a4c64b5b262c7,5e66eed654c2333f2957a86b381f7652,19e9f630934c209b7fd93144ddbba8fa9f766228,D:\desktop\TopTop??????.exe,10/8/25,Keroro Software LLC,0A04CAF1BB3BC17A33C6E155EC4F5883
e0b0adc34278cd909e9e61f21a484eda9c6c2521736ad63e55a7b7b503f7c93b,835aeec3073851a06aea580e102fcd62,3ec78f11e11c7b0e37f8361f9e4239110594ab61,SyncAssistant.exe,10/8/25,Keroro Software LLC,0A04CAF1BB3BC17A33C6E155EC4F5883
9259a2a547566ede251ae408db3b0b43683e6efb2995eb42d4ccb05cdf79cbfd,8369ff338a315641a675fe34aa8e2eb3,d9efe2c70aef692e464fee3dd5e8299c56c1ff47,browser_core.exe,10/8/25,Keroro Software LLC,0A04CAF1BB3BC17A33C6E155EC4F5883
63cf3c57b7ee4a0ec6b4060effea094fec75916db4c5eec5af13270f6f97ffd9,bdc3f75fd8d3cf2a17f6d987e083db84,eb39edda54f120c163d9b20733e2f1a192efbd99,CPU COOLER V4.0.exe,10/8/25,Keroro Software LLC,0A04CAF1BB3BC17A33C6E155EC4F5883
40414d71546a005e0533ba273649d0d28387355a68759ccae90f9e07a7d311ab,f46e0185cb895fbbd7fc8fca06762696,62d7669a4d2b81fbbc214ebd7ce3ccef26fde617,C:\Users\user\AppData\Local\Temp\ae3fgmh2.3rd\letsvpn-latest.exe,10/8/25,RichQuest Network Technology Ltd.,00E3CFD617A941C74853AC65890BB6C46A
8ef8c7832a2a15d176967210b1cff7e0bf5b7b8e4cf0663626b5f020a3fc4cf7,ab0182190b83a8fab99746290b3ae4e3,0657cc63e5a3bee312c127ad71f5b943760cb3a0,Upgrade_SetupPortierVision_5.3.2.exe,10/8/25,Portier Global Pty Ltd,4824B75744F606DCEEF3A06D638FFDA2
2f6f51293cc268f8bc635e5ee990311cd03c77645de3d1f7c67e224f7ea59fcf,4aeafba9fc45e7c51cc87a5dfe30dd91,a4a097df54a05a43e03aaf6946c0588a206b1926,C:\Windows\cx4g4w0fx.exe,10/9/25,"Eugene Investment & Securities Co.,Ltd",0497D45997C350D2867A7764017C3F3F
9039f909b5d6ed4f753b1c758770a90c81224b3645795bca21e89dfd2a202d58,5d48a6c7824aa3fdc984c9d03b70eaed,cbe613c7b4185b5fce969711c3d2abfd79451ef6,haiwang.exe,10/9/25,Keroro Software LLC,0A04CAF1BB3BC17A33C6E155EC4F5883
8a94568f89477c33eba97ad6ca92a4d53d8f977fc75209a3da835554f60488ea,cffa355081bf5794e3b89c6d85e687e3,0afb21e10bcb29828962c18eb33d2452536861cc,/home/petik/ss/malware/2025-10-09_cffa355081bf5794e3b89c6d85e687e3_amadey_cobalt-strike_darkgate_elex_gazer_helldown_hellokitty_luca-stealer_lynx_njrat,10/9/25,"Open Source Developer, Hao Chen",0582253D22D291481B75770C1556C56F
fd0a4d19b212ffc0745200dcfd2c6b6612108a31e63529064df9a46b0bf24367,2d491f4c7722bee883461792b8ff4b4f,69b44fbc232fe0a7aa98bf21576c2d762a2b2894,browser_core.exe,10/10/25,Keroro Software LLC,0A04CAF1BB3BC17A33C6E155EC4F5883
4f674703b644a898f6443d3e3c8e36d832a0767f657be5a83ceab9834c9675a9,a15f98183ac7ab55564c76913715b696,53fedd03655748b32e42ea276cc3ff2659e22057,browser_core.exe,10/10/25,Keroro Software LLC,0A04CAF1BB3BC17A33C6E155EC4F5883
d222610b598612f61aaf93a018c18b36f520d58769741edf903d987a5f980ffa,240d56e2e39233c068cf751293356362,cda32955c0532ea424fa4c5c2b676d5d04582c50,browser_core.exe,10/10/25,Keroro Software LLC,0A04CAF1BB3BC17A33C6E155EC4F5883
17fa4532bc7885cd9aa4ac0a4f40c0c4bb859ecf9372cf2d865006ca3daa321b,be33b5c184bcb4c5b638caee07256460,3e6269dee9c1440c0aec10a5bd1bc9e1e33ad5c4,browser_core.exe,10/10/25,Keroro Software LLC,0A04CAF1BB3BC17A33C6E155EC4F5883
09e51a37ae3d1d58d772e2b33f11d0ae99c91d269b725ee294314f888146136a,bdc3bd9516748ea323025cd98c9f73dd,10654385de00c00a80212b8c45b906300afa68eb,letsvpn-latest.exe,10/11/25,RichQuest Network Technology Ltd.,00E3CFD617A941C74853AC65890BB6C46A
4bb853f8cb04a2b6bf90cae9a7038d4ed1342a077c35b49b8839414b30af5ce5,ff91a1efb70386586b53a45b9ee0b3c8,aa69ea4dd40ad3f5497671534ff1504824f49287,Driver.sys,10/11/25,Jin Chen,134216E462B8FC279A7AF7382F45F3D3
3ffb08f46fede11541bf91fda4567a14837ff7343fc5e688f4b9340eeaf18156,56ccaea8e9f924d950c5a28492555cf6,1141bca9da474bba90c089e4c278ae547b1c5cae,Driver.sys,10/11/25,Jin Chen,134216E462B8FC279A7AF7382F45F3D3
414fd82eb268f6e7a8fb6c0a7a8afa4a714bbab26a4a8ad6af6f749efa8c118b,0312b087726e1036ae6b92034c6169b2,a0343a378b7df438acd84fd89d34736932e39a6a,WarcraftMonitor.dll,10/12/25,Keroro Software LLC,0A04CAF1BB3BC17A33C6E155EC4F5883
0e007549f5db9acc92a3ebe325dd7d9d4109ee1e827eca7a5cd7abf2e9ea088b,c1c619663bea7b74586ef3abeb855a08,7b2fb2bb6934dba4eb8b15322c089dd477b4d25d,member.dll,10/12/25,Keroro Software LLC,0A04CAF1BB3BC17A33C6E155EC4F5883
665265571728e2781c1471eb40f9ddb48810ad1be11af7806c6c39d7321ae482,dae7ff9313a80b9ccf24104f53ebccba,fc22f1a7a410c7c5f9bde8965b38c20900bc93bc,memberfliter.exe,10/12/25,Keroro Software LLC,0A04CAF1BB3BC17A33C6E155EC4F5883
cb6f5c5d886aea529f45e0d704514330aacf0ffd16608e170ccae746d7aff1cb,fe976798a7a1bb742308092d3ec72c45,92322e6e06d3be861c5f40375a68e6f0a6fdcfb8,LantwGameClient.dll,10/12/25,Keroro Software LLC,0A04CAF1BB3BC17A33C6E155EC4F5883
86f7bc1121e8a73997c492dc2c3768d42814c084a53c8b2490bdc1f6645e8be6,b459771e7fa230bb135482a78a40960d,cfb4e25e63cea021291b4b6fdd131dc1d0946520,Driver.sys,10/12/25,Jin Chen,134216E462B8FC279A7AF7382F45F3D3
bdbcbc88b3a2610556c476b9aed28ecc47fea3ba0e3a599286da63e462872a0a,5626e8e4f8bc2723afff06adbaa62aa2,6588257b2a727fa5f94b44dd166b6f4bde49656d,1.exe,10/12/25,Jin Chen,134216E462B8FC279A7AF7382F45F3D3
8582aac9d963236648f4db7f80766229c66f3d89450e4b9dcf4774b0c67d1dee,1540986eb0608a17ece6102e4a7111cd,508bb10d9bea755c4b678b20e0c82f3c68b63157,wmvert.dll,10/12/25,Jin Chen,134216E462B8FC279A7AF7382F45F3D3
f9959a79b72785725d696b6e47553031b5782827f9c02ce08a293cdda92bb92d,9efd8e40870689acfbcece45200bb52e,fa807903d25050b0d0ad4020520a44e8e0309f2e,1.exe,10/12/25,Jin Chen,134216E462B8FC279A7AF7382F45F3D3
339c53cfbbe964f7db091bab415213201e1eb6b7d4a60779c04665b6ebf5e506,1ba98e1e076515563ba722a6f9988bd4,b671f5794dce4073630842d350512ce6aa8ccd01,SyncAssistant.exe,10/13/25,Keroro Software LLC,0A04CAF1BB3BC17A33C6E155EC4F5883
364c758fb1adb408f8c906819d43638295494ddfe1316bdb507294917c1047ce,da57e8c0e2650d325be602fa3e9fda35,fda886df6f7b30ee5c5c319831aaff99f97bac15,da57e8c0e2650d325be602fa3e9fda35_%E7%A0%81%E5%8A%A8UA%E5%AE%A2%E6%88%B7%E7%AB%AF.Setup.msi,10/13/25,Keroro Software LLC,0A04CAF1BB3BC17A33C6E155EC4F5883
a0b0616310a07024f432506a70b0f312a40bad26cedc79011eef82385c49cbd6,04c89db14e92935eb3ff28d013e034f2,75808239d69cc7afd11b11d296d63dab9738798b,TASLoginBase.dll,10/13/25,Jin Chen,134216E462B8FC279A7AF7382F45F3D3
98328befa75c41b20bf9dd82ce85ce5af941f20aac38f711717157e37c63d696,a2d846699a96424dd260e67cb054ed3b,ca0d2227c1e929a6c7ffceaf74253ee0e751efba,1.exe,10/13/25,Jin Chen,134216E462B8FC279A7AF7382F45F3D3
0f2bd916b33ecfe81cd67837d91661923ee1362ee72fcff35ace92c6f5a8885d,d6931b261d4ef6d343faa5674bcd19c5,0d50b97b2c8c23c28c5bd9b4ea3b4b93ca3a1d68,connect.exe,10/14/25,Keroro Software LLC,0A04CAF1BB3BC17A33C6E155EC4F5883
5423f57898d645d61539af2c0b64cc340bb81a672bcb6d8da9efb37a4328b89c,38bf5a40b84947412a1488a116d81fc7,f6e159b0fb765d5277bdf8704e5a9f96a70f0a6d,JarveePro2.5-Installer.exe,10/14/25,Keroro Software LLC,0A04CAF1BB3BC17A33C6E155EC4F5883
7597d0af2973053b79c49b50d30705ec2b6254cbfb5eb2758d327ecc4db1fb10,835dff18942b1d4b93b7128271984ddc,ecd28b3f0545772f92b29bf13ceb119d218840e3,LantwLauncher.dll,10/14/25,Keroro Software LLC,0A04CAF1BB3BC17A33C6E155EC4F5883
db11611e930e6cdb9c4b6d1e985804f2db0ac76c2366becbc83b14730269ce7a,b241f0962ec1bb827b29b805a449a1c0,90b54587d72f1bb2277cbc9f132884218771bc20,opai_launcher.exe,10/14/25,Keroro Software LLC,0A04CAF1BB3BC17A33C6E155EC4F5883
cb3288352ca684ae94bb8b9ab8ca4d3d200c924958783fda98654b624d5bc42f,d426e8de53b5faef4aa0086043ac84f3,c2c80b74ec2fa1e9c5c2886b52109293c17e7eed,cgcore.exe,10/14/25,Keroro Software LLC,0A04CAF1BB3BC17A33C6E155EC4F5883
7ab5dee372a5fd806061464f15a20062b698f038c174deeca6791dda64e8282c,d5c3b6840ca394b62f96f167c6129093,aafe8797938b30237298e08e272c711bdbbdf7cb,VCore.exe,10/14/25,Keroro Software LLC,0A04CAF1BB3BC17A33C6E155EC4F5883
f1d758a5e696c2062eacf9d6d5cd80f49872b41b9b12af9dbbe31e532f17e519,87e6ef9c4e8ea24a43f853b198ca58d8,165d10c80fd6b8c3d99a766141443ce361548256,cgcore.exe,10/14/25,Keroro Software LLC,0A04CAF1BB3BC17A33C6E155EC4F5883
d8130c0cfceb619cba12138b214697714955010d2890e1875e071d7186e4b51a,8e4fc19c1e59a06a5bba8db5822b59ba,81e3bf01b5e3f4c72f59fc253689499a54e2673c,Setup.exe,10/14/25,Keroro Software LLC,0A04CAF1BB3BC17A33C6E155EC4F5883
12a3e7e6a14ff976877925da6fb983816a72f07f127f16a82f62ec3b92ae8782,4a4fe71b30c8e394cac8569af1db46e5,0cc13dc8b94469b1b93816c05d4b3b1c2cf08f2b,QQHong_4a4fe71b30c8e394cac8569af1db46e5,10/14/25,DONGQI TRADE LIMITED,0B88E4D595E84A1C9D96733EF7DE5546
3f762618062d05ebdafca1b484173e395299975d7969dac5bdba20ff8f5adacd,57d07f4f8381830912abe7b56291c63d,f60b6a269de95f286d4d4fc1ae5f8d9888f07819,TASLoginBase.dll,10/14/25,Jin Chen,134216E462B8FC279A7AF7382F45F3D3
beb2b0155fad5a4b87713590abe62fcc363922e74e431bdccbb815f401675884,99a2da52b22e4e1cc0d8e9ef34cdf09a,4a330e53b7a8ee0082b3a497965d81565fdcefce,Driver.sys,10/14/25,Jin Chen,134216E462B8FC279A7AF7382F45F3D3
74f927e8c6c219fecd5eb79f4b1d5caae2bf388d77ef16fd03cc10ec3dfbc3e1,a3e29f40433604446752dfc5f17f75c5,b8bfb0ec456fb5635512c91867d5fd51432ab696,MSTeamsSetup.dll,10/15/25,"Gucheng County Sili Technology Co., Ltd.",009D8810BFF34A30460ABF1E5410324DA8
3b04644dda56b1769808361bdad1e15698f943eb295de973078cdf5f30f0b06d,7e33a0c47f2182bff3766022caaf3c7f,f96ef436493210f576337669091b2697377cdc78,WeChat.dll,10/15/25,"Gucheng County Sili Technology Co., Ltd.",009D8810BFF34A30460ABF1E5410324DA8
b19e74ec80936640323f905c67bc8cd567a09cdbedc4881b77a8d29cd69b4096,e1b0648192b1a100f0a87d419aa68341,672cb249b5f1e3ea0a4bbd6f0df61fd390d90fc1,ZoomInstallerFull.dll,10/15/25,"Gucheng County Sili Technology Co., Ltd.",009D8810BFF34A30460ABF1E5410324DA8
3e39839c0881eb8ce255a88a5671e6b3cf0741e049f45c64da4beef1357151d4,12b7633ac3c06a0b5920eab2f10e151a,c3c8fc2e8f15acb03bc6bdcd6eecb2409c8c0d79,/home/petik/ss/malware/2026-01-07_12b7633ac3c06a0b5920eab2f10e151a_amadey_coinminer_darkgate_elex_glassworm_luca-stealer_njrat_poet-rat_smoke-loader,10/15/25,Keroro Software LLC,0A04CAF1BB3BC17A33C6E155EC4F5883
d1f2c0e7c4a886fe262cee57a7040ae48210cd189a3452aa453a5832b1c9d86a,f783f55d9e6ea2461141c3a106b909a0,27b8baf3ffef4eb7bc033de0228f5f1fd8ac5678,AutoUpdate.exe,10/15/25,Keroro Software LLC,0A04CAF1BB3BC17A33C6E155EC4F5883
9fddd6e2119bc82aa87f749473fefae0c37a23d41459cd93bd0e7ab8f5f1dce4,c994901119f1e43feadc844a49d5c470,bea89a5bf56ed3d45e6f2bd4e59d8f0893253213,Unconfirmed 450120.crdownload,10/15/25,Keroro Software LLC,0A04CAF1BB3BC17A33C6E155EC4F5883
b9c7a663527a3399fd9082fcc88d39904c822dc9a1134e9c03b271e468b17eb7,c74c4eb10ed010f837b2d7126ac6490f,1a7d60de5ab7e7ea0b855cddc54ba356fc19c76b,/home/petik/ss/malware/2025-11-25_c74c4eb10ed010f837b2d7126ac6490f_amadey_coinminer_darkgate_elex_glassworm_luca-stealer_njrat_poet-rat_smoke-loader,10/15/25,Keroro Software LLC,0A04CAF1BB3BC17A33C6E155EC4F5883
2ef3c4bfbce5f0adbf9dcdd4f1fe325735d8e3e9531032c5b91a4711a3a2a872,71a34a0d3eb3692f8d9013364f54e9b4,aecbd78870f6b46e35a0eabc37ba893a2a99f674,MWTranslator-x64-v2.5.4.exe,10/15/25,Keroro Software LLC,0A04CAF1BB3BC17A33C6E155EC4F5883
ab00da52786d41d50f3fccd1b1489835b2537ec07061453db9351673a801bfd1,3e0dc6a38eeee410daa2aee3ecaea838,83ea72658d3812381ef0ad0d8fecefa601b4f41e,REFOX-3.82.exe,10/15/25,Keroro Software LLC,0A04CAF1BB3BC17A33C6E155EC4F5883
78620e5ae81fbdd60450f43d224a8031bb27c1182ed818bda65c718570d9c5ae,69c48a112965dc367957a8f701544877,f4c4534b5adadead380a4465f89ba5b2f010202c,REFOX-3.82.exe,10/15/25,Keroro Software LLC,0A04CAF1BB3BC17A33C6E155EC4F5883
fab30503d082c17f1d9919ed4ae15d44390d0cd1c4e06ef32b75c3beb2c8baf4,49afc2859a6b083e9513031641c10362,2279d8bdcd438d85f9d74be2a14bb85e67bb4feb,QQHong_49afc2859a6b083e9513031641c10362,10/15/25,DONGQI TRADE LIMITED,0B88E4D595E84A1C9D96733EF7DE5546
2ee7205b870d5d263cedfc4e98c7ba79da94653f1fb490d08069f0cf89cf54a4,f91a008be2fd41fc8fc70b6eba2252ab,0e68a7abcb3a758cec3bf56efff8c595a6bf1469,1.exe,10/15/25,Jin Chen,134216E462B8FC279A7AF7382F45F3D3
50d0477f3285064d892437057fffa407ecfc09955f9190f26889114f48bb267e,d48e14dcd82a5654cb69899c96e9b1d1,bd443380ccffedbd2dd369ebef12f068f8316e99,bt.vmp.sys,10/15/25,Jin Chen,134216E462B8FC279A7AF7382F45F3D3
18b67f4169f0c6076104156e7a5f1ec040d26386f3d2f57441e0a79fe3967c85,ce84aa879ee4c035989efb2941e7fa63,2bf44d9e3cfc3974f73fbe953526a5b1b1ae7ea5,忙忙侠AI转换工具安装包.exe,10/16/25,Keroro Software LLC,0A04CAF1BB3BC17A33C6E155EC4F5883
48397d95d751027ce03601183bc95615fb12620f277d90f7f3fe36dcd71ca0f4,987062be64f2892270c019fc55b17c08,a73067fba422647c380faae21a81a8698ceb207c,WeChat_Memory.dll,10/16/25,Jin Chen,134216E462B8FC279A7AF7382F45F3D3
196706341c039a5eaf3d351f23c8ee155f1ad33a0f6e405e5ad82400e35adc39,a1f5abfd7836c432ec0840eece2bce80,23b1ebe46ec4196a866e0dd509eba3ff5d2d6dc9,Driver.sys,10/16/25,Jin Chen,134216E462B8FC279A7AF7382F45F3D3
e0f9ed50e23027c418cb0e3de4b6aa88275e5c99bc49a5db3602825585eac30c,597627e42fdb9ddb1461b6e86b5d249c,68d4cd43fee72bc01412b7930feee2f9584e1d8a,MapleStory.exe,10/17/25,山西荣升源科贸有限公司,04EB8615F356CF0F5BF4DBCD08238DA4
544427be76aa596efe310fcb6de6f71668a97c78163dda0c12cea0f31adef565,6a46467b5fddbebd35e8c0d10a9607df,a69db2f07e9b4ce6eb4166d9a88589378cb287d7,endpoint.exe,10/17/25,山西荣升源科贸有限公司,04EB8615F356CF0F5BF4DBCD08238DA4
08e62a8c7d972fa025ee93dd2d144796ccc874e268c03b5231661513bd2f8933,82d7b891736a53dbcadc136b20dc9281,e0e76394efad3b33fc1693310b8710963c05df94,忙忙侠AI转换工具安装包.exe,10/17/25,Keroro Software LLC,0A04CAF1BB3BC17A33C6E155EC4F5883
61338e869d7ce05a3cf22fc54309ac7e900af7228c2a670991051bb09d24098a,f65c48b3c425fbec3298597cc9305ca6,c99ff19ab0c52889a0184d665485b0b9ca89c08e,忙忙侠AI转换工具安装包.exe,10/17/25,Keroro Software LLC,0A04CAF1BB3BC17A33C6E155EC4F5883
2bcd41e70901d1cd0fc6cb33775e8686470a11804f0df51ee784cd4b5f3c2ce5,fc74318d699e0d571b79d62b981afdd0,001e9bf4488c5bca1a81d087d2e310b4cf42f123,mbxs9du85.exe,10/17/25,DONGQI TRADE LIMITED,0B88E4D595E84A1C9D96733EF7DE5546
af32f1d4c5cc8fe715296fd4d2f0c154119ded50d0f9b4f78bfb6a7b8cd39b41,d00a66fe8d8ab4f24dd54ac2a0a99f87,b68df28ea46775aaa0e4f0c81ebe8a5494ab0894,1.exe,10/17/25,Jin Chen,134216E462B8FC279A7AF7382F45F3D3
e16869056661e13d9bff3604ef6963131ddb32484ccb59a4689c8349e8d498a5,a889a623f48218b9caf559ef99b741d9,d67ed7bbec3af7a19fe398935b2134320b10a2cb,1.exe,10/17/25,Jin Chen,134216E462B8FC279A7AF7382F45F3D3
4bde00f76d9c664b3cb331ce0f580e8fd2fd27b73b28e479dd980b7b5269c503,45916d0c30af1bbfc9ae2a3d8f0bbd31,d09458a08f446388d944a80612aa32a961f658e2,1.exe,10/17/25,Jin Chen,134216E462B8FC279A7AF7382F45F3D3
14336d8275f6fbd7a9ba4d1905fa68e9df0c5a06eb0062d81c49db01a04ff6ed,cbd636ec1693e184af4b723f7c216063,d2884876d49845d18427c04295d7cc0962b87a2a,Driver.sys,10/17/25,Jin Chen,134216E462B8FC279A7AF7382F45F3D3
3f10ef10316dbf136c820fb9de4bf8191fa25119c7eb4a2168035d9505d482db,363b6b04e247fc5f5fdebdb5fb429e3b,cedbab6eff34af323e55ce607e7a1277fb0f0b92,Driver.sys,10/17/25,Jin Chen,134216E462B8FC279A7AF7382F45F3D3
d0d2635e62c7cb1b8710457b60614abfc4cae20939ced2e2bd5db3a271ec51e8,550fbda0436a940495c8b646567bd32f,e6a5e3c0ce92409e43d12ff0c2bd95445b5e3ebd,KillFakeJava2.exe,10/18/25,山西荣升源科贸有限公司,04EB8615F356CF0F5BF4DBCD08238DA4
9e7a437d49dd5e212e890c8765fa6ef4f9be80494a347a890e45c8e5793e5162,da24664439b74da32bdbe691b842a136,9ea63cbf8ba6f8849f0c627137687269e92221bb,C:\Windows\oc8q98.exe,10/18/25,Keroro Software LLC,0A04CAF1BB3BC17A33C6E155EC4F5883
bb849abf8996dbbfd97485f118fada0dc491566bb4d553cbeb9f22b78df6ce1f,014476b7818662d86548f134b42b6270,524a10a5f3912b4c43ae26d9db86a58331227310,/home/petik/ss/malware/2025-10-18_014476b7818662d86548f134b42b6270_cobalt-strike_coinminer_dosia_frostygoop_hijackloader_luca-stealer_poet-rat_quasar-rat_sliver_snatch,10/18/25,咸宁创翼互联网科技有限公司,0F4B2115767EFD289B85292362B118AE
7f7c184186b62fa7c7dd5e623bb7a679fe99ea9b09c2ee9ea2b7985d84d795c0,3bc816220848f9a480d213192168650c,2f7004564e13320479a1a58db3d9aa270d759bc5,1.exe,10/18/25,Jin Chen,134216E462B8FC279A7AF7382F45F3D3
d5859526e896fff53861fdcbecf1529000f3609987a1bc60ab8610a185b41a7e,5579005c9eed0e5380c4ec4fb0cb3309,e734da3c5c4080c64ed7832953c98e2c758bc44d,1.exe,10/18/25,Jin Chen,134216E462B8FC279A7AF7382F45F3D3
77905303e5050df4e5d3f559f4882abb43f0a9c36a7311c33a083d8b73883676,8ed480516cdfb7f7901cdb0584f69e7c,c197567c8b75fa7ffdc9577167cf1f73663fbf8e,wmvert.dll,10/18/25,Jin Chen,134216E462B8FC279A7AF7382F45F3D3
0f636c32b9e60c90ca47beab525e21a0163dcb9539438172b450a59f84946fce,21154c982a289eaf0072e13743917b31,d7dfb950ae3e81b42ed1012546509324b6cb6b39,1.exe,10/18/25,Jin Chen,134216E462B8FC279A7AF7382F45F3D3
eedaebad61f1ee3009ef25fb2f522deaff996f5ea92a398c712589b67ac3d4dd,1ce779058f91f746773b9a3103e8ae25,3ae2a38c1a4e573ecc6b71700a2fd034797fd009,Driver.sys,10/18/25,Jin Chen,134216E462B8FC279A7AF7382F45F3D3
45b0a9babc83950821d91954381f99550fc760584d9a9909ff94ad2bdf60b977,d5afd0d21bfc254f7c0c5bdad07739a7,e51c9d41a5ff436d074ecb15b3b4e5161fcdfb76,QQHong_d5afd0d21bfc254f7c0c5bdad07739a7,10/18/25,"Yangzhou Dadaxing Internet Information Service Co., Ltd.",567E1FA7B741E453DEE4CBFAAD7D8062
71d9426801572e6c4ed61604b132294e8d2b3aae6f60d4fd0e5b24236770b057,3240b9b6f33f4ffbe204aad656e25789,af702657015f0cce732bbe88b68e70b92b2cc403,ConsoleApp2.exe,10/19/25,"Yongji Xiaodong Network Technology Co., Ltd.",754022596DA5B16478C5E880ED2D730F
552dfdb91d7aa0a26a642007d3d743901442883b136d9cbbfacd77ee191a6205,868f9af2ee538cf472462ebb74015ace,99dc2ba49a54d12546566fc2047ae0d738b8f1a8,Cinch_Audio_Recorder_Pro_Setup_5.1.6EV.exe,10/19/25,Keroro Software LLC,0A04CAF1BB3BC17A33C6E155EC4F5883
21363ec0ba00ab823489e791656d52fdcb8e3ae560b02d93fe05925a1ed65924,3aa7e3f2d727343ead5e07148313b1ac,b3fb9cf22e1de9a97daef45dabfaaa31dcfedcf7,D:\auto_black_abuse\resources\unzipped\20251219_153851_2025-12-13\21363ec0ba00ab823489e791656d52fdcb8e3ae560b02d93fe05925a1ed65924.dll,10/19/25,Keroro Software LLC,0A04CAF1BB3BC17A33C6E155EC4F5883
468c61f2ace5ded5f190edff2e543382e69e8fe621ba730132499339edad2397,49d9568a4735ae49d3e07cb209839372,92ec5f065cec5b4ebffe8e2cf7430f5becc9422f,忙忙侠AI转换工具安装包.exe,10/19/25,Keroro Software LLC,0A04CAF1BB3BC17A33C6E155EC4F5883
6b62a0146b837c19a76057edff102e0889fd84ec9f832320b6dd80d43d1f89c7,01f48c8117ef8be8bac4ea4cff21e8bf,c84c2109b1175cedf1493e3f482172d88ef3922e,忙忙侠AI转换工具安装包.exe,10/19/25,Keroro Software LLC,0A04CAF1BB3BC17A33C6E155EC4F5883
ad2c40c0cd1a915691ec52c4bba732cf2f24b4680a298e8a26b95289737402ca,a1e264eaf650344bddfa12ef6f4fae96,e439ae3cb3e87a17a13778ae4cea6e6f886c0a2e,EasySign.exe,10/19/25,Keroro Software LLC,0A04CAF1BB3BC17A33C6E155EC4F5883
ca8f3f8902a41e2f4038eb123a6bf17cb9684c94b283f0c8f211b2c3c247b755,58f6ac4d21ca99717a595b6cc85424b5,7c718477b23433fefb9e79c3e6f3d11617520917,忙忙侠AI转换工具安装包.exe,10/19/25,Keroro Software LLC,0A04CAF1BB3BC17A33C6E155EC4F5883
1b929400d4c241d3bb539317ac10101c0c75f2be0c30ce17233a5c6f872250be,ad5c44c4a69c6c5e9d2b1761a581e05a,d671bfe09d986051276cf75b1aaa7a35e71a12e3,cgcore.exe,10/19/25,Keroro Software LLC,0A04CAF1BB3BC17A33C6E155EC4F5883
a278e4ad001c142135d542e2f44f94e113a29dc7b88012f4511b75ab2e62f7cf,ec3856ac38e10bf954616bc4d4ebaff2,eddc6a68c086a65e22d4db59f89ef14c7fa39f92,cgcore.exe,10/19/25,Keroro Software LLC,0A04CAF1BB3BC17A33C6E155EC4F5883
6b8121a0a8a1155528fc6b468a5e2967f7dd0387b6f30b8df946f5b87657895d,e1b091624fda3ee17fc17e2e365d3630,f872ead4bc55f4ba041206eab490bcab68fd21ca,cgcore.exe,10/19/25,Keroro Software LLC,0A04CAF1BB3BC17A33C6E155EC4F5883
bf64cb6be28e90130e91cab29312f42cedb0586fe28a6596ae4f3b10b1af79bd,ea187072e89637fc4ace4164d3717723,33bd2a63ffa64b5aa29264cd38ef5eceff17cd00,Driver.sys,10/19/25,Jin Chen,134216E462B8FC279A7AF7382F45F3D3
3b617f7ae8578c67f35fa45e136e5e8055f251731974efb0516b1cb91cac09dd,4307473ba2e7c7d670f53f09869b5ab9,be6dedbfc9787a2901c5d48d2a10488fa7e91549,Driver.sys,10/19/25,Jin Chen,134216E462B8FC279A7AF7382F45F3D3
e609c2b6ed5110071f44a97f88859187ae7c1becf3b372cab4776f0ebd2a32f0,2814ec10cc65d1c0d7b50d726f5bc7b6,d4b5903228d4924b693069ac574124f4f155df3e,Spoofer.sys,10/19/25,Jin Chen,134216E462B8FC279A7AF7382F45F3D3
c1333221c1fbb3df4b85df5218993358a7d477e9b1b0ffd6af15bbbc98fc09d0,2cb6a9f98c88df682b799c0774d5d091,6771620d13192fa07addbc4f18b8e60c8737e46b,Driver.sys,10/19/25,Jin Chen,134216E462B8FC279A7AF7382F45F3D3
addc8c9f84db36b8f624cc53b5b632048802fa024b2d46794205e684908d1d1f,bb53b9dbc71990da29f9c3dbecfe00c2,8c4149810e3e1cadc3f279d157249dd5775c295b,Driver.sys,10/19/25,Jin Chen,134216E462B8FC279A7AF7382F45F3D3
f184c2465c628aef0c24c00e934abec90e76f9b7d7ffa22ba3569d6998ee7628,4d0802ac1b3d4bb3b523d667323b4875,3edb7f8a540b38f2c57250bc10dc31aa320d5c85,1.exe,10/19/25,Jin Chen,134216E462B8FC279A7AF7382F45F3D3
36d4a0c46a0b9613b7f4ab38a9bf1a8ee3d54e059f2451f20e999a7b49b9af56,05cc1876c074ca54e1fed1b6ab2bd578,9dc4ce2fb12270c93475cf164c44a2d20f58ad17,DellSupportAssistRemedationService.exe,10/20/25,"Yongji Xiaodong Network Technology Co., Ltd.",754022596DA5B16478C5E880ED2D730F
79e5f6b808661d15cea9f1437e150876d8b213a97cb24a639f133de672eadb68,8d596dbbcca58fbe771ae8d036b9b072,cfc8db5733c257bf308ed0b58ae82502efa435cf,C:\Users\user\5e1a657b-cb31-4099-be39-e385d445bf82\commonbase.dll,10/20/25,"Yongji Xiaodong Network Technology Co., Ltd.",754022596DA5B16478C5E880ED2D730F
d0c900b88de0bb6c1988adf74e895107b9ad7cb3b3d8e090dd4375eb7f6d8c5e,d2c1b7c457af6ed3575c91bbfbd3d11c,6782a163594bd84e6cf2d063e914e829c5a39311,InstDrv.exe,10/20/25,山西荣升源科贸有限公司,04EB8615F356CF0F5BF4DBCD08238DA4
8c637fc89601d7c018c88b7a95941a8b86e6caaf232198d3ad48bbf2586e51e1,367d353d05e1fbf7644f87718599fc28,a879dc9b8012388e4c846e8ce7c7942ad6d66243,VDun.sys,10/20/25,山西荣升源科贸有限公司,04EB8615F356CF0F5BF4DBCD08238DA4
c6760e67d3d693c8a43b2cc4dffeb904b0b16c9b927f420cf63c18502523cfbf,ea7ec710b76c88189345cb602fa5da1d,86c90aa3e8d5e196c7455fc74be462c6f24d798c,VDun.sys,10/20/25,山西荣升源科贸有限公司,04EB8615F356CF0F5BF4DBCD08238DA4
46b2c7e7f160f18ce6ac486728e419a62751b1a0c238de1f05d518172bcba548,41cdc60f405f46d03bb2cccce501b055,afbd417d11ba233ba57b4a5d1f4bae300989ca8e,=?utf-8?B?6I2j5Y2H562+5ZCNLnN5cw==?=,10/20/25,山西荣升源科贸有限公司,04EB8615F356CF0F5BF4DBCD08238DA4
3ef1983bf9c60155fa2348c0300ac5d1ca9b22763776e7796f1ca614d2740a17,228da386111dfdd7547e807d64caa349,f5421e5216e165fb0bba551af5d8cc11bb5c36e2,VCore.exe,10/20/25,Keroro Software LLC,0A04CAF1BB3BC17A33C6E155EC4F5883
4bd06f72eb9052f2b383908fb9b36c4ef258a3c73fec4271d958925ce9d3eafe,e27a346997f30e96a8089c4d1d201ba1,c25e2f27fc762cbfc035fa7e9ca156aa9a4d6d4e,upnp.dll,10/20/25,Keroro Software LLC,0A04CAF1BB3BC17A33C6E155EC4F5883
ed8ef8d61c22828c86aeecf660e56e32780d278429fe65b45e84e6e485b73735,fae0354537b02b77f3b358d94425242f,80fbe4066abfffeaef736eb49ec9cbc5fd77d842,countdown.exe,10/20/25,Keroro Software LLC,0A04CAF1BB3BC17A33C6E155EC4F5883
de870394e4f991ba0f55bc69a5d336a168e49c951fd4310dab350156754cd1c8,44bdf9eb4222f01bc81c2ce59514abb5,c2dd5a31e0c6ea6b2005ffc3b8b0ad0c331285af,messageadmin.dll,10/20/25,Keroro Software LLC,0A04CAF1BB3BC17A33C6E155EC4F5883
bd78e81f02f15943440b5f1a5b62186f088fd23cec0edbcff3394681279aa4a7,e85be3979f35743388e29af8747cc969,aa89d73083b22af29eae3ffe00146e2152b9325c,common.dll,10/20/25,Keroro Software LLC,0A04CAF1BB3BC17A33C6E155EC4F5883
fb918dc65a8584503326c4d1d1c01a72e1aacf966affdde3e5b1b087fb2480b7,e0ca546f9cd491e7b6be9e6cfa73dcb9,eeda6398d021b8802c1b0d1c64d0655e4ba12184,countdown_3.5.5_Setup.exe,10/20/25,Keroro Software LLC,0A04CAF1BB3BC17A33C6E155EC4F5883
1dac8922c64ffde57c33ee79cb402071259f1637371f04184794cbe5899e8500,060b16726cabf60b36e0125fced6c4f3,b4bdc2c63b7a66502d1d21b236cd48a65afe940d,cgcore.exe,10/20/25,Keroro Software LLC,0A04CAF1BB3BC17A33C6E155EC4F5883
e0d3a9002a26cb342f377de4c6f9f56dbc151d307ad67efbf950bb4cce2d0e56,c74523865b1cc5f492a2f05a6885ddb9,2ba5549f1f48b0d25cd8d2344d01679e6d2517c0,VCore.exe,10/20/25,Keroro Software LLC,0A04CAF1BB3BC17A33C6E155EC4F5883
d0964c85340a6fdb7e298c30a01c06e34272b127b1c91bb3cc645cbbce7abf49,b96a98f107668cc58c6c303af131eedc,4eade64cea16025433a8366570af7762dfbba8fe,cgcore.exe,10/20/25,Keroro Software LLC,0A04CAF1BB3BC17A33C6E155EC4F5883
7486851595afb22cae5826e8aa86c667e89dc1dd3ff92106f31a005414e596af,7221580b213cf3078e6a7f4c842358bf,5376fa240951ffeec86d86856bce1129ba0c6078,cgcore.exe,10/20/25,Keroro Software LLC,0A04CAF1BB3BC17A33C6E155EC4F5883
d14f97890ef3176f35c9c96f6ac07863b8250b339368fd805a4fa4026193beda,c77899d99d67cf14bd80068cee21852b,a4540152bba692d4381e6d1619f34e212dd87561,海王SCRM-自动翻译计数器/海王出海-1.7.4-8月7号.exe,10/20/25,Keroro Software LLC,0A04CAF1BB3BC17A33C6E155EC4F5883
c095e753245c54b4c85f5e8b5e811238e178307c39e0e5a6011c47db6c3c7fc7,940aa68906bcd750e9ba640eb343ad6c,c12f3ac5b7c6d1d1b5df4e08d86408f69919332a,QQHong_940aa68906bcd750e9ba640eb343ad6c,10/20/25,Keroro Software LLC,0A04CAF1BB3BC17A33C6E155EC4F5883
ceea3fa884405d6d8154f63abdd2132391c0f95e621611c04fd6fd7b76654b92,b90190a380dd8f1d0706d725a866b5a1,6c0898c2c95d5897985eeaad3608d6438779ca98,1.exe,10/20/25,Jin Chen,134216E462B8FC279A7AF7382F45F3D3
b0592afac6b95e331033de06fa6b495dee232e4637637a5136a00a37b7d3c885,4e98ed1b8cd91d492501fa6d5598117a,a02435ea4a62a6e0389fd375a4bbdbbe43406fec,Driver.sys,10/20/25,Jin Chen,134216E462B8FC279A7AF7382F45F3D3
e0db675f29b9724667325d23770bd7af8e8eaaa167069ebf5cabf0f1b8b2f570,e1204bc6b2983367f8a7ea3cbd916a37,bf2c5b3e96e488eb0d868c485c568278275c92b8,Driver.sys,10/20/25,Jin Chen,134216E462B8FC279A7AF7382F45F3D3
a2a670c8c8930e75d224975d34ae0cb1070f9c7c1e444b532e6126e1df857701,94f98d0caaa5eb3427e51682bebef1d3,4e523dfbff97f1d4a9b2bb3ce9574cbceaa8ea3d,1.exe,10/20/25,Jin Chen,134216E462B8FC279A7AF7382F45F3D3
f3eb0b9884440ab9730bf25e836c4decd079cabbb5234b6b7a69041353174af4,cf3c9f3e3e7e93313fe5603858619480,98bdad29fc14c64822181e4caca15d3bf258b98b,DellSupportAssistRemedationService.exe,10/21/25,"Yongji Xiaodong Network Technology Co., Ltd.",754022596DA5B16478C5E880ED2D730F
69403afd674a7aaa4cc72dbb5bbbaf37d083a69784efb243b862c124e65b778d,a2a6d20c0f0b0824ce210124456a4feb,04bd798d89934d91fcba3c3c9bcc85f75067875a,C:\Users\user\339842ec-eb3a-448c-97bc-edf33c70bbff\commonbase.dll,10/21/25,"Yongji Xiaodong Network Technology Co., Ltd.",754022596DA5B16478C5E880ED2D730F
e03dffa9f8bec58ab8baf6eb5a88cdc4a47ac646a5c881a0a9feb058f6a8d304,d926e088688a257c6e34f6113b9b6150,036ba764dc5345226f668e593d7dcac965e163c7,LogManager.dll,10/21/25,"Yongji Xiaodong Network Technology Co., Ltd.",754022596DA5B16478C5E880ED2D730F
e2281e3959775c4c332b5b035f7c4d1b8062164e1841f057dccb9c0aa4d0ad96,54e4f8dcf37ba1a50e54f0a7bb2add6f,31cc4c3fea461516d4653c88559ce5e9962a5461,DellSupportAssistRemedationService.exe,10/21/25,"Yongji Xiaodong Network Technology Co., Ltd.",754022596DA5B16478C5E880ED2D730F
01d88bae4184ac03ebde84383dbe69c8b3011923465ec1f67279b702ec4ceca1,46cbde22d107b4611e73f88e6df1221c,ec9bbce6a2c27b864814c69134283bfa226f72b8,ijl15.dll,10/21/25,山西荣升源科贸有限公司,04EB8615F356CF0F5BF4DBCD08238DA4
2d5d5d88b60982f7e774041f324048fa3a1d91e07fb9fad4e00ffba4292a492c,cf3fe66c5a3df3c0917024918f8bd038,7f842b346c024b5068ffb6f00508cc6f80a36c32,goods_web.exe,10/21/25,Keroro Software LLC,0A04CAF1BB3BC17A33C6E155EC4F5883
33abdadacd78a8eff22496783821a8bb40e3bfd389bb4bba3ac8dc38400300a5,5f99c642a025dff4fb0258efb87bd703,b87dfbcfe6279b26c5ffc9833da3cddb37594b3a,RAMSPDToolkit-NDD.dll,10/21/25,Keroro Software LLC,0A04CAF1BB3BC17A33C6E155EC4F5883
0c386c37a2538253b2c29279d43a2a56e716c088ad0aafe8c69d1d20c5986c83,55364d9e8a760d21af1056807c126915,b99207149eb241a3652947597a2e725e0bd5edc0,OxyPlot.dll,10/21/25,Keroro Software LLC,0A04CAF1BB3BC17A33C6E155EC4F5883
a1f11051a0a0a3bb252bcba6735bba074ee976cfd355393350c69e91624f663c,9ebbe81e7bf5a1fe179e7c548b71680e,97b65f1c72f37e63f343f13ed1141598796d9ec1,Newtonsoft.Json.dll,10/21/25,Keroro Software LLC,0A04CAF1BB3BC17A33C6E155EC4F5883
961f16e6ad6c8467dd2bc7c2c37f0bf3f5d3492f79fd4db86829e28acb66782e,846f36d2bf733e025cc1889a28b202a5,df975117108eaa081d548b5eb5ac812c22992064,LibreHardwareMonitorLib.dll,10/21/25,Keroro Software LLC,0A04CAF1BB3BC17A33C6E155EC4F5883
103a5725788c554b98cfabed402c3d75f464332e606e32484db97b29da2ae8e6,d97bf4ec39a7e39a39a9378760621b39,dad7e768692018bef4c5cb6ddded819d935be5d9,Gamepower CPU Temp Driver V2.2.exe,10/21/25,Keroro Software LLC,0A04CAF1BB3BC17A33C6E155EC4F5883
a6503ffeeb23309d593738fd8c98f456654eecfb04a1bf56376b08664cd9096f,7463d6d212f131bc73653ee9c2804817,9d967d6d19cd55d26acdf4080ae725a9a676d330,CPU Server.exe,10/21/25,Keroro Software LLC,0A04CAF1BB3BC17A33C6E155EC4F5883
53e3d50cb15d1c42dc85c0476833c9677230cb10997c0fea0731815bd4af7836,e2ff1e0ee7841eb21ccbadd70cb06a63,9b372e3814e211783d99817eaca7ae51391dd3f7,HidSharp.dll,10/21/25,Keroro Software LLC,0A04CAF1BB3BC17A33C6E155EC4F5883
413e759fa379437ed4d73e85faf7814bead5ef8b39b76b072f9a5419991c9c05,cda71a69c5d9bf0d24e48dd8cb6401ea,1209f0fb584efc586aeff792c96c7be5addcaffb,Aga.Controls.dll,10/21/25,Keroro Software LLC,0A04CAF1BB3BC17A33C6E155EC4F5883
d94ae957c26e6fb7e72adb9885ead822ee4921f618553172d12922a3ce673109,456fe8237730a5c7c6b6cd69bb630caa,efb12ef55c2d57272e7f41a0f6339b78cc330cd2,REFOX.exe,10/21/25,Keroro Software LLC,0A04CAF1BB3BC17A33C6E155EC4F5883
4add3766754d97e895140bc876926bab91c19fed18a3a7537b83e32817bf36be,78eb80ca4ed24dfd700db8ab727b8066,69b90e76cfe0d13db207592168d3782b7ac19489,C:\Users\user\pg\ffwow1.sys,10/21/25,Xiangyang Dianjue Trading Store (Sole Proprietorship),4C4C9F16877C6C8508A12BDD7C94607D
f205ee8e268e69669d8f97f931e10dcea5e2406868bde015d12b9c760398d4aa,2758c37f3e24e7930ccd63b347c37707,40ff358bbd2eb39f4268bdfb2f427f17d47d0419,Driver.sys,10/21/25,Jin Chen,134216E462B8FC279A7AF7382F45F3D3
d6f99699c08a30cefd4dc60b1016abce1a3c54f77cfbf809f3eee24c9f483189,f644c900e2ae43827e8cba5fbf166e04,432e55086c8bfedc4dbb19e493da320ebefbc1d2,C:\Users\user\339842ec-eb3a-448c-97bc-edf33c70bbff\LogManager.dll,10/22/25,"Yongji Xiaodong Network Technology Co., Ltd.",754022596DA5B16478C5E880ED2D730F
b5f163a9a92e70bbbed60992dd0191cc2768013ec67ca988bfd65402c42321c0,270529a0607d17aa7367221d4ec41cf0,dbdb3bb22a2e10eff2517d90f081f7a79d4a27ab,RHTab.exe,10/22/25,Keroro Software LLC,0A04CAF1BB3BC17A33C6E155EC4F5883
60f9bc9e5abda4f7601be59e26bed77758a1e1f2784f87c34f5aa1c503edacf3,25086c2589d214200010b1937c50eafd,6e9788b7952e53303fa22bddc46264dc863ee71b,,10/22/25,Keroro Software LLC,0A04CAF1BB3BC17A33C6E155EC4F5883
28c42959a410b66cc9708217259f708712909ba92467e18f7e2fb663fae9ef39,abeafaf5a554334e0cf17315214b9b07,78bc0420473f65befced0c9f9952a030a68ea20f,RHTab.exe,10/22/25,Keroro Software LLC,0A04CAF1BB3BC17A33C6E155EC4F5883
f05fbeeafb5535b17aa98b4dde69e78ef4540f55b84eb9056c3b475e483ab0a6,0c148b5a86e6e7497490b3b78c6f93f9,51c1f0dca847516695488b50bf14cbf7072f8262,RHTab.exe,10/22/25,Keroro Software LLC,0A04CAF1BB3BC17A33C6E155EC4F5883
0aa0c2b334d433de382db0e00de8f8ee4e865cdf4c47bf761336b949643ac61f,4bc690379631f70e82b9e0594296f81a,4dde74fa402948496b7393c997300fc5391888e5,RHTab.exe,10/22/25,Keroro Software LLC,0A04CAF1BB3BC17A33C6E155EC4F5883
b48dbf51fea242157a801c394f8171822a72a2c82723d1ef92181330cbc25c29,b45da0f89791c5dce694c40922db556d,29ef739e8dc7ec92075d4b65a3b54fb3e2ea64c6,REFOX.exe,10/22/25,Keroro Software LLC,0A04CAF1BB3BC17A33C6E155EC4F5883
fd826258abb840aea2fe8a25d445a75eb52c903f68acb5277133cf6ece1646a5,e6559319e672608e423029b4404dffc8,7c2813d4f3ef7e2d404c3037b9e2682be505dea6,REFOX.exe,10/22/25,Keroro Software LLC,0A04CAF1BB3BC17A33C6E155EC4F5883
a2b0b9d0c52b9850366e8772d7633e13d3a716d64b6523abb1e575ec8076f07d,65a0441a682bda6ef11eb39aa7d00cc6,2a8f0fbfa7f167e54978c5319d91d5f553cd9f5b,65a0441a682bda6ef11eb39aa7d00cc6_%E7%A0%81%E5%8A%A8UA%E5%AE%A2%E6%88%B7%E7%AB%AF.Setup.msi,10/22/25,Keroro Software LLC,0A04CAF1BB3BC17A33C6E155EC4F5883
5f0134e532932eead158e92bb5e7ec6a8cbcf1b20aa2b0b2e6332493fefa9aa0,e803f1c6e11230ff57ba4d4b378ec014,5b885337f66d0c9d0b7bf75d4727f108266862aa,bz - 副本 (2).exe,10/22/25,"Yangzhou Dadaxing Internet Information Service Co., Ltd.",567E1FA7B741E453DEE4CBFAAD7D8062
a71736d27968b23af97613806c7ee23b21c8a96f8e687fd906bd5e4215d4242a,e380f70399152af25bb79ed61c9982e2,21798e0ac518ad15ddbc05d72c3d0fc1819d35e1,%USERPROFILE%\27c94edd-72b1-47c0-8e2d-ad55361a573a\logmanager.dll,10/23/25,"Eugene Investment & Securities Co.,Ltd",0497D45997C350D2867A7764017C3F3F
3db58e5121fb49283a671b01cec5f20a58155de7098d37e998e604ef30b44ff1,cfa3ead9617da8d9e21f2e31015e7dc1,3dfd405507cca4af7a35ced6875e0977fbc02b66,C:\Users\user\33ae04e3-60bc-42ff-9f57-71dcab2d47f7\commonbase.dll,10/23/25,"Eugene Investment & Securities Co.,Ltd",0497D45997C350D2867A7764017C3F3F
e4b5f04affcd8cc1f302a5c2c51fc0af45df4b4569357445824ca44e7487c473,bf5540f354115164447879064f0a27e1,6ddafcc7efe48e9bfd4881d1f4424bf730e90e9c,ConsoleApp2.exe,10/23/25,RichQuest Network Technology Ltd.,6559999436BD29785FBF07D0F472E994
1052924f914229325270e7cc862ab1ef6fcc73da22dd9afff222f7168b3f8343,3b64a8293e8ac13d8a5500df81772c62,ba0dd83bbb3c0fd2cb67a19f753eadb2ad234946,NGA.Systray.dll,10/23/25,RichQuest Network Technology Ltd.,6559999436BD29785FBF07D0F472E994
1754fb03a822e758948b92686ce55233e652d989b90f9843e236ce58332b9f5b,2c36c0ecbbac91cd6936f24ae6d2162e,d78769376f354a04718349f5979cdbea4c79dafe,CeShi_Windows_x64_4.6.1.exe,10/23/25,Keroro Software LLC,0A04CAF1BB3BC17A33C6E155EC4F5883
f70bd7cb5af8cdda8da158dbbfec10cb8447fe08a1bb9c0991920e3171afedf8,27a43b3889754eb513a87693521e367e,e7026bdadd13d18a8cb3f021ad3dafd30a37e4b5,MMXAI.dll,10/23/25,Keroro Software LLC,0A04CAF1BB3BC17A33C6E155EC4F5883
eea276c381f2db2a24089ac549f9837f855461b407f5d3d9d314ba599e07176f,5677eb58510a35e0a7a6628499f4d5ce,7415e0d01d59cfdb00274349e73282f7009cd0b3,MMXAI.Desktop.dll,10/23/25,Keroro Software LLC,0A04CAF1BB3BC17A33C6E155EC4F5883
a160fd465f51ae469a91fe6669e31522364354d3a7768a630b2e839850d4fcc3,5fa0036e43fc78f0867d875fb2d05ee9,0964d9a0f55bfe6722a04e4eb9d0fb5af9b49b14,MMXAI.Desktop.dll,10/23/25,Keroro Software LLC,0A04CAF1BB3BC17A33C6E155EC4F5883
0d05c6ab61efe76affd1db13117524219720de10a3ee83632f55f06f78492b7b,f6a9160c122c74073d8a35f70b38370c,2cb7fc29939bde805dfa56d2ac92a2aad158c72d,MMXAI.API.dll,10/23/25,Keroro Software LLC,0A04CAF1BB3BC17A33C6E155EC4F5883
16c20c792dd4a8aa5a43ea4f3db7e1ed35854de5ea23a1591cf686c0de86a49d,866cbfdfcbc25348f057a4b89cde98e3,1a8438e9eec6c75dad1899b0e09a35d0c69ef270,忙忙侠AI转换工具安装包.exe,10/23/25,Keroro Software LLC,0A04CAF1BB3BC17A33C6E155EC4F5883
d39f60020560a5da25bb55349098dcb869d771d4233c97d4ab72191c0a6c46a9,5fffd902e985e15dce1bc9698489211e,345d306733f354e62f71b36fa2e12928e4a66099,/home/petik/ss/malware/2025-10-23_5fffd902e985e15dce1bc9698489211e_amadey_coinminer_darkgate_elex_luca-stealer_njrat_poet-rat_smoke-loader,10/23/25,Keroro Software LLC,0A04CAF1BB3BC17A33C6E155EC4F5883
9b925167a9aeec9ce4a0a0ae97fbc2b7f51cca603e16c8cbe9d643ed5895e741,a2709df954e8e89d97032295be14063a,b9d42cb7975eba0252cfcf65c6693a8e3c247e02,RHTab.exe,10/23/25,Keroro Software LLC,0A04CAF1BB3BC17A33C6E155EC4F5883
0327000021d5553719bce01fd2bd50950718a8f2fb5198fe68f8b809066ba01c,f18dfd8db83c6a48107fd389024bae5e,1e12168062bc074ff67dfc1295daa82e0fdeaab7,RHTab.exe,10/23/25,Keroro Software LLC,0A04CAF1BB3BC17A33C6E155EC4F5883
d6ac3287324cc9f6bee4c09b5745a744c31d0a3341361e17919c59135cb88b37,5a650f07de67d08188974544595b67cc,c9bc8600cd89503047af0782e847d11163a3c74b,bdc_setup_4.7.2.exe,10/23/25,Keroro Software LLC,0A04CAF1BB3BC17A33C6E155EC4F5883
6c1e82d7f7627ffd58b65b3c9587faa16584af781b3fc0459779aa26cb6213dc,286bf79ae936c1e42ac1e00387524fa4,ff2340df2c8d96a7371b5df532e6e067422e1e3b,6c1e82d7f7627ffd58b65b3c9587faa16584af781b3fc0459779aa26cb6213dc.exe,10/23/25,DONGQI TRADE LIMITED,0B88E4D595E84A1C9D96733EF7DE5546
de34361a0044c21fc24b0365396f599b985b3948984b064e18c3c3fbc5e982ea,94b6407c2a9b4e1f27f7370b97da4abe,58d9d43df16e6fb35deb4eb1232bd5e1b60dbe48,1.exe,10/23/25,Jin Chen,134216E462B8FC279A7AF7382F45F3D3
a8ddfc3b18f53d9ba9c92d4586704079ad9e33c7747fc718c1d2d9b27e74e7fe,43d48d7b16370dd16a740e59f0c796df,52eb5cdc428ec75d0c93547aceaddd769003593f,ie_to_edge_stub_exe,10/24/25,RichQuest Network Technology Ltd.,6559999436BD29785FBF07D0F472E994
b3830b36a6097f7a720972d66825b578cd9fff6184de7c48a8731c76e32a43ce,485543c5ea2c42d36a3d227311d58ce1,214d6c40abb2ffb6bec7faff63c93b442e3bc91a,ksolaunch_xa,10/24/25,RichQuest Network Technology Ltd.,6559999436BD29785FBF07D0F472E994
94a4c46ab8522321908bc761e340ba57f863bf5b50506d533ec006c3ae43aa5e,b36729130aba2efe9f1b15d93041507d,2c41d71dad5e2eb7a6a21f5aea92c9bc7b56218f,1.sys,10/24/25,山西荣升源科贸有限公司,04EB8615F356CF0F5BF4DBCD08238DA4
3e27faa71eb0c84a25f2403ed201ccc5c811470efd8b7a81b9fafa59c47c8f24,b19107de82ea38108ab088d9e6e1386c,07c362f1ff51c9fc1ad7a51e02cf66936e8c94a7,2.dll,10/24/25,山西荣升源科贸有限公司,04EB8615F356CF0F5BF4DBCD08238DA4
73e1f915490c5a7e77ff7f6e0b22d20e1081e4ad9b76a0fc34a215e1f42d4582,a355697faca4fae7b15eb938630735f5,de1505d4abcaaf8babd35d773a9eca9e90550d48,/home/petik/ss/malware/2025-10-26_a355697faca4fae7b15eb938630735f5_amadey_coinminer_darkgate_elex_luca-stealer_njrat_poet-rat_smoke-loader,10/24/25,Keroro Software LLC,0A04CAF1BB3BC17A33C6E155EC4F5883
460a968fbad365eac13dc90a2ef9dcafb834625fc4b8cc1a16f161c7cef6dab0,95ac764fb6b6e5eba6abe0be73a85bba,4c20f624d7ab28e9540f96d0914968a592e2a4a1,dttcodexgigas.4c20f624d7ab28e9540f96d0914968a592e2a4a1,10/24/25,Keroro Software LLC,0A04CAF1BB3BC17A33C6E155EC4F5883
dd5c248e2cf57566bf2b72e5dfe6cca961b2035ac02e1dab74e90af80eb55d59,e6fea499e2544db73fb043b2a62b6340,b9c2b01802710c05c93665427b1663e84652f4c7,lanrui.exe,10/24/25,Keroro Software LLC,0A04CAF1BB3BC17A33C6E155EC4F5883
e0d77fab74cd0b1d04b6ea7db7dd3216b49cdd229e1334835bbf2ad67353791e,81e006925ff8581f7136601dbe209ee2,fb6dd6a8119784d7d750fbf862bc7f995b3aead8,Project1.exe,10/24/25,Keroro Software LLC,0A04CAF1BB3BC17A33C6E155EC4F5883
cb4ab292cd9008bceeea3dc426a8bc1cf41307fa81e6f41127020daaab468b0a,c9a18a6db6a4d45aa2733ce9a7d63810,2726325e6934ba6e3af6d5087eda6774a010da7e,C:\Windows\bjebkjs1.exe,10/24/25,Keroro Software LLC,0A04CAF1BB3BC17A33C6E155EC4F5883
92e35f1fecfe7d6a6430d87569d0cca5088d9b289580ad99978b2ec079fcf663,e19556a2972604422cc67472383792a1,a29a2f150aed6e36d483afcdac7d7afaccf8bc90,packed_Project1.exe,10/24/25,Keroro Software LLC,0A04CAF1BB3BC17A33C6E155EC4F5883
5f102e50c27f38812823bd4f968c944fd1a765b5b23feab10a3b4553650792e5,dc94993bb89e98e8ea3f634f5bb020f5,944d17e3603b2d186a0327b43cf5308b291cd15a,/home/petik/ss/malware/2025-10-24_dc94993bb89e98e8ea3f634f5bb020f5_amadey_coinminer_darkgate_elex_luca-stealer_njrat_poet-rat_smoke-loader,10/24/25,Keroro Software LLC,0A04CAF1BB3BC17A33C6E155EC4F5883
45829f7ce695453851ad5112aa9ab4fc27251e3b0643e23322f27144aaa2def6,59317e9ec507da1572328f6d8e96e3c0,8993103653b133937817f7034918ff61393eb1d9,Project1.exe,10/24/25,Keroro Software LLC,0A04CAF1BB3BC17A33C6E155EC4F5883
c552098e4def22a653d75f8a9f185b82caf32aeba50b49c0bd21bb386bfeb291,9f34e350afdd9f36ed2774ece58dd860,46c84e67e7a58e882b00712ce038270c0c823be9,C:\Windows\z5c6q.exe,10/24/25,Keroro Software LLC,0A04CAF1BB3BC17A33C6E155EC4F5883
02673dc9275bbb3f4c2f5afa1e5051788fd0d90d9b8a0e6ce201312e51083e1f,f6f9a7bff6d2bb6ccf39b6384cc59446,069e7e10601a38176bd99ea58698fdc9ba5196f1,lanrui-3.7.exe,10/24/25,Keroro Software LLC,0A04CAF1BB3BC17A33C6E155EC4F5883
ab98b13b59b047b035a08a4cd1bdc7aef9c2878dfddb27f72fb15b69d2f78a39,fa86bd4739abadb078ade363a207a9c8,f5a718deca3120540dee9d83fdafb92c084a3c2b,Project1.exe,10/24/25,Keroro Software LLC,0A04CAF1BB3BC17A33C6E155EC4F5883
1dd4d46bb6669393dfb4508579382e1b3691b55df206ddbf34097b749eb0f964,7d6c81df3492d22e281f66ca5493d407,73ee21d3361a5fa1242b84a3cacecc39f29a9297,Project1.exe,10/24/25,Keroro Software LLC,0A04CAF1BB3BC17A33C6E155EC4F5883
8c6fe5d4f8746037e64d1d60cad7352f813e1bcca38d2c67a69519c07c0134af,9876006f31938a7ce2262041a799aa36,a721fd427e9c6ffe52602f15d1f2bdd51ac66b96,Release/WindowsProject1.exe,10/24/25,Keroro Software LLC,0A04CAF1BB3BC17A33C6E155EC4F5883
190aa3d8c0418618ec5eb1531816a11c635cfc03801bfff6c36a273dbf4f54de,19a29e5e4f0ec4d57cfcaa1d202acfbe,19f6fb5c9ef63c6f585e5ae417c25181e9fe77cd,Installer.exe,10/24/25,Keroro Software LLC,0A04CAF1BB3BC17A33C6E155EC4F5883
30c71cc2417209af06c89da20337e4d9d26d0593dc122edb907ae5bf998637c5,c2fa4a0e40a227d21dc6e91df50b7d83,362857825bdf5cfb2014a31e767d0b081c231fac,cgcore.exe,10/24/25,Keroro Software LLC,0A04CAF1BB3BC17A33C6E155EC4F5883
a2d64ecee7e2007bc9e066ae430b8cde32f9b9b5e30c2677cc63f85fe0e8fed9,85925972993a22d9167a0711282b6055,810baa8f6b2911624196f8c4499503b41789fd00,cgcore.exe,10/24/25,Keroro Software LLC,0A04CAF1BB3BC17A33C6E155EC4F5883
7df36079787c3b8815be3961edf9f3da20438e0b87b4c7e5b5e21eee218b0673,eb2b2b78d17af70840ea524ed934bf86,85472f82a97f569901708b64af28558e640e8b49,cgcore.exe,10/24/25,Keroro Software LLC,0A04CAF1BB3BC17A33C6E155EC4F5883
a926bb52f21b24473757994925dc224c76b39a5889e5571c794fcedc85732dc0,1a3451e304ce0eaa67cdf6ac9c46ce73,d2699ce5f2a83f9f82dbe892f18dddd476f13810,cgcore.exe,10/24/25,Keroro Software LLC,0A04CAF1BB3BC17A33C6E155EC4F5883
f04c74a7c2145a7eb96049b8430313fbc095944aa654e19566aefe5989f4554f,bc4c451d6d421aecf54753e3fc83b584,c3d0207a328470eb13a9082c1737681d41d1363c,cgcore.exe,10/24/25,Keroro Software LLC,0A04CAF1BB3BC17A33C6E155EC4F5883
f30c4bd9693b6d83453fa17046af98e72c870e8c55ba7fc760c3fb09f0c31633,38c0ebf71ef1f9c90d998f2e023d1825,45a7897d088912ecf81db85e4803fc1da645408a,cgcore.exe,10/24/25,Keroro Software LLC,0A04CAF1BB3BC17A33C6E155EC4F5883
ab7a760ef12e2dbf23395b1a23f544d7d43e6b2b101f3c9a00659d08bdf2339a,fccdfe55469520d29000021a20d9a070,dd94c84ade0efdf996c03172d7ba087548b3d4cc,cgcore.exe,10/24/25,Keroro Software LLC,0A04CAF1BB3BC17A33C6E155EC4F5883
c9fdce52b9cb2a6166defe8932a639ae3acc48104515a4e471d0934168fb3994,29e74e907e9fe4a73a472094fe5bd737,9b482c1ed93e8c7d3e0edad50d0a52f7c5e38c69,cgcore.exe,10/24/25,Keroro Software LLC,0A04CAF1BB3BC17A33C6E155EC4F5883
3a712dfccf8e2f755b4c305bcbfa39b167a042c0daa63450ddac94ce1e3c5561,418a49d5108bfd5f431d52046e753ffb,07f857a7144547768a1f36b517a391619853bd0a,cgcore.exe,10/24/25,Keroro Software LLC,0A04CAF1BB3BC17A33C6E155EC4F5883
104d604ae5494794a8e39328849b4f7828f38fcefe9bf1b25d249867053f3cbf,2a3dbfc6debf8eb3cbff31f74ae63e9d,d22f12b79dc50054203ac98a161b8099b979bcc6,cgcore.exe,10/24/25,Keroro Software LLC,0A04CAF1BB3BC17A33C6E155EC4F5883
f5260ec89ef22b088fdb50968c65b938704a8e3c9e5b429bf7b42dfd2f39040f,99083e7369460866bd69cd1fe396c0b7,823b1b544dbad8d104ab9ea73b725b50e5ef2fc3,cgcore.exe,10/24/25,Keroro Software LLC,0A04CAF1BB3BC17A33C6E155EC4F5883
105f90fb8bf27708fa986b9769bb25605fb8041b6a5f84a278323206383786d3,8650ede66995e2142e5522498759e1e3,ee04cd6e15749291b757d9c6fffc705e6a9d8be4,cgcore.exe,10/24/25,Keroro Software LLC,0A04CAF1BB3BC17A33C6E155EC4F5883
7e8786b606a57138497188c2425ffb739a15f71d55cfb665ff5b3e1c560cdc37,60cc8d9799174a01c0fc6c2a2cbc6ea5,b5f11aad10d0b4d73f9b33c80bcd8ae7db2a77b0,cgcore.exe,10/24/25,Keroro Software LLC,0A04CAF1BB3BC17A33C6E155EC4F5883
0d1c3d6f8450ce34faa900bde478e7a925a48840e31334b61fdf8ca0fa61b9f1,69d38a9ef5ce85a3de1300221ee689f0,63cb45df7b69121169db1f466831f77466d0adba,Setup.exe,10/24/25,Keroro Software LLC,0A04CAF1BB3BC17A33C6E155EC4F5883
26ebe48735e67a54b3ec56ef6c0dae6b0ca13d236ca520ba1a49302a74848069,f4e6f7aeaf82157756b2c1468477a720,2d2c69a10d961a75f3667393e4d0de203cc9ecda,Gpu Driver Update Tool.exe,10/24/25,山西荣升源科贸有限公司,0CBA02A32BEAB6BFAC34A7511A8B0E22
19d9b53641a4f9c4922672ca1e021c7e25f4aec23e5fd9994a9b21cc2b2e657b,5ee316d1c339cc7ca828ddaec0172ab2,f748efa66af06202176097309397db5106705c2d,downloader.exe,10/24/25,"Hangzhou Saifan Technology Co., Ltd.",0DB8378E7C5F330A988848572F290434
c1d649ac5ba6f10871774df2bf3441b989df107b61aac3ee31781875e6121ed1,435048496a42e1921e31555d02ecf066,d638a667bdc0e427d306dff6c16564cea1107748,resources/node_modules/vibran/Bucky64.exe,10/24/25,"Hangzhou Saifan Technology Co., Ltd.",0DB8378E7C5F330A988848572F290434
51a4a2f0b9025c19f352787bd263fbdf875a101e81e549efb65977faf77f7fe7,b0a3bd92ad0a0bbb92b8994c9b3b0675,e869aa009115497da293d2f3d39185a7ed3ca2fc,commonbase.dll,10/25/25,"Eugene Investment & Securities Co.,Ltd",0497D45997C350D2867A7764017C3F3F
156d3965d09cb9618a2878dba7c16b5790d9056361bff5d3a1d1234a96e85007,52076135332cdddeb3dbcc5de8f47d0a,cc4a512799776d0e869aba061c1a72e9f70c022c,cookie_exporter_exe,10/25/25,RichQuest Network Technology Ltd.,6559999436BD29785FBF07D0F472E994
9dc3189011184a98a9793423a5ce47a1176ddb1e634b4517ceebe10f2c54e893,77b3cf692b3f4512207b14cf4748628b,ab8aa674dedefc3edf0b70672096a8baf22e0fea,live2dmodelautoluancher.exe,10/25/25,Keroro Software LLC,0A04CAF1BB3BC17A33C6E155EC4F5883
7d6e39558afb84cf3ba13ad26b64313e6a7d70764635985f86435b29324fc7a2,2aac48ae1944085b000a6554a4a0085e,7022a97debc2fdec82aa7ca2cbc04592dda205c3,live2dmodelautoluancher.exe,10/25/25,Keroro Software LLC,0A04CAF1BB3BC17A33C6E155EC4F5883
18e2c8f7a35594e79284bed5deac19bdf87ce7730053f8d9c980a75092177c9a,037044a48d82e13c8af209d0e62aa0b0,0b09f1d6bec62d5d459eccd24b866e33065a5133,Injector.exe,10/25/25,Keroro Software LLC,0A04CAF1BB3BC17A33C6E155EC4F5883
2200635caef4a6b2bfdca7a8b171f89bf3328a9241571d1609ef33119ed696c5,d9db7f9e292cc3b11743a1b33111a626,eea7def3cd833397da8cfc9fae70ad456157393a,timed_shutdown.exe,10/25/25,Keroro Software LLC,0A04CAF1BB3BC17A33C6E155EC4F5883
8b2bf74af91d5c70f8afa76195ac61a751403780e1e3fc75cf814e7c092af13b,854f696508375213578012cd6e36ab43,52adf8d47a89e87cb1fc24fd56c4b4e63a103575,VC9_t2_timed_shutdown.exe,10/25/25,Keroro Software LLC,0A04CAF1BB3BC17A33C6E155EC4F5883
cbda5259862e254b7cc031e4195a428df7de3aa043870f017861dd5bbb637b31,16b6bda16d275949a11e49f33b3c9a1c,7a6e57da7c0e4f00edae9226a91ab73a243ea6a3,VC8_t2_timed_shutdown.exe,10/25/25,Keroro Software LLC,0A04CAF1BB3BC17A33C6E155EC4F5883
fea8cd53855f6c74ef5f52ddd8fa01cabeb284cf553d8f513461bb78ceba135c,05d0a728bab3da0764480540be98410f,7860c16078018a7f2f8b3f78ff96e9aaab5430a3,C:\Windows\cw53zdod.exe,10/25/25,Keroro Software LLC,0A04CAF1BB3BC17A33C6E155EC4F5883
78e3d5b3c8abe47dd2e5d5eb225e83f49e897dcef00141ff940613de5d1a251e,02fd59ab0d8b465c6f62d7d56cba5954,bfd555c86fdb17a3d5dea8999d31a843685afd60,C:\Windows\System32\ntdll.dll,10/25/25,DONGQI TRADE LIMITED,0B88E4D595E84A1C9D96733EF7DE5546
c978545bdf71e75ce67baf2f0da5fd0fbbd027f62a689bcbd82265b6bfddeaf3,211b17c32f31895c60fd19739fb9f097,271a795f9fb864093faa0ae542859f0cc88c6c07,C:\Users\user\AppData\Local\Temp\1oikabsm.pri\BitBrowser.exe,10/25/25,DONGQI TRADE LIMITED,0B88E4D595E84A1C9D96733EF7DE5546
f9c0b53311531e5e13ef20a319439807882ce60c0f5e6cef6ec8b83ca3b90ca2,0a3d141d8c5c2a2458cc8d8b83c38704,909400e3487523da22e9112f91189ba96ce9a95c,1.exe,10/25/25,Jin Chen,134216E462B8FC279A7AF7382F45F3D3
043357835d200d56cdc5cb0aa4e9a3a3909e55507d17bafdaafd8d066cf58fb4,16c623f8ff23c61097e5df42111ce933,33754d81ceae901320843832439a5447f330022f,1.exe,10/25/25,Jin Chen,134216E462B8FC279A7AF7382F45F3D3
a50b7142560206c7aa01d410fd5a1cd2ef93dc3eb3a723af5382f4569af595a9,25e41bdc2dbe036e73006c34844440dc,c82518b38502b9888d0aaad586325e34c73edf94,1.exe,10/25/25,Jin Chen,134216E462B8FC279A7AF7382F45F3D3
5bd649a9aab099e0a592474021cc0ab00761adcc6b4cf99acd9f87263ec0d146,50ded1182e72460da3d79dd7647a6e20,a8c9206b72fbc446af737607f057cbb1755f93a2,Rar.exe,10/25/25,"Yangzhou Dadaxing Internet Information Service Co., Ltd.",567E1FA7B741E453DEE4CBFAAD7D8062
78d89ae4ea60b18a9fec05ef68d2db33d079187c576d3a2b53b236da4c61cf1a,a45f304a067d5f01e394034ab39ae944,9aa69ee41c5266c59ce7ea987f00e5dca24e1d34,vk_swiftshader.dll,10/26/25,"Eugene Investment & Securities Co.,Ltd",0497D45997C350D2867A7764017C3F3F
88e8b37ddcfcb653e79738da65db36945d1bdb78a6d5c1056f09e44b252112ea,4659c3160c16f17ab1e0b5083f7bf336,e2b574be4df96292be58ecbc2bedd6600622261e,C:\Users\user\e433374a-5d3b-44c9-bac7-5d95bad510e4\commonbase.dll,10/26/25,"Eugene Investment & Securities Co.,Ltd",0497D45997C350D2867A7764017C3F3F
8553525b9c338f355e2c0f476994fb71b63c282e7ba1002047083f5c48c6e55b,0a88048f8ab4bf094c41bbc83fcab948,e20bf82549be064f1f2d8e1328422252f80b6bdb,wdag.dll,10/26/25,"Eugene Investment & Securities Co.,Ltd",0497D45997C350D2867A7764017C3F3F
c330e9e3649ab0d484f5e75c1a2361844ac00565973c973433c23007f856aa40,63154cbbc80017a3c8ce4bd683675607,62ae87a66aacd331feb635b54dcb66b163d798c2,DellSupportAssistRemedationService.exe,10/26/25,"Eugene Investment & Securities Co.,Ltd",0497D45997C350D2867A7764017C3F3F
37d27fc9336fd3f8cfe7aa2250f00e4e61320aef8a39542c8eb79a853150e692,23b1bcd605a8e8411d355dbde1f10ffc,c3129d04b62a65c51c463927675abd458df08d96,C:\Windows\System32\ntdll.dll,10/26/25,DONGQI TRADE LIMITED,0B88E4D595E84A1C9D96733EF7DE5546
85de76309c6e943bb82fa0aa900c2dfd7d51f9c7451ba0708d36de57a0ad4b40,85c16a7acdb7126d89b4d2717dee5eb4,9fcd500df9d231f3e43929a2385b161ca207b156,Driver.sys,10/26/25,Jin Chen,134216E462B8FC279A7AF7382F45F3D3
65dabbc4bfa234c2951cad0261dfa4a969cf93c7a7170ab47bd60f9d852949dc,53550f383ac2735db381700baa428c1d,806218e57883dcc2b9eb285e6b3cee3b2c95079b,1.exe,10/26/25,Jin Chen,134216E462B8FC279A7AF7382F45F3D3
9869bfd0cfa24e03c0f6a8b6ad3d56e8f84cb741a6836fe9c5c6bc33ada36e79,ded39c97261469a07b5574c48678f88d,ee2c721dba71d13d421f584c9aab2fd68b6c7485,Driver.sys,10/26/25,Jin Chen,134216E462B8FC279A7AF7382F45F3D3
2f51875bce2116c9bd6ac36f2352e4d1767929fa06eeff6c9a4b50f055845f72,f63ff93eae18e8ef0431df1622845892,7b34ae01bb0a54cb2fc0f62221e6e7477db4cbd3,1.exe,10/26/25,Jin Chen,134216E462B8FC279A7AF7382F45F3D3
2cffe9c529befba4b15969c85485986f1e7dee81b6b485d46441b48f48f1000d,1cd70c62d15d79488fcab58a7031bb45,ed4974fbb1d9977f8fe48a94a765dfaa7921e416,1.exe,10/26/25,Jin Chen,134216E462B8FC279A7AF7382F45F3D3
8e1720d1471975a9c369c2a2629e7b6cd48300cfda42834234dc4f92c78c320c,6d9e4d6a042869270096e8a175133f74,e1d63f45d546ec2f4696172d7b62c7e82c8e3632,Driver.sys,10/26/25,Jin Chen,134216E462B8FC279A7AF7382F45F3D3
39516fad0c4245c5cd6352714fda38850d3231f1ea25fdcd48a70f5fa862512b,0c2e6c5fff8d06936b3521cae27ce74e,7172cbdf684ed2195d6d8b4796744727b999baed,Driver.sys,10/26/25,Jin Chen,134216E462B8FC279A7AF7382F45F3D3
3509502c82be0309f1f2dd824fdc02b1fe986a10659f6805fdd55fc09d71a9ad,7197caff4284c8ed7deb312f5c89e3af,35faea10eae260f7253bab4c3b1f1a1ef0a47414,1.exe,10/26/25,Jin Chen,134216E462B8FC279A7AF7382F45F3D3
cf1e2a1dca61a13ed2bb5135d99a4ea8a190d675d434dfa724fbe925d574a102,40d00923f59d6112f9878e31d020e74f,2b361ac328bd7bc7fdadac35a60bb9f40c326c00,wmvert.dll,10/26/25,Jin Chen,134216E462B8FC279A7AF7382F45F3D3
4c0c9345f8b3df38adf1587b1bd87aae6aecaa7658b2ab82822eb9a0f437cd27,a6460af5809c83569689df7a2421707b,0d0ac08a47437fd6316d6f013af77d7455e2f489,2.sys,10/27/25,山西荣升源科贸有限公司,04EB8615F356CF0F5BF4DBCD08238DA4
13b0a16aebc6787bae715e53de4b472dfcb201b41ec86a8cc318455b1dcb0129,8150fd66b730d37ee373230b3d2d34e1,904f8013048d9a5579eaabd234c873e0842925cc,2.sys,10/27/25,山西荣升源科贸有限公司,04EB8615F356CF0F5BF4DBCD08238DA4
fbaa900afeecc14fe6ca57f2ded22b339a75a588bd1dc039947b07b2e6b17dd6,6fc08c8cda37794626ed1b9b9f20cc46,dd06cd99cecf2416525c9734604da36dddf022d6,11.sys,10/27/25,山西荣升源科贸有限公司,04EB8615F356CF0F5BF4DBCD08238DA4
53aaa0776b20574d73af4efb65aad316a5a8773e99da8009cba53ebfea7e8216,1b330adb7447cb843c51c2e3ad946335,e164f917a6bbd22bdb21329b9f075826271f41ae,11.sys,10/27/25,山西荣升源科贸有限公司,04EB8615F356CF0F5BF4DBCD08238DA4
71706b4fda66b77689b919f5c6411828e04a6092d35c1441a59e40f59285b4a8,bfc7785ca6ef1af46396979ee6738450,94a7307bb9606fff12369f310f9a5a3dd5a3ed50,JSBProxy.dll,10/27/25,Keroro Software LLC,0A04CAF1BB3BC17A33C6E155EC4F5883
6ee342eed8b96a019cb869711d2c00523f967f4e586fd1ee0018520ddca5be3c,f6f5005d1fd771655a3f099a679cc2de,f54b15f583b756f7d8e14d3f0a8a4ad9cb6d3e94,Driver.sys,10/27/25,Jin Chen,134216E462B8FC279A7AF7382F45F3D3
f82d6cc5fd3bafb76d7d6b85f20eb579014d75e88a917bafafec0685eb599839,fc9c645ed72c5b332d90cbc26e720b05,e967f2d794863845abd9c227ef2b95d496f0bbe1,Driver.sys,10/27/25,Jin Chen,134216E462B8FC279A7AF7382F45F3D3
40a36f72e16684de8cc072b89c30edffafdd51e4b9d60d6124f74bf93a246d3a,f57ae73890e9d15838cf1d3775c5ba24,94c2f2699db1483292c0a956b60d264df1f21f0f,Driver.sys,10/27/25,Jin Chen,134216E462B8FC279A7AF7382F45F3D3
ccfde2d422f6e0ca070b2e89fa41b5fa03bd8ab555bb1707e7f661e04ccb2e5c,076767ff71a2af473d14432b43fe806f,8de9549744f7dd418e0466e3f72c803942bc1849,1.exe,10/27/25,Jin Chen,134216E462B8FC279A7AF7382F45F3D3
96c1827d03dbc776632fe9f4eb5b3a32625dd8011135ee703851f3957a4eb2b5,019dae9f33a8795ec0608c1586bc80f2,32012821070503cc5b6563c9e9e588f046e2fa89,Driver.sys,10/27/25,Jin Chen,134216E462B8FC279A7AF7382F45F3D3
1a42411801dba3aede8be8e951c9d05724fc75a3268f445de76d56340a040556,1e43255d297efc4252b6626e81d9d153,7015eecc7d6af767ad7e599cafb841fa996e2091,Driver.sys,10/27/25,Jin Chen,134216E462B8FC279A7AF7382F45F3D3
6a35fb9b0662165e5d22880dccff7cd8983432e8b66f431ca9271f01add7906a,8875255b81fce32aed92bf880a966baf,11f4a6e1b264041c15f1b42bf6951447afe4b1fc,1.exe,10/27/25,Jin Chen,134216E462B8FC279A7AF7382F45F3D3
c4309d841dca0b311c0b6f952840eb0adfde5f5d0061682c96b79e4eed52c5e2,5315ca676eecb9651d3e9d72b4648192,81f32db677060bba20400d7f313c89efeba73248,SS676.msi,10/28/25,Keroro Software LLC,0A04CAF1BB3BC17A33C6E155EC4F5883
d4bc4f033c4f8b96b44da76e70338430dc3a22d6667438273bb322936c2b6f4b,da2d0413a7f60cee127147bb599ef7fe,8061c4062ef5642388e492ff7b3516a05c5ac034,bdc_setup_4.7.2.exe,10/28/25,Keroro Software LLC,0A04CAF1BB3BC17A33C6E155EC4F5883
21cf12d7a163562f18f06747a0da2e5106cec4df4778075b0da2e9dea11167e0,d2fd2871be149a44fb0f9513c03cc859,293aab7f86d6f55a5c30f8f2832f3eb70d7c2d81,cgcore.exe,10/28/25,Keroro Software LLC,0A04CAF1BB3BC17A33C6E155EC4F5883
7d590b09d6558cf1de00899cadeedb61f39e78f310a839417681ac0108402443,dfa1f3cf45a1c58b93598e50b0080995,1706ae94a710acfef6f7975d4653f2cd3685150b,cgcore.exe,10/28/25,Keroro Software LLC,0A04CAF1BB3BC17A33C6E155EC4F5883
a0ccf65c6e1f1788da23ffa9dcbee96227094dc6d5bf4c85bc65186d5ff4ece6,e1d1d542fe80191fdf339e855940cd53,e2f9f815da1d2fd3ec52f1fc2c40194950028f52,cgcore.exe,10/28/25,Keroro Software LLC,0A04CAF1BB3BC17A33C6E155EC4F5883
81ed833d16113ade9ce81d9aea50fe81ae2624d5ef78760c8db969b9771f474b,9d39ec7746f0c0dae6241d9ce5aeccc1,5a04ec5b6e506cbb0c4ae187f89528ff4b0d7308,cgcore.exe,10/28/25,Keroro Software LLC,0A04CAF1BB3BC17A33C6E155EC4F5883
91d415a953430e090618553d00634594a85ec45ea9ee740462316fbc59f8de22,47c3fcbf566056ef363c5daf95db7fad,5cba6d3284cc8efce5a0630f01f9cafa15128320,cgcore.exe,10/28/25,Keroro Software LLC,0A04CAF1BB3BC17A33C6E155EC4F5883
275035b20287b30d95d1a7804097cd0317dd1ddc054f83445e8a272360e3d6e3,068806cada4cccdbf6ec2436d720ada1,2dd72e0327577e6647d4a155d24b55c835580a5e,cgcore.exe,10/28/25,Keroro Software LLC,0A04CAF1BB3BC17A33C6E155EC4F5883
5752acade813aa710c9cab2e1ecde4819ee89ff3a608ee039d5fd4c35cad610e,aff90b0a4b9265cca99d6fde6ae2e204,3dfd9703b2807bddfbe9d3c2ea3cc782a75a3935,cgcore.exe,10/28/25,Keroro Software LLC,0A04CAF1BB3BC17A33C6E155EC4F5883
211df9b2de7687574c71a88630f29b99eb5570215580045f3264e19d69256fc4,ef87a32cef0ffc1661f7c6f2272731de,ef59e89bddfb3bde5cd8b077708db95abe70ca0d,Updater.exe,10/28/25,Keroro Software LLC,0A04CAF1BB3BC17A33C6E155EC4F5883
d43edfbf370fcceb9f9d3c1cfb7a2f8ce0c51cb72dd176397e8ba57c2cfa7e22,5f9d154f6e82995d8dfd8edf803d6069,7714a60a0a312c6b8bbc7e4e73a5af85eb1705cf,,10/28/25,Keroro Software LLC,0A04CAF1BB3BC17A33C6E155EC4F5883
a794a1c7acd7b139b538f4c589c8ddcd43bb2ef124719aada653733945e478fd,17533d376770ad90e49e4dcca4f564e8,969642591b4aa4504d0f5d658d5f6ca1e2500d62,Injector.vmp.exe,10/28/25,Keroro Software LLC,0A04CAF1BB3BC17A33C6E155EC4F5883
21db12341eeceb9ccf26bd6d3a965ad632635abd6f2af8fc23048854e3972ab7,628aa88d5ae0b247addc9a6634c72e1c,981abcdad12247d60b14e9719dd707914b647cb7,refox.exe,10/28/25,Keroro Software LLC,0A04CAF1BB3BC17A33C6E155EC4F5883
2ef452a6cea3fc31d90618923ebb17c501a184e01a96a3c892d9bf71dc10edce,fba9695c8d3f0aef993d0c01dadaa251,12c51caecdb43de224238eaf18632b25ea8d87e6,PortierVision.exe,10/28/25,Portier Global Pty Ltd,4824B75744F606DCEEF3A06D638FFDA2
e10c8d513419bd288164f09910af5581dc5bb463630504fdd76bd1168ffdb70a,6ec22f146d2cac0663037c1c07764e3c,eaa6bfa8a6316687536fc1f653c1cfc7c3552a61,PortierVision_PDI.exe,10/28/25,Portier Global Pty Ltd,4824B75744F606DCEEF3A06D638FFDA2
486a8c5f334e2ebac86ca7fe845f2ebccd6d57791dd57adc962129bf4d844dfa,9482aab534eccfdf1a035907d0083182,b94fafd5d2f65399d6ecd717c1b33d06b428e372,C:\Users\user\AppData\Local\Temp\o2k5ebtk.5sd\SetupPortierVision_5.3.3.exe,10/28/25,Portier Global Pty Ltd,4824B75744F606DCEEF3A06D638FFDA2
90dfcc2afea38e4729665dbf33e2272a343afe6b12a40786ef1fc4f29958beb7,fef5ec49182ef706e54f230b3c5f0b0a,aead8990b6ca792471964c8650b3e6ecd63e78ee,Driver.sys,10/28/25,Jin Chen,134216E462B8FC279A7AF7382F45F3D3
3e69460a3dbdca9bbf82826807c8da2b75b99004a0c59f7ca287d49b634537fb,fc7f47f5008476caa83250dc8ede1cd1,a06837f89d5f02d404ea92e5b0c89c53f3ea5acd,Driver.sys,10/28/25,Jin Chen,134216E462B8FC279A7AF7382F45F3D3
d83c69561b8aecceec468dd44d87ed1be7624bafba1eb488c95a55b000732bb1,193742ff0f81c3b03b3b0e1121da4eed,2634ec2518098917d99d86a25611602e3b6a405a,2(2).sys,10/29/25,山西荣升源科贸有限公司,04EB8615F356CF0F5BF4DBCD08238DA4
ae5b00e8be826c499459da9cdd2485e8f2c44a39f9de3c3931111cf9b26e5f68,3cf4c1616399909ed217da3a889a60c3,e56a074607cc2d4cfb0882b2d901f6cda31f4cb1,2.sys,10/29/25,山西荣升源科贸有限公司,04EB8615F356CF0F5BF4DBCD08238DA4
2689b41251afe0763c8ef0549d02a0a908177a9f4c8ba68c9714538b1c944507,c3d9b46c45a5a8d8807284d827b5c2bf,15b7eacbbf5066c58099218a3dc52e73d0a1b1d7,1.sys,10/29/25,山西荣升源科贸有限公司,04EB8615F356CF0F5BF4DBCD08238DA4
fc2465f062cd4dedb78fa0d0fd53f55abd4c2a295e17dcf6d33e4edbf48852ec,48ecb9e840ad0aa6549905653837d423,cdd7bf27d81238d0355db03477c72705b7c8bf3a,1(1).sys,10/29/25,山西荣升源科贸有限公司,04EB8615F356CF0F5BF4DBCD08238DA4
1c2c763c747ff1fbeecfd58b6227821e1d03752910ae044c27e3d4a64adc5a9c,f5d437b35a20f7577ec844f71522b20c,fc009b77f2c6ad9defc71e8ff4f127f66a063c2d,=?utf-8?B?MSAtIOWJr+acrC5zeXM=?=,10/29/25,山西荣升源科贸有限公司,04EB8615F356CF0F5BF4DBCD08238DA4
0effdad4e35551cccbd43fdf1de6e992519f77929cf9f2344350d6a16910a131,55d7a70e170b0ce4fd693757cdc4692e,21c0767bebbcb6b32d8e003371c6e0477bf0244b,1.sys,10/29/25,山西荣升源科贸有限公司,04EB8615F356CF0F5BF4DBCD08238DA4
9fb1b779787dac96028f60690e4877182fc55294051515282a673d36f688d585,f7418c6a1cf5daeb214429b6d2ff9c74,0dfaec11d5f9904ae1c1293742858fed4e6f8f85,Iime.exe,10/29/25,Keroro Software LLC,0A04CAF1BB3BC17A33C6E155EC4F5883
a3e2738599200518b11b104f33c93946d0e9557e6ba8b48d63f96637954f47a9,7b8c7c43b5fc054767bc77b27dff7d69,7263bd58b61dff2aa24d97eb25a35cbd7aee803d,opai_launcher.exe,10/29/25,Keroro Software LLC,0A04CAF1BB3BC17A33C6E155EC4F5883
a255fdb04f55dbe4e530111be922d61da0a4a475c86db5adb3013df0e17befe7,f9cc17ea7512a70d51b8a3dda68bb893,0b8f3d071530b28edda65f91326c153a96f29196,cgcore.exe,10/29/25,Keroro Software LLC,0A04CAF1BB3BC17A33C6E155EC4F5883
321eefa7f328dd8131e7a288763e8b90e23474037937d1ab723b2e0c6e08da55,b2bd11daacee4a6f18326307fc61f9d8,ee5e3ba5f9d91351e81f1e12ca0ae8fcc8dc3fe2,cgcore.exe,10/29/25,Keroro Software LLC,0A04CAF1BB3BC17A33C6E155EC4F5883
0db44aa332ef20412db01a7fcecc2937400153eb306c61e05091fd6ede4a9997,18c4bac14debf08544bc7c6879056f7c,a6256165e5c5aee5bdb174cc34aa6bfc40608bf6,SS676.exe,10/29/25,Keroro Software LLC,0A04CAF1BB3BC17A33C6E155EC4F5883
171c2c1dbc94f46be4e7b624b71e06bc2ae60e5955e5bb6bbecd78ea7d92837b,f3124d7a60ab331f69907df3a3ea1b2a,9738664be90d3af5ff6f1c85ab9bce1a127ad1fa,cgcore.exe,10/29/25,Keroro Software LLC,0A04CAF1BB3BC17A33C6E155EC4F5883
e87bc38e430760deadcdfcd97cbecb6faf9c837a3ebf616c311df6f4465817a2,8c9663923bbfc99102bb8a8c7e31f4f0,313cb4a786664947fd1440a8d4007cacfad54438,cgcore.exe,10/29/25,Keroro Software LLC,0A04CAF1BB3BC17A33C6E155EC4F5883
d7cba567dc783677468d5e32062a29d02275c013bf27735d377057a7151ff189,bc08f6323eb01ac7ecc7e2cbf3710d74,371c3369f9b6e685f5f55e4db10b8a5ecc5871f5,cgcore.exe,10/29/25,Keroro Software LLC,0A04CAF1BB3BC17A33C6E155EC4F5883
ebd87417d59b109ff8708fc682cdcc3f6d284e85ec4968c708af3b45e8905e6b,211441b6b5a4a16c540e0cd18c3bd494,b9d925b1476533494452b8d3f6fbbd39b885f47a,cgcore.exe,10/29/25,Keroro Software LLC,0A04CAF1BB3BC17A33C6E155EC4F5883
6db6c7dbeb814f5a328fadc5f02280efa5f6ddb23518c3a31c23863a6c4d6a9a,088e5a8aae49be72d6d76f20cfce3d4b,5c17f2ce1cb65c073f998f84be97d1ddc5ad4dc7,JSBProxy.dll,10/29/25,Keroro Software LLC,0A04CAF1BB3BC17A33C6E155EC4F5883
a1759399f8ce14c82fa5ddab8d252601706c12a78730cd6d80ded348fefad049,0cc83e43fd4560b2c3a6c27ba4a9650c,850de88ed893873c06c8c1e082e0b86783c43c93,JSBProxy.dll,10/29/25,Keroro Software LLC,0A04CAF1BB3BC17A33C6E155EC4F5883
0fd89ce387e49307a31dbf3e21b5833d71ff88b54079a87370ce620d6071ea9a,193d5f213d208bec08d13ad83f55b9be,59add6dc8ac88a55d222c1b0df05b34e5aee6211,C:\Windows\System32\ntdll.dll,10/29/25,DONGQI TRADE LIMITED,0B88E4D595E84A1C9D96733EF7DE5546
af728868755a506fb872f0fd93e6cb3f85f2e6ad0035aee77755d6d0d24b2df4,1c71b4c86755b78a9ca95b044857d562,357545953107aa973323d865e21c764b143de07b,6.sys,10/30/25,山西荣升源科贸有限公司,04EB8615F356CF0F5BF4DBCD08238DA4
78c154d7445e3af2a5247347641ab0d18264a6435051da61af9920ec02b8bc65,f035c16665c1f653ce1e53a119eb8bd2,de9ad231c0a9cb0a9ac95e2f8ac6019c7bceeedd,=?utf-8?B?MjIgLSDlia/mnKwuc3lz?=,10/30/25,山西荣升源科贸有限公司,04EB8615F356CF0F5BF4DBCD08238DA4
620850300c595d448d7faa2d6511db1d4cd0f10e1e5e116fbc0e015ad2e10098,782dc1122172c6d05fafcf85bdfa4b05,96224bbd189b667e38754659d52e3e842dbbbaf4,=?utf-8?B?MjIgLSDlia/mnKwgLSDlia/mnKwuc3lz?=,10/30/25,山西荣升源科贸有限公司,04EB8615F356CF0F5BF4DBCD08238DA4
e1514ab425e0eb23fdc283f44d4cc68212e74bf81cccba24b3fc307081517cee,a8b4a87e09646dac373192f2266d35e7,4f684194beaa3ab912db19b8a65e4285ba58c9c1,=?utf-8?B?NiAtIOWJr+acrCAoMikuc3lz?=,10/30/25,山西荣升源科贸有限公司,04EB8615F356CF0F5BF4DBCD08238DA4
11647cdba9f5ecc068fdb8047ea700177b7ff435b135983117ea5eaaac0ea227,a259bd722076e5fd6a68e1779504bd4a,de9a05807edb97f8fade916a1d8d14bd91439804,SanV.sys,10/30/25,山西荣升源科贸有限公司,04EB8615F356CF0F5BF4DBCD08238DA4
8cdaf7eb6f5af67772488486003c678c4e0b7cb6a5d7273674dfd5337b529da7,a1b20f6ea5b2742ba2e1138a0bcba6b0,b5239175ff5fc5bde175454322c21e67acd32f75,2.sys,10/30/25,山西荣升源科贸有限公司,04EB8615F356CF0F5BF4DBCD08238DA4
f2c4ee8c6909d4d00a777abdfcbe8836f3592d186aeb809375af1d1c677a4ce7,416d45bf4eb20c24ef0cfb44a4dcf1ae,0ae9575f039a589054f9ed26677b96f1bbafcb20,2.sys,10/30/25,山西荣升源科贸有限公司,04EB8615F356CF0F5BF4DBCD08238DA4
df0467b786724e1c9e57ddc7e55eb3c0aac717ce2afd219fcc9fb9b567f4e166,6ef3a87b1ee8972537c06404c49e4436,6c58a329707f4ff6cbeee886179fb70fa778e253,1.sys,10/30/25,山西荣升源科贸有限公司,04EB8615F356CF0F5BF4DBCD08238DA4
dc60bce2576aea26a4c42fc8dd9681270e7d3abd1a89210ecb98e25db68e21f4,47438164a1f90ac4b065cd82a01e5f38,0be9bef7ad1cb566460484a4a05f8378413dbf81,1.sys,10/30/25,山西荣升源科贸有限公司,04EB8615F356CF0F5BF4DBCD08238DA4
3cd1a8cc15dd1962cf41f2faa348639ea00d2908ea2d2ca57919d9df32fcf214,1534a65cd47e19266254369a799bea40,81c9789586f889b43d04f1dac923056e2c79da9f,netaccel.sys,10/30/25,山西荣升源科贸有限公司,04EB8615F356CF0F5BF4DBCD08238DA4
481ace52551022081a35e6935d5fbbd3cd8d8387a9d00f237f79c10f1cfe814c,d3d02e26ebd96defb5b54d8b60c2c6f3,1bcb65861f5b50f9d1db59866ad911db043fa289,1.sys,10/30/25,山西荣升源科贸有限公司,04EB8615F356CF0F5BF4DBCD08238DA4
d538bb41c3396c6ed3985948d08f3c06b7b0d3b4c2c47d854357256a229eaeea,28863a177a38244dc4ec776633c820ad,221b3728af07fdcbd658dd4b93002500f9756018,VCore.exe,10/30/25,Keroro Software LLC,0A04CAF1BB3BC17A33C6E155EC4F5883
fc683830700c974e4d10a50b2aaabaacb61b035ed5a1402c6bd6cdb5466177eb,08b3ddf89cb718b2319f4ac87ed1236b,c8262364b75258b4e6e0030c10da891c212253af,VCore.exe,10/30/25,Keroro Software LLC,0A04CAF1BB3BC17A33C6E155EC4F5883
d21b58ec7a22e4d8b7db22df0565464191c39a242e503d9b77fcda0e22e1025c,8d59a81d5997b5c33f4bb9a28bb36454,bd72310d068b79b5e25843c54f0f3897b18f6147,cgcore.exe,10/30/25,Keroro Software LLC,0A04CAF1BB3BC17A33C6E155EC4F5883
57edc6f3e5ef7dada6a4a1886775cddf4128a133ba50fc1e45a6697dde271504,27536f5dc8782ddd4b60db7a9b5bfc64,85c118923af959b1e717e7736d73b7fc1ebdd420,hello.exe,10/30/25,Keroro Software LLC,0A04CAF1BB3BC17A33C6E155EC4F5883
fb1df33b66e160e3c28cae4e8536a0bc86a82c7c3814809473b8f034a47102c6,ef8b78f60900da8312a3d22d656c77a7,49c66e73b2fa2e9e13e9598c749cdfbb6cf53f89,Updater.exe,10/30/25,Keroro Software LLC,0A04CAF1BB3BC17A33C6E155EC4F5883
1170d11bbf44c469842a4d512989c0a587516beb46c3c43cb5b5a7f7d49fa7f6,e3941020b25da977704637a43eabe65c,4ac8e5dd0c008720002c5067945087c9e6dcbb86,Setup.exe,10/30/25,Keroro Software LLC,0A04CAF1BB3BC17A33C6E155EC4F5883
f70fdada4760e4fa7af7a425bfcac79955b0cfc15ceb245aa289ad776956a0c0,af6936a4ffd49fa6fdb39ebc8bed0fa9,db33f2d22ae51ea40e8cab1d37219683f40c514c,=?utf-8?B?5Ymq5pig5bCP5Yqp5omLXzMuMC4wX3g2NC1zZXR1cC5leGU=?=,10/30/25,Keroro Software LLC,0A04CAF1BB3BC17A33C6E155EC4F5883
7d78b62593582367e3ed045a4b81db0a281b8ee9f5fa74533cc58b1d2998f868,3ac533c86106583e25caeace2edee513,4aee67a8efaa7f6801e7de446b0a013528364206,/home/petik/ss/malware/2025-11-05_3ac533c86106583e25caeace2edee513_akira_rusty-stealer,10/30/25,DONGQI TRADE LIMITED,0B88E4D595E84A1C9D96733EF7DE5546
d8defeec7a83f23b65f75ccaaceeb51332e2e70ae1c78384a69d74d222c57937,0b7963f71b2504722fda7636b5587ef4,4eca38d8e102af80e14447daa36f86d7fbdd10cc,1.exe,10/30/25,Jin Chen,134216E462B8FC279A7AF7382F45F3D3
ad7aa318066b44a53265fcb2bd750f1774b518875f1ab0d2cf2abf452dbccd37,0e5093b3de838c014fb3fa842158b543,850ab46a7dc98b31f051f1bfaeed614850461f39,Driver.sys,10/30/25,Jin Chen,134216E462B8FC279A7AF7382F45F3D3
4e3a686820009705e2418caff7421f13d909fe58f5813b82707813606b8d281a,7327ac8a9f884f5b1aff281e25d1b312,1bed84d05d7080c040681fe8b50be1b02b44ffef,Driver.sys,10/30/25,Jin Chen,134216E462B8FC279A7AF7382F45F3D3
af982b9e203d5023b61f0a3758b1b1c1295ffa157d189a9eec3499f508d0e71d,39c29bad25bf8b39e04af55658b14401,9bb9b9ab34785677abd4e0c5e964a1b5ee901f48,ConsoleApp2.exe,10/31/25,"Wuhan Liansitong Technology Co., Ltd.",44E16F602A8BBC60E52ADFFBDA35ED09
3eb7d1ad30642939fbf46696666c6737ece48bbba820af81912373e704105abc,40ca5c133220bf7d82b3bfb98b17da2d,95f6f19165df91138257d661753af99253ce732f,backend.dll,10/31/25,Keroro Software LLC,0A04CAF1BB3BC17A33C6E155EC4F5883
0ba316fd8fc47082ed0ccd2b277642eb0c1827552ec2a34e6888739183292e42,07dd5aa00118ed439db4af09aaf58da8,2e52b5af9523dc84d59d43cc5b44cdba999445a3,backend.dll,10/31/25,Keroro Software LLC,0A04CAF1BB3BC17A33C6E155EC4F5883
89c84cbce087bebf7a3272e58ae0032dc5447ed9d3f239c35fa19b3988df80dd,bc2c9085945477ff572688778077d7ca,ab2ef3e981963cb980d9cfee90d97bfa683e8b04,refox.exe,10/31/25,Keroro Software LLC,0A04CAF1BB3BC17A33C6E155EC4F5883
481355c399fc5889b88d2a8d9e60bc89ea1d7ec51587cc4be43ba0939d814805,73171f741d48ed0150de42283529147f,7b48550070441457f664c4ac505196c242bbda83,refox.exe,10/31/25,Keroro Software LLC,0A04CAF1BB3BC17A33C6E155EC4F5883
cdd9f4811830785d1ca95751428ab4c7e64f798f799b9427d2db97f1b2d4803c,6f9656fecfee7c6156c33fe04729158e,b07320c39a88f08ded83d4135ef90ce1750e8df1,1.exe,10/31/25,Jin Chen,134216E462B8FC279A7AF7382F45F3D3
09c4629b5db7be4dc8fd53bfe47e8731c6bf055f72061837e17b55860823c57e,5188a612401536c385a2990259298702,9dcb6456a21657491f98ec556deea60cecbe1b0f,Driver.sys,10/31/25,Jin Chen,134216E462B8FC279A7AF7382F45F3D3
eb49264b80dd7a676314fa337542a0e9980be48eb898547601d29f976662fe57,5f204ab4dad1b747c0688c89e8f01390,2aa2340b68fc552366c62dfb2853d95f3ba91ebf,VanitasLauncher.exe,11/1/25,山西荣升源科贸有限公司,04EB8615F356CF0F5BF4DBCD08238DA4
e2b99ae39201e0c4a1de4aa6c6fe46d695a8ac9edbc78a7ebb338b6a8dfa9d48,cbaa9790281d5aa0214abcef0551673b,06dc4a83d86d8da71d31f661fc17217a5d651af3,ijl15.dll,11/1/25,山西荣升源科贸有限公司,04EB8615F356CF0F5BF4DBCD08238DA4
9f87ca46b4730f14de2252b797e2381d8d16d663c1b0d8ffc3c5a6dafc3b8b31,ef56ab55efefad560b766f864ac6bff1,5d9b1737ffcd41d0e86e3770bf5877e6c2bdfccd,1.sys,11/1/25,山西荣升源科贸有限公司,04EB8615F356CF0F5BF4DBCD08238DA4
e435b159602f7054daa4a6c2327c13f0027daa3fb091a78e90905aa8015b7a09,d4b029442d0ad64dede549517526569b,139762f975c720d912db58d696863f43ab01e19a,Modium-setup.exe,11/1/25,Keroro Software LLC,0A04CAF1BB3BC17A33C6E155EC4F5883
0701bbb1917da497794ba4504186176986ba46068ef230978b24892e3e96c9d0,359d2f9e041bdc9a27adb99c25c6b5b8,23c7ddf05639c8f583fb6eaa845a0c2217b98b74,Modium.exe,11/1/25,Keroro Software LLC,0A04CAF1BB3BC17A33C6E155EC4F5883
eabdd801a97029c8ee3b60da44fa23fc5da2eff9ee27aae286dd4476de6d13f5,3f709345fbd7fd7bf7c42994ede338ad,22d81223caf11fcabc4a0624a02f1373345bdae7,uninstall.exe,11/1/25,Keroro Software LLC,0A04CAF1BB3BC17A33C6E155EC4F5883
11780c6c71b8962d29e9a5df0841a15f5943fdf01a5376aa6efcd0e7d0650c58,4b2e656c4a2dcc007852287224bcb16b,8fecbd6a764185b7b275c7289434beb7b5eb0d50,Driver.sys,11/1/25,Jin Chen,134216E462B8FC279A7AF7382F45F3D3
88e3f6375fe36ff8cd2affdaaf757653707647dd1ef98b52918808d88d10f7ed,9c372ea30cb452326e4b7a6197f99d19,b060dd023f1ad7796044cbb10449f7f1fc8872d5,google%20translate-20251101.exe,11/2/25,"Open Source Developer, Yu Zeng",12248CFBA203C55278C33B413A81FFB3
1dca5911aff49f8b69d8e8caa6c5d6578aa598270c5851e9e5af6f8a7e3c2488,5b970c1ddc93ac152ce732991df969d2,056044f7b01207f606a94a02551874a0f18ae8d2,Driver.sys,11/2/25,Jin Chen,134216E462B8FC279A7AF7382F45F3D3
60a818ada040b6e01270560497347eee5134997e96260e961cbd5f933faa6580,0a4e3ec5dfaad1205f9958136c667d45,aac5de55078ae06a29776876927ddb2ac17a0460,Driver.sys,11/2/25,Jin Chen,134216E462B8FC279A7AF7382F45F3D3
0a07a1d7828081e224320369e9decd7a39f0603bc89e65fea2729f6475fe2283,5e97e08836f05da372ac95fdb554b21d,c6103159e6a246134e1effc3fad4404e2df0450d,MessagePack.dll,11/3/25,"Wuhan Liansitong Technology Co., Ltd.",44E16F602A8BBC60E52ADFFBDA35ED09
4ffaacacf3c46eb0ad44784d9fdafb85d98eca8401ec2aea5c9699a7e6da4aba,727587dc2e45b9a33c8146c593bdc1fa,4e3175f8c99d16e7bd7d80e026a94f67311408f3,test.sys,11/3/25,山西荣升源科贸有限公司,04EB8615F356CF0F5BF4DBCD08238DA4
d432a0bdb49f99140df00a3b258dbba1e2aa828cad37290ed7157190c7566f8b,1fdf3b282d19bdd69dd995fba8ce19a4,56e1e9bff4d4bb324e5abbe9f1b4e5092eb8f96f,netaccel.sys,11/3/25,山西荣升源科贸有限公司,04EB8615F356CF0F5BF4DBCD08238DA4
53ddb4d08bbb69f8a7171832b35cffef90b571219afd24b46db152e9979feda8,39d9ec7157f443ac0474c4f4b2a8feaf,63da126c75512a50ae7afa6270a5f13a4ff6317c,google translate-20251102.exe,11/3/25,"Open Source Developer, Yu Zeng",12248CFBA203C55278C33B413A81FFB3
bcc43e556a5581ca9ad355d14831d9f5afe0e0c793088b244f2c9715d325bd5a,f1a1ac6d6c21b5809c9a02d85b919a91,0e32cc3d7dc73c3e23f4da66307408a4db80fca2,海王出海 setup 1.7.4.exe,11/4/25,Keroro Software LLC,0A04CAF1BB3BC17A33C6E155EC4F5883
aa2c5394ad8045bcd8dbc1680770cd3d3756f54246749b9f31a9dfb14f1b37be,afb3652bd8f6a060cf86cdb81dbd3772,3f72e4679d6a86a2b01bebd27859141b90aa0b6f,IimSkinEditor.exe,11/4/25,Keroro Software LLC,0A04CAF1BB3BC17A33C6E155EC4F5883
f1e4ed7600b618c76a3195d19a5cb12e4eb3021b55aec0dbc421a629f83032c2,8ff225d6ce6f5d4b46d844df513f5246,2339dbf03458a9bb1fca8f0f77081c8978bbbfe5,Iime.exe,11/4/25,Keroro Software LLC,0A04CAF1BB3BC17A33C6E155EC4F5883
836cfa14457b909d0caa5a6d74d5f1b22e24ecb67e1e42b8627e1927f746bb16,7ca459feb686ad51d7f8bd1f91691210,d0403f1c7bf73a71d31e27299e2fdfe76b3a671b,Signature Tool.exe,11/4/25,Keroro Software LLC,0A04CAF1BB3BC17A33C6E155EC4F5883
0e20b97453efd77ed224a19d101a5e797a6af2c3d455967a307b46a1354f48ec,b619c4d408974cfe36b582aada1c1fcf,37666e7ea018a2e1f6dde1cb38b161f2c1376af3,C:\Windows\qmjlubpb.exe,11/4/25,Keroro Software LLC,0A04CAF1BB3BC17A33C6E155EC4F5883
691ca32a11eb6020fc26125c6f0b04d3b97aa04ee2e5c8308f5da6da0db79c0b,0ed5c581501a5ba0da2f4d1ad081c669,083e6975d0e6abed2c8ea26404749059a02b0c8c,,11/4/25,Keroro Software LLC,0A04CAF1BB3BC17A33C6E155EC4F5883
f2cbfaa02b423e555a858e6f0a58b117a76bd0a0331da53791a90ce82d287148,7c14414ee60f071e22a63c792a859a93,e13613807fd05ea9bffd5e6d0bba801d65187aec,SyncAssistant.exe,11/4/25,Keroro Software LLC,0A04CAF1BB3BC17A33C6E155EC4F5883
886dc9de8d7bc8d906e9283004fdc9b2df90e0782d04ada862984cf6ad2a9d62,50d1a5271df677c3a3915f62466a9d7a,9ba94389c2f6562ceeff5b6f10e0cd3f107218de,声音自动监测.exe,11/4/25,Keroro Software LLC,0A04CAF1BB3BC17A33C6E155EC4F5883
28dc96932b9ccc41e3e79dd8811a87ff6de59082b668ea449d8a3ea2042f7eb9,a0429fdc1f96c64d71ad8bb592bb11bc,cd33ffbd14c2f9bed5bb0b417d2d6fcd73cd7fdd,ai.exe,11/4/25,Keroro Software LLC,0A04CAF1BB3BC17A33C6E155EC4F5883
bbf051709afc61bafe4528efb1087fddfb845143a2d5a6631fa8b99cb426d0ed,a59a558f6d3126fd27207f23d0037968,b02eb9efa519912f3cacbde42a6fdca1023af9fb,,11/4/25,Keroro Software LLC,0A04CAF1BB3BC17A33C6E155EC4F5883
518f43de78040ceaea983fc3bc2d5e2ba87d35a8df0630ea8aee32743fa867a8,c5900739968f94859412bd45fed8882a,2a6b691d294c1e78561b64d9b74ae8b889877893,ConsoleApp2.exe,11/5/25,"Wuhan Liansitong Technology Co., Ltd.",44E16F602A8BBC60E52ADFFBDA35ED09
55ac2ad0acf8f3faf675a972da4b38d767c45fd7b495ef5c4b4146aa84e6ecf1,3c1f848a40019c9a344112730b3be6fa,7af2f113e7c04110a2f3c8fcd04d3440cb760322,ConsoleApp2.exe,11/5/25,"Wuhan Liansitong Technology Co., Ltd.",44E16F602A8BBC60E52ADFFBDA35ED09
21ecc1b02f9c4ef5caac772f712f4fb21195f6181ebcc434cc574859074ffa0e,d8359264ca7331460cc8978143c2bb9e,c8b09d0799b13fb79d0117e584f696f58e838e98,ConsoleApp2.exe,11/5/25,"Wuhan Liansitong Technology Co., Ltd.",44E16F602A8BBC60E52ADFFBDA35ED09
27bf6f26e727577aeab68f6147347e3587d3671890b9aefd4b212f176443fb2d,60027101bf0206ac3d71fbb6b5b239a4,105b6b5cce4639e02a44a9fc5a4eb530201ab2bb,1.exe,11/5/25,Jin Chen,134216E462B8FC279A7AF7382F45F3D3
75e03608c9545bfc7d522372f682a4026cad0c93d6c4359be448dfcf435e4197,047e6673bc5715b8481a7ca3c936e784,9f697c7c44b5d506d64ddf562dbeb5183977f48a,ConsoleApp2.exe,11/6/25,"Wuhan Liansitong Technology Co., Ltd.",44E16F602A8BBC60E52ADFFBDA35ED09
c6ae3fb5f4bfb8e675680d33d21b5a70d97d5b2ba3b6c6f7cd9d899fd1cd29bd,c437ba744c1685c4de345cd2712cc0d9,d6db18243437cf19a79ce353994634dbc127bfcd,LogExts.dll,11/6/25,"Wuhan Liansitong Technology Co., Ltd.",44E16F602A8BBC60E52ADFFBDA35ED09
f0ac31a26a63bd7b999f8ba7fc19e5b8d3a77c46e97674e428733b630220dad7,6145f40c5bad9043a3b2bb944bd84a46,4fff93ba0eb87c608bcf33e64c3e0f17f2d66349,auth.exe,11/6/25,"Wuhan Liansitong Technology Co., Ltd.",44E16F602A8BBC60E52ADFFBDA35ED09
fb4442d2ef1f2da7201bdd5888ffd513130b9c1ae984fbfb934e4d606ce85b0c,774e97cf6748d59822746327d0e69868,8f2591b37995455b40d496599066b9857bf76058,qr.dll,11/6/25,RichQuest Network Technology Ltd.,00E3CFD617A941C74853AC65890BB6C46A
fcfbc50b56d76a10d20db8706a1c8f00db321b2d9f885cabc5418c4248efe5a8,5dd44711081cf7dc9250d8fdb7c06554,4e72e7bfdabbddf41ebab0d51fe83910cd35b16c,letsvpn-latest.exe,11/6/25,RichQuest Network Technology Ltd.,00E3CFD617A941C74853AC65890BB6C46A
cf2ddb439e975560ae58fd95096ad1afa2079be7666ddefdfed7fa7a78be8ca0,75b00bdd3b1785aa45e73736d4c4b77f,a255256c4f89b779f798dfe3c8f90498f0f1bf5d,宝莱坞DOIP映射.exe,11/7/25,Keroro Software LLC,0A04CAF1BB3BC17A33C6E155EC4F5883
b1ccbb14e5f60d77c26047e8b183b7f87a5676381913a3e4a1d01834df39b654,e144b7f58e7a763357098311bd3246fb,777b7c7ef77c3c055222c74c9b328962e7b1807b,宝莱坞宝马专用映射.exe,11/7/25,Keroro Software LLC,0A04CAF1BB3BC17A33C6E155EC4F5883
478beabbc4bda34e86a8a5cdfd8137e889824e71adec9e87b79eba1814fde0af,797f510d3b1a566760df5a3064a75b66,6e9c05545cfc6ea1370eb5deceeb17464d7fb3b4,NewProject.exe,11/8/25,"Changdu Wopu Technology Co., Ltd.",5CCC14BFA5980319E17B16F0360684FF
0e162f36702220842f9005cfd0d1db481b0ea1e64b9586118d0c7b5f3e1338c8,00cf831a54692d735bb2e2b5a6796199,5dcd22a38ad062769b0c73c1daf3a9cc21639fe9,test.sys,11/8/25,山西荣升源科贸有限公司,04EB8615F356CF0F5BF4DBCD08238DA4
fb1ac3ffabdc8b87d42195f65d3e746634eab17905d6a43eb0d6eb25b4a4b1ed,9b454174c770068f538890df7183a3d9,9d23cd7320101cb55dc7fcde5ecc57290dbdc507,test.sys,11/8/25,山西荣升源科贸有限公司,04EB8615F356CF0F5BF4DBCD08238DA4
61277e34ba64c17a55affda3570542eb5cd2ea6a82c134eb85ebc9361c02f515,fdeba1ab573650e889bb7f3cbbe09626,ecb997d599fc2b8a768b0ea4ec22b851413fa7b9,nv_disp.cat,11/8/25,山西荣升源科贸有限公司,04EB8615F356CF0F5BF4DBCD08238DA4
cd58fa743174a5ac621d9e58a559a78c024650b66696156b0bd8e642379fe1cb,bf44758be2292457d74ef6f9088403db,55f21e588ba7f49417954fadc9b9cbf6f6aa6bcb,C:\Windows\ckqvf.exe,11/8/25,Jin Chen,134216E462B8FC279A7AF7382F45F3D3
641f58cccbc9535496874b430a7a3b59ee518b50a7c1b7eae60dd0ded0c074ba,f2ddb6f88f911ced4529ef05e2f9f198,1c6eaeb43b0c9913f0fa8fc65d880c779dfbb2f2,ac_env_fix.exe,11/8/25,"Hangzhou Saifan Technology Co., Ltd.",0DB8378E7C5F330A988848572F290434
d7c0b5e102d9ac572d634c27cbb602e1741ae799f9e8574749af47eb5b1a6a43,d794f44e457b311efabc748e75fab186,0be81c54d37be5437e650ff60cc95a50acb30e4c,trfopt.dll,11/8/25,"Hangzhou Saifan Technology Co., Ltd.",0DB8378E7C5F330A988848572F290434
deec5a3796940168a8855e2e44083f760dc3078b6aa572b0b606e04b807641da,bc5ce482edbbd07b0a862d4875563250,ac4fa4e0e758ec87a980d3eb62a5d2d8ea3c7a58,vibran/cheano64.dll,11/8/25,"Hangzhou Saifan Technology Co., Ltd.",0DB8378E7C5F330A988848572F290434
dd73bb7c759b96ba32ab95bc1168870d031714dd55c6b4b80c7c34cef2dce250,a7b176b38ae33d388d46df75fa7027f2,d7cd9fd1be4617701160518666143f7dd1893598,trfopt.dll,11/8/25,"Hangzhou Saifan Technology Co., Ltd.",0DB8378E7C5F330A988848572F290434
d74e29258a5db32ee5f0651e5c1fb34ee2408981e4ea95d4e4c79894079c8339,1dc0ca40f036f10fd8b435f3cbc7c469,5faa75a5fed98f8f44ff7078250d47208e16a49e,vibran/res1dc0ca40f036f10fd8b435f3cbc7c469,11/8/25,"Hangzhou Saifan Technology Co., Ltd.",0DB8378E7C5F330A988848572F290434
bd8a00208278627cc176ed1e75e8c68d569ab0d92242aaf167c39940fac2b012,1408d269b4085fcc9c14111262e03232,2be0b8a35e8e7bad54d0b6055b5a7cf21e7fd5fd,resources/node_modules/vibran/5ESafeClient.dll,11/8/25,"Hangzhou Saifan Technology Co., Ltd.",0DB8378E7C5F330A988848572F290434
bafe5a0d8f3178c58ddf4ed0937dc32dea7fb580583ebd693ba1f1cae1c0b11d,b1368938d8f76bbff42a18b0d6342dce,b7e05f9bcdd39df104b7907d0fa8a4ce72696d97,resources/node_modules/vibran/Hulk.dll,11/8/25,"Hangzhou Saifan Technology Co., Ltd.",0DB8378E7C5F330A988848572F290434
b4ea13dfabcd0ba3e8eab8962a3a42c2c785b6292e5350672f54726985c46917,eaa01a7b68eaa06199b9a5dead7dd803,ca6dbb7d3153d723a77160e0c637642b997f2ca5,vibran/overlay.x64.dll,11/8/25,"Hangzhou Saifan Technology Co., Ltd.",0DB8378E7C5F330A988848572F290434
ac948c4124acc9b9cacb463bf73e31e49fab149e92ee4c5f1371f783eabf886a,3ff1ef7d88fda37461467d6e30863d77,275aa1e474a15e2f9fb7da18c327ef8793127d9a,vibran/res3ff1ef7d88fda37461467d6e30863d77,11/8/25,"Hangzhou Saifan Technology Co., Ltd.",0DB8378E7C5F330A988848572F290434
832cfdc2c01b639d81435ddfb2c4ec60a914da3e9adaf1fa824784dd83daffc0,13499f865bc3877b4c111223a83d5b95,cf03e0d6ab998348c82627da0b768dbf2f72cb8d,resources/node_modules/vibran/vibran.dll,11/8/25,"Hangzhou Saifan Technology Co., Ltd.",0DB8378E7C5F330A988848572F290434
df1e25e089a005766ed3e881d5ce58d5f0ef94d927895136a147b216322b9f93,d9f4046bed87e517385c355ae0eec0b0,b6650090adb6a75cf61f66e03459326ccf3a5831,fps_help.dll,11/8/25,"Hangzhou Saifan Technology Co., Ltd.",0DB8378E7C5F330A988848572F290434
d2272bf36e3a3202d498945f5fd951a7af308869a36ec1aca8c7579effdb930e,cb2ae45a4674262975ac813374d43428,d887f04c6e1502ad74a4affcfffb5ea173c8c006,resources/node_modules/vibran/rentAccount.dll,11/8/25,"Hangzhou Saifan Technology Co., Ltd.",0DB8378E7C5F330A988848572F290434
ec8cdf1f2a0d43aa9a3cade5a3a1f6aaa5cd3f3c61cd442b31f523a066c6d286,9a2bd9fb87898724374e91787864c8f2,114e573a7d2c1583687fa4d0bef004c584543784,PrimalVerse Setup v2.11.exe,11/9/25,PAPER AND COTTON LTD,250824C25A5D2BA93002CFAEDBFAF1BA
13e201e662c809320286a086326f4398de1154aa762e10217526a9e63843b90b,91407fb066e269b328fdceb6639b9ee2,f6ef37e9af3a00ce12d94d1c81e0fc109dfcf368,test.sys,11/9/25,山西荣升源科贸有限公司,04EB8615F356CF0F5BF4DBCD08238DA4
f4d24121261979de088f8ea5902da37718c0e90a20c50d08c60d482299ba99e4,6c57d51dad5b2a0cf970a96206cbf1f1,0aeca3c55cfecb1babdb52981ea27f4d0305fc5c,test.sys,11/9/25,山西荣升源科贸有限公司,04EB8615F356CF0F5BF4DBCD08238DA4
0d4e95f98b9c90776c88aea1971695da5a99c2d0bfe80ec1dfdecc69bc6ce0e9,2551d6b7abbff89f6505a3f1e68606d6,fb4b3ecaba6a4fa9d97bc239be4b1ef349d38f33,nvoglv64.dll,11/9/25,山西荣升源科贸有限公司,04EB8615F356CF0F5BF4DBCD08238DA4
5e77ba4af4e4cf7e396ae9b1afe45ecfc298bfe87c0ba538f0568030a263ece6,7b02a7d742a93d5e3f918a2ada6716fa,ace9b6eeff653efebe7564a54aa17944edaff413,AnyDesk.exe,11/9/25,山西荣升源科贸有限公司,04EB8615F356CF0F5BF4DBCD08238DA4
c569306a93a5d82cbb6325d0dd18974b599cfcd0cacf63f9234737255f955de9,92b43d3d911fdffcd71e9d5598162bea,f03cf956e45e5f6b00a107cde49f176ffd534780,MANCER V1.1.exe,11/9/25,Keroro Software LLC,0A04CAF1BB3BC17A33C6E155EC4F5883
fce7f7ad1d7b17e7106639ca23cc49d2cf642bcea024d8ba838f3f559c99e34c,14af93555a383a3c3c7604258668ba20,53c48cf331d722cad8d85e5e50c5287298885715,D:\Program Files (x86)\Tencent\QQ\14AF93555A383A3C3C7604258668BA20,11/9/25,"Open Source Developer, Yu Zeng",12248CFBA203C55278C33B413A81FFB3
a85051508e230f8a7bc4dcb81f4a5494ed156e1008dfa5d8d4d04862f5c6c3d2,3eaa8333ea9c23364885850b4d8a9231,16323a25132b2568e1db1731a1c0a409f3d26767,Aicoin-x64.msi,11/10/25,"Changdu Wopu Technology Co., Ltd.",5CCC14BFA5980319E17B16F0360684FF
4388c18436437bf1fef7e0e5c5b7714c203f81e636c13f3129a83eed6aec2c38,b8da9ed05c19be08d7b23972ecc5aaa4,5d6674baa89de9b534e88f5eb12075b72149076b,/home/petik/ss/malware/2025-11-14_b8da9ed05c19be08d7b23972ecc5aaa4_amadey_elex_smoke-loader_stop,11/10/25,成都金源启铭网络有限公司,4DDD9F79FFA78EB06C8C638334836ACF
10e6fbe13f54f4670e749b88ae7c0f013e22568fb8c031c1e465eca5cb7203dc,584341c4aefcc9ffd70a9c0378dcf9a9,c40e5998a659f44f8bcfaf7c607a50f845258928,,11/10/25,成都金源启铭网络有限公司,4DDD9F79FFA78EB06C8C638334836ACF
b5f57078b9dca0a32d5ebd8d105b8db9642207ac2919aa645ca59e6392b843a5,0c3effacc0534ad82d4c70e8f9a4d162,c21ce5da257ec37843f019a9a381438e57a3aa65,C:\Windows\0n9jof2.exe,11/10/25,Jin Chen,134216E462B8FC279A7AF7382F45F3D3
d1d15f47820f58b9979b26b688e1962ce69f18e0ac66b680d4b5ff3243e6c132,596985567f1291d714813497e2543b07,43f02510690d745dbf8fdea8f45aa1ca8b45a192,1.exe,11/10/25,Jin Chen,134216E462B8FC279A7AF7382F45F3D3
55b6eeb69acdaad6762aa57d48c4bc72a2ba10279a35976461b116009ff241e7,4046c5efe183317f30186504bc2e2b94,bae7bf8ffaf6f2e5e214cf8ea762c4c86aeed50e,extracted_driver.sys,11/11/25,山西荣升源科贸有限公司,04EB8615F356CF0F5BF4DBCD08238DA4
0532f704b68c3c46564ff2ca5da2286ab8188a678081cf3015526ce5d9a3d881,0f4c4fca96764ba4844a095ed4fc3497,42632e281fbd6ca9d22c01b39837ccad4cdbbf31,,11/11/25,山西荣升源科贸有限公司,04EB8615F356CF0F5BF4DBCD08238DA4
fef589c90e6d6f9f17a2583db9cdf1b35648aa465159b5251e52df7bf0117759,c43b95e7861eaa57c27638bf54b5602d,75d9e04995a9470bf4f1311840a5b8002450f553,,11/11/25,山西荣升源科贸有限公司,04EB8615F356CF0F5BF4DBCD08238DA4
7c5d029bdbad876a2db8046cf079743fb90b060f87df87939be64e06949abedb,7dcc1896c888d31c406a447766940683,2e0e2de9e3ee903b5265f78291a09864a3a0f7af,,11/11/25,山西荣升源科贸有限公司,04EB8615F356CF0F5BF4DBCD08238DA4
ab3b462af374f0c0f009d6af6dc6f1a0ec7840f54ec060d20f4f60f230d1b9c2,a3943e7b1e5fe807415834be67f6edfd,c5c45a60592d7720e860c4297ff8190be2222be1,C:\Windows\jbf953gf.exe,11/11/25,山西荣升源科贸有限公司,04EB8615F356CF0F5BF4DBCD08238DA4
f295c2a24031ff75adbd8fe341318a6b747af7ba5b177788a318ef0ae6a412f0,307bd22cb4db06db4a2b40456e5c1dd7,b9fb0c740244294a0db85aec22ca6f645e6ebe01,.data,11/11/25,山西荣升源科贸有限公司,04EB8615F356CF0F5BF4DBCD08238DA4
f1abc1c2be4d1a7dcc9d7d9180a4410764d490ebde10516b39e74e3b8dbba2ee,fa3a9213829d07265ce260a62b34b90d,ed470f5eed6408d5f5fd89c0b69d6a5c357abc48,NtHandleCallback.exe,11/11/25,山西荣升源科贸有限公司,04EB8615F356CF0F5BF4DBCD08238DA4
c60f79c9fd9432f493256c8c5aa794dd141f9480c3d4fe187e4c48ceaf79088f,1687226ec6bc6647062c91a4bc09b7ff,c36be149f2a8ca9c947c0e72964870bcdb176241,PrimalVerse Setup.exe,11/12/25,PAPER AND COTTON LTD,250824C25A5D2BA93002CFAEDBFAF1BA
5680d4cc13b4b003d7fbef7cd485cdb2bfdc64ecf028a09e4cccfadb350e068d,5fe9ec8a7b56338044c6fee5a21967b4,50fee35db55509344177eeef6142fec8fe3ca0bc,/home/petik/ss/malware/2025-11-12_5fe9ec8a7b56338044c6fee5a21967b4_cobalt-strike_luca-stealer_mespinoza_njrat_ryuk,11/12/25,山西荣升源科贸有限公司,04EB8615F356CF0F5BF4DBCD08238DA4
72f71a7671a51ee4b5f8e97fe9f67d86815d83d6aab22a9806a01be8b9783f22,435f83569fe8b28b9d647e71ff4d6b9e,195b79a97bc4a91cbd94a8f478fe1a905a6a7414,C:\Windows\iy6lrlash.exe,11/12/25,山西荣升源科贸有限公司,04EB8615F356CF0F5BF4DBCD08238DA4
7d610fa913d31a8baaf2c6e6afa0301db0141dbece281edae73d35b82c77d37c,48ba43cb3e59e1d24e3d42a6367a5087,9d56426b60ad6d60ae650eaa0152c089d35b5990,C:\Windows\1z6l3ow6.exe,11/12/25,山西荣升源科贸有限公司,04EB8615F356CF0F5BF4DBCD08238DA4
e137323ac8900e7394c9b9fdc98e832997d549185ec4da05b582829b10eb525e,b08fb114da219e8adb83291f6452b81d,af454175ae590b784e20d20823ee7020e17753a3,,11/12/25,山西荣升源科贸有限公司,04EB8615F356CF0F5BF4DBCD08238DA4
85fa823b6f1415f22724f1893b0a2cd050e755dbb80a34dd0c637dd3efc4985a,5ccee1722ed6162ab6bbf3aff13d141a,b255dbd608b1d240f5d3bc5810875c4e447ddf3d,.data,11/12/25,山西荣升源科贸有限公司,04EB8615F356CF0F5BF4DBCD08238DA4
51ec0e647f9c52b0fc22b60459484ef7c1fbee79d142e30cdadbd69c6b08d619,b0266edb0919de646729816a87f4ecf9,f53aa18d9846858965f6180a1bb833a4f406a145,,11/12/25,山西荣升源科贸有限公司,04EB8615F356CF0F5BF4DBCD08238DA4
c34bd2cdcb72ad3c2db57b385bb1840daa472f10ca926e7dee889d82bb7c005f,8c294ce1e392f15d2d86af68505f4a44,4699a91f278846ad9fe670626f70fb7b1c2cec64,C:\Windows\zs75ded2.exe,11/12/25,山西荣升源科贸有限公司,04EB8615F356CF0F5BF4DBCD08238DA4
4ea8b129ce77a640b5553ddf8f44cfde5cad87337b7df5d36063be813446889f,e00df9799eacf48d3ab0a3d8d4a77164,f6a1fd705a0808c619c4d449e4f6e10e6361698d,,11/12/25,山西荣升源科贸有限公司,04EB8615F356CF0F5BF4DBCD08238DA4
f5efb12d5e4e486889f0d74cfed81cae44424fd62924009e0ac4310c1b316be0,be0b2e54356f9e664f708456f96a3f5d,0634a30782bdb916b248259c206e2fc6d6908e94,C:\Windows\jv0nn.exe,11/12/25,山西荣升源科贸有限公司,04EB8615F356CF0F5BF4DBCD08238DA4
345fc206afdaffdc15f62dd3026b1c1f396d3198c0279cec42a75dfb1f4499d4,6eb7db09d73257106311a417f645cdc4,0982c1b1895f87f5952a981d400d830debed2c44,UploadDumpFile2.exe,11/12/25,山西荣升源科贸有限公司,04EB8615F356CF0F5BF4DBCD08238DA4
ed9facb05982ac79e48a62407ef9ca0c495aa0ecdc0822dd8cd1a0962464774b,1035aefbf4d63ee58b14a0dedeac0f15,8031c9b63d234167f93bdd7d5b4bff3b244cb70c,UploadDumpFile.exe,11/12/25,山西荣升源科贸有限公司,04EB8615F356CF0F5BF4DBCD08238DA4
637175e8fe0cd4e10b0aa5e3739d9bed98b9af71261c2e31f4ec1c9c0a351a8e,59092bdf0734f7e22952c77797537a0a,c47b5d9ca5b19650c8efe97490b0cc2311b62d3d,UploadDumpFile.upx.exe,11/12/25,山西荣升源科贸有限公司,04EB8615F356CF0F5BF4DBCD08238DA4
277dabb5d827f583eba81cb9fda35988c7b2c47c13fd27d59a379fe137fd98c0,0339dc3523f73f22815466a4a9448361,b7f3b0b3ca0b4b056378435d69698b61d4fd8861,,11/12/25,山西荣升源科贸有限公司,04EB8615F356CF0F5BF4DBCD08238DA4
36231e8f3cf363ddca5f3afa7db78407b13c0308f5cd4028a78f600e9efb87ec,7c1465bc4edb9935be30c04d41a09502,88cfbd8a6ee0806fc4f8ede1b5a13eac9d8aef3b,,11/12/25,山西荣升源科贸有限公司,04EB8615F356CF0F5BF4DBCD08238DA4
be3defd6ee710f6c4deae04e20e07db5142e642e7e680361f4fbfa52011fcdc4,d5606879fdfc0e5c0b2bc367111d4a16,5186ab42cdadeb56491f21bbab0ab66e1f1f9f03,C:\Windows\hcsqir.exe,11/12/25,山西荣升源科贸有限公司,04EB8615F356CF0F5BF4DBCD08238DA4
1110d578e164739e633d59f49aa015cc614ead28eeff57d6c8e87259e299026c,a9cff9f626d373aa2becd74e5b59bae1,775031f565ce2e96235579585d97386fa9ed4243,,11/12/25,山西荣升源科贸有限公司,04EB8615F356CF0F5BF4DBCD08238DA4
d9fab4e137c2ba478f21c179259cfce3899112e0a0b8767f5261a837ebab40a0,5bb7d34040ebe4fc64d71caa4480e292,9d4fe57e72108d22feba3f8cedd7a38f2c515521,C:\Windows\jqgwvtbh.exe,11/12/25,山西荣升源科贸有限公司,04EB8615F356CF0F5BF4DBCD08238DA4
a2c2ef47782898c9f77def9e493d560a56da3a2264819b3ada0609006398ecc7,8f0eafe207f33e47587dbc6af64c0f03,c352b4bfaf0e51e6236d9478d1177096e17dda02,C:\Windows\f8xjz2.exe,11/12/25,山西荣升源科贸有限公司,04EB8615F356CF0F5BF4DBCD08238DA4
34d40d58f888e61df94285e02255fb2f53f5dcbd952650d9bd680a8e65fcaf29,652030453c48b7223d6e694414266d7a,697d6bc591ade5f8d03ec2de42fc54c6d533379c,C:\Windows\j4c3bw8zc.exe,11/12/25,山西荣升源科贸有限公司,04EB8615F356CF0F5BF4DBCD08238DA4
92a8c2aadba051f84b851891041be2befe8776027c73a2124db388cc5e2f6261,876a873f81ed87dfdb7c30bffcd499e7,75a0419f20f672f9f2387927873bf934cba7008b,MagicaVoxel.exe,11/12/25,Keroro Software LLC,0A04CAF1BB3BC17A33C6E155EC4F5883
910229998a90a8b545b1b66d9ea7540a2fb9920a9bdc33a4d2016d8189e7b936,27b03fbf5bb4e8e3b69759945f6d747f,42381f175420732065776ef6488295f31712a10b,JarveePro.exe,11/12/25,Keroro Software LLC,0A04CAF1BB3BC17A33C6E155EC4F5883
5c81c96fcdef5727d79c6efa271d76bbdf552f7758e943a249410179c0641bec,7128a4bd292dc961f943fcaf237e9462,8925efe4e83a7a81f34190322e1ab450b5eb7858,NewProject.exe,11/13/25,"Changdu Wopu Technology Co., Ltd.",5CCC14BFA5980319E17B16F0360684FF
1cc6915484e319cdca6db0c0962386619b178a901edf639dee2cda8cac22fff7,41e11a47cc23c8a083cd7a58f056fcb1,d1da473ccb04ddd08241a4325988f0a3dc6e8e0a,C:\Windows\mle99ovuv.exe,11/13/25,山西荣升源科贸有限公司,04EB8615F356CF0F5BF4DBCD08238DA4
8b24f32c02eb00c0fea1a7f32774d8376cdd3d90789740f363c81884281b4d51,5be13a1a9929465930b64d5bc7ea1db8,ed4662101b5996f9563d9f44e20225a794530e82,C:\Windows\jmrspmye.exe,11/13/25,山西荣升源科贸有限公司,04EB8615F356CF0F5BF4DBCD08238DA4
7bd2b5e6e895ad3546fa024530cba4663e4a061b5fe337efb7e04a0809dbeaf9,d57ba426fabda3ffb1732cfa2b037e37,b1dc07aff295cf1afd3daf64b45335e48c0a8b2d,/home/petik/ss/malware/2025-11-13_d57ba426fabda3ffb1732cfa2b037e37_cobalt-strike_njrat_ryuk,11/13/25,山西荣升源科贸有限公司,04EB8615F356CF0F5BF4DBCD08238DA4
3bb560e44ee2a6c92bee720bc629f0962aac3d1ccd9f8e06ee2014e42e30583c,4522bb721e718e2c72851f4512da92c1,e6d9d29b53d298858eee8948dcdf4bc46d3c8598,/home/petik/ss/malware/2025-11-13_4522bb721e718e2c72851f4512da92c1_cobalt-strike_luca-stealer_mespinoza_njrat_ryuk,11/13/25,山西荣升源科贸有限公司,04EB8615F356CF0F5BF4DBCD08238DA4
c17c4baeefc85c2d744e42fa44c71011d041f1aabba8e570cbefd46aee9d83d3,674d9fafb6a0248a54dc0e76333baee4,c4dceb8658c740a7cfa2ab4bb3f228504c7f774f,,11/13/25,山西荣升源科贸有限公司,04EB8615F356CF0F5BF4DBCD08238DA4
f12b29a4f8a0ceb7c417fc1b9781101e497a1e863817c3f12bc796533102e627,db21c3e04743ba60f25135c1b2338417,6a332a24880663d41088d231e7fb065a51b94e18,C:\Windows\st6mthvbz.exe,11/13/25,山西荣升源科贸有限公司,04EB8615F356CF0F5BF4DBCD08238DA4
ce18530443b63d014e86dade8b05b949d6817214723f763bcd1ecd689d69b100,bdbb19f65f909ff5e80675c4a044dda4,f0717909968f678cdf2b69512d381856decd9227,C:\Windows\u5jy0uo.exe,11/13/25,山西荣升源科贸有限公司,04EB8615F356CF0F5BF4DBCD08238DA4
7bdf1c219923051cb0705e31b16c2055d86c2fedaf908f20c872dc57bd7140ff,6f5d776c72a1daef9f03700bd292234c,1dd6324e5a72770dee2dfc26d406c0aff7256367,C:\Windows\grmva4.exe,11/13/25,山西荣升源科贸有限公司,04EB8615F356CF0F5BF4DBCD08238DA4
60dafbbdc7bf0f1011a358009fcd6b3483d27f88d67bc1462ffadc8222fa3643,c5d127334029afc37a04b9fc0235343d,7bf5c7049f2cd56735140dd4b445c04d05488116,C:\Windows\nquf16zwq.exe,11/13/25,山西荣升源科贸有限公司,04EB8615F356CF0F5BF4DBCD08238DA4
a297547129eddbf1d8431a42bfa1bd0e0b1282e431d0ddcd7aef12ce8adef677,88063c5ac842510c5ab321180fd75e11,da70dc2dd7647865b320c268d3ecb1c406582165,C:\Windows\89w11k.exe,11/13/25,山西荣升源科贸有限公司,04EB8615F356CF0F5BF4DBCD08238DA4
6011e90026b7650c96f6885a0141bda027f4ab7ef7dc29f3b33aa2153d3afe36,a9c5418b1c504e2c3cdb658ab99f27aa,7a04f0a4c0e24b99cb0d5ee6302f9c1fab57b7e6,,11/13/25,山西荣升源科贸有限公司,04EB8615F356CF0F5BF4DBCD08238DA4
cf226e3db339132e21c482526b36874a76de4a590c69c82bce63581cffc920e2,20eaada0d52113ee59276fa29f3c0e9b,861c323fd05c6e6e59db244aa0157d0f1dfde430,C:\Windows\m2eke0.exe,11/13/25,山西荣升源科贸有限公司,04EB8615F356CF0F5BF4DBCD08238DA4
a766fb5d3c63b68a089b0a3c5b2b03d9d6cae6df6cb813ff2433c63c091ee83f,6f5bf37e45f4f7b128d3ba855a60c912,6b24b4afc5b087d08f3edb48f519f4e5f092f2ca,C:\Windows\wqtnnvwlc.exe,11/13/25,山西荣升源科贸有限公司,04EB8615F356CF0F5BF4DBCD08238DA4
d2d6cd47176d7eb620ad184c01db76aa13691e01611be44c3f47316fdcd9adcc,1fed54af20b9520b22136e7b99668fca,09ad6b2af52d45cdd357c2dace2f2748f0f3540f,,11/13/25,山西荣升源科贸有限公司,04EB8615F356CF0F5BF4DBCD08238DA4
8e9a3b95e0b849eaa9946932b87a759be708e4d43aed694aba384221df566739,f85c285452f5ccd759bcdc0695c9b031,b1b1999ef9dad0f61ab58b97f0621dd1b6ab4fae,.data,11/13/25,山西荣升源科贸有限公司,04EB8615F356CF0F5BF4DBCD08238DA4
6858833855bfa99772bad15d96936e2b75c9cff7e60a010adfbcbd6d482e4bb3,90a2d264b7cd89895bb9531a1001114c,ca51c5b4c04507bf35ef97f82bf2dd6ca493c376,,11/13/25,山西荣升源科贸有限公司,04EB8615F356CF0F5BF4DBCD08238DA4
ef324c971e6095e8bc2dedeb9ee07d7818ea62efcf6affd3a174f2409505a01b,6f560a4410531cd9270bf7d75a989794,413ebbfd0d8b9d013f4750e643a1837f700f23cf,,11/13/25,山西荣升源科贸有限公司,04EB8615F356CF0F5BF4DBCD08238DA4
6518e0c971c3e5723d8717483e86c8e94ddbf24fab931f143468c772d7f19a88,95d643443492847213f7343a631ea08c,19f5fea963291bd4968176d40c4bdbc87ac38638,,11/13/25,山西荣升源科贸有限公司,04EB8615F356CF0F5BF4DBCD08238DA4
75294989d54c56332b5e4f525d01212b5f8285dcafe42b4b2f896ee3b67c03cc,a5569e6587535c3e476eab80d46f6729,aa4efbfe508ff0945001a049b40df98f3906498c,,11/13/25,山西荣升源科贸有限公司,04EB8615F356CF0F5BF4DBCD08238DA4
50917b95f0e063c7c2a181e1003ffb73122883f13afd2823e6dafabb3b36fd03,ab995f43806512c68baca39d7d509397,bee9f02de8a5541df959681f530ee7108214b62f,C:\Windows\wgon4.exe,11/13/25,山西荣升源科贸有限公司,04EB8615F356CF0F5BF4DBCD08238DA4
b5fbb4836af64f89d93cd162861ac48824d3a758f811dd7e59593c775e0ccd94,b164f755251ccf75a98a9b2ceec92744,357a5d13e6169cf6f579fe97b7c7aeae727654d9,C:\Windows\oj9bhv7.exe,11/13/25,山西荣升源科贸有限公司,04EB8615F356CF0F5BF4DBCD08238DA4
76002d6c508282b955961a3737a4eb262b224149de3868317858c0bf53b19fc9,d23d22dacdca70f9afa9b3cdcb1932ff,c0e3aa46025d70be0b629d49e4931b2f38b0fbe2,d23d22dacdca70f9afa9b3cdcb1932ff.exe,11/13/25,"Open Source Developer, Hao Chen",0582253D22D291481B75770C1556C56F
88c894782f6866a03fe4ca46ac469f61ce94415301b0f3174444684aa46d3d82,1358a5f7eb65c45d6fa817c2e229ce04,902c86b1908bb1b67f237bf28ee3f71236fe82e1,Driver.sys,11/13/25,Jin Chen,134216E462B8FC279A7AF7382F45F3D3
30e671fb38d1b2a3029eab2157a7a58b4ac17ab05a85b58115b6e33dc0639f66,157981b6dae795c68cbcc2cc143a34f8,c4787ed1b92e56c6691cee8f6fb09be78b34a1d2,AudioSwitch.exe,11/14/25,合肥亲爱的译官信息科技有限公司,74B936AB655DB6CA62761A5C
6423e772397d009ff649a11d5fdd6e505106b422a218274f3cbe9cd7e064833c,fa9ea892f45d05edaec31ed28c0e8add,1e9afa95cbbe53e6816d495358aa3af5bdf2da12,NewProject.exe,11/14/25,"Changdu Wopu Technology Co., Ltd.",5CCC14BFA5980319E17B16F0360684FF
f0373871da028119a2726637859014eb63d2c7770924fe17b47199a6e6255aa6,b0a53abb4a58c31bd2776357dc78bcf5,4df3a2299d269155eae697d53cd20306586a5d79,NewProject.exe,11/14/25,"Changdu Wopu Technology Co., Ltd.",5CCC14BFA5980319E17B16F0360684FF
dc796091adf91d3318907c9395950d5aba1b5758c9b45e986be6332d1d785c9a,a2acd19103da210b492dbcf62a77ac1d,53c9829fea3107d5950dfaa6f5ead8cc38570a11,,11/14/25,山西荣升源科贸有限公司,04EB8615F356CF0F5BF4DBCD08238DA4
5218b03210e2119967ed30cf8541535a25721e58732ae70e3760341586f18007,ff3825a63250d25bb9cddc28b115b7b9,9e2856f3f90f9559f6e8e7c44d8134d7193bf7d9,,11/14/25,山西荣升源科贸有限公司,04EB8615F356CF0F5BF4DBCD08238DA4
20f43b3f853fc5c7e7f1d1f20d31b3343004dbc94356fb0b79deaffa6433ee98,ea576a583e6414b7163492f1c9871f75,a3e4d0c658c044ac53599b54c108dbfc4cc8390e,C:\Windows\83swdzg.exe,11/14/25,山西荣升源科贸有限公司,04EB8615F356CF0F5BF4DBCD08238DA4
dbc7dd28176e2238a8ddcb612a99a1dc25270a8abc511c30b65394157bc90d36,3d53487e0745b38a69dc6178767e08c6,1608f7c98b63ddb0aa2c12a9d4ee9db8abee9dbb,C:\Windows\pg9xe3wp.exe,11/14/25,山西荣升源科贸有限公司,04EB8615F356CF0F5BF4DBCD08238DA4
d84b324e53f9dc974f14ca042aece3061930f8035aacfa14040de873864ceff0,187dc532183a942a92d4b780f4da1ac4,0bd1467b7ad0bb922175cdaf0f3d5b58fb9c3dec,C:\Windows\ejsbcgjx.exe,11/14/25,山西荣升源科贸有限公司,04EB8615F356CF0F5BF4DBCD08238DA4
02440c596d029d5d134c45a0ce7abebc5224e38d17062123f33bf96eae77fa63,f9b6f5248c7829e71b7f635f184de4db,9a93e6551304a9191c033b134fdf2097add4915d,C:\Windows\yz5l4ejxy.exe,11/14/25,山西荣升源科贸有限公司,04EB8615F356CF0F5BF4DBCD08238DA4
a1c66fea24b393a890172507b6162355661dc222b327449f4f19eec5daaa4f21,bedece8e75a2a2c75c4a5356307f2818,df561f1a34503c560ca8e5ba6758817348a38e17,,11/14/25,山西荣升源科贸有限公司,04EB8615F356CF0F5BF4DBCD08238DA4
96c46e618da7fe0bb3b20a0d5b4e02c5b83947790b6916be4ee51736e27a2081,bd03a8622d83fe393401e886b07f3ae0,6c5bdaf14875b6d10b79759b70558b0dbec6c6d0,C:\Windows\thg13z.exe,11/14/25,山西荣升源科贸有限公司,04EB8615F356CF0F5BF4DBCD08238DA4
5c8d496303d9f7408073a86b5a96532cc9ec9794d8b1a4565798b37413d138ce,2d782a662b61f864803f4142a78f5a67,92712b1c98471970112b8fabcf6f709d3a49417f,C:\Windows\l0er6.exe,11/14/25,山西荣升源科贸有限公司,04EB8615F356CF0F5BF4DBCD08238DA4
9ee78800b129473975cb5c37cf9ced22a08ee69bc3b0082a1a2d4771f5e01ec3,7913c7002ff2b91a947fa34ae36fc880,7033242873803129564998ee3df4b94a5cc9756e,,11/14/25,山西荣升源科贸有限公司,04EB8615F356CF0F5BF4DBCD08238DA4
9baafdbd669b16c8f1aa0d998aa7f6167d0fc659afe5e9ca8db69d21bbce723f,ac460eba9438ccf700727bf619ac11c6,0a3529c2377a06e7040fbeaa8353257c47a28ff7,C:\Windows\ifaaa.exe,11/14/25,山西荣升源科贸有限公司,04EB8615F356CF0F5BF4DBCD08238DA4
4482ff83d487c235b0c72a664b10da3ca789a5f1e13aad02b3d3c0cd50d8923e,1eca17ca6f978091021e53c790c66dde,3731cb684e6c06a0e4f4df909996e0ecff81b8c6,C:\Windows\7xevc8dv5.exe,11/14/25,山西荣升源科贸有限公司,04EB8615F356CF0F5BF4DBCD08238DA4
a25431a0583636df445d3b6acc3c505dc7ddcf435c0a63f959a63005aaecc265,37f7bda8adab72f4e3720518546ceac8,79e973a167114968174487692313f925f9cc7734,C:\Windows\ou3fu6.exe,11/14/25,山西荣升源科贸有限公司,04EB8615F356CF0F5BF4DBCD08238DA4
6f3a49ce2919b72335021a41ec63d7741b37b525fe3ae35ab418de94e587d66a,bdc26c446ecf0e5e1aa3b5c9c0de074b,6b1dd261b36a83ddd120de4ebc11a9c8d81c7b9c,C:\Windows\lf9ryhxl.exe,11/14/25,山西荣升源科贸有限公司,04EB8615F356CF0F5BF4DBCD08238DA4
cfed136e289d1e8eefd0ad26e5fdda8d96cca0fe93eaaee73a1e5cc4e88fefca,2305a7fa64d56d695b00364bc08f65af,454838a2856559af365ea5e23c6a14f971e20b21,C:\Windows\txj9dx10x.exe,11/14/25,山西荣升源科贸有限公司,04EB8615F356CF0F5BF4DBCD08238DA4
8c9722f72d7f79ceff8b4816c32c0f623713f52ffbf724ea24ef2a39d786eb69,83a11b7c10aab0d15af08248dcef6680,464fa32d4a4e181376cceccd509ee416e306c82f,JarveePro-Installer.exe,11/14/25,Keroro Software LLC,0A04CAF1BB3BC17A33C6E155EC4F5883
ba2d238c8936d35eb72acffc649c91bb14fc665c2b7b830e9f00a6c195f9906a,6a281eb71e8f8870539be2cec2fc96af,14e4c4505938b06af51cadaaaacb4ae1801b5cce,C:\Windows\ctpgsrwe.exe,11/14/25,"Open Source Developer, Hao Chen",0582253D22D291481B75770C1556C56F
4e710336b59ef1a034953f390ff6aa55dcf282a983bb335b68fa192b0706101c,1c3c3486085b988b34e10fe1cdb94303,80a5716f0c8700f83e94b6c2b814f117e7c76604,Cai Tieng Viet.exe,11/14/25,"Open Source Developer, Yu Zeng",12248CFBA203C55278C33B413A81FFB3
d406015a1008fe17fae51bf8df20914f318685de9f31fa0b53ec0d4efdd69ef1,6588c474a60d2614221ef988e9217e09,2ca5c6e385186747cdd60170f664774e4eb137b6,/home/petik/ss/malware/2025-11-20_6588c474a60d2614221ef988e9217e09_elex_wannacry,11/14/25,Jin Chen,134216E462B8FC279A7AF7382F45F3D3
0576098195dcf990dfd7989bcb04163b320c54f15666262e28839217aa3ea60b,87121d06401c99b04523f5f17dbee414,32d9a1bdcb595a59a9b7205e7c7ff1da9b6c4040,/home/petik/ss/malware/2025-11-20_87121d06401c99b04523f5f17dbee414_elex_wannacry,11/14/25,Jin Chen,134216E462B8FC279A7AF7382F45F3D3
b882fb450bb00c63621e7b309b93bf7c1c497534dd96f4857040f39356a8ea61,e40bc62ac258ee51ec7faf64f97e3162,4cea1bfc97176a4adf8f8a1da7310762b6b4bcb9,wmvert.dll,11/14/25,Jin Chen,134216E462B8FC279A7AF7382F45F3D3
1846590cb3ecdfb4b0b3ba7b318f39de3767ebcf826cd63e902de07a482e9591,e339db1e36dec5c46145cf10b278cca5,6ac8d732c5f0b0831478167229a5fc7481d23af1,1.exe,11/14/25,Jin Chen,134216E462B8FC279A7AF7382F45F3D3
6e1f8042bfbbf878bf1cab825799ac66eea236f5de4d0cd5fe9cc9bc44b7495f,96ca05206256c3da7f4055a3c49a605c,14e2524b62dc1564d898b3f147591f72149944fd,Driver_se.sys,11/14/25,Jin Chen,134216E462B8FC279A7AF7382F45F3D3
130553296636c5aee1dc4ee811c9d490b8597815970a90570e636cb692d84413,a6b51b5d52b23f5ca4593cb94d448c37,ebd5165fbd0925976545d768a32a117bcc2675c0,Driver.sys,11/14/25,Jin Chen,134216E462B8FC279A7AF7382F45F3D3
2aea92ae445567c16c8516cea5fa5373a47604916d1163e8e935a7ffbd45e46d,03448cee28116c7bd2abe6f198af2c9a,86114faf520ef368b6e00ba6ab489fd315cd6af0,C:\Windows\v1jyl3n.exe,11/14/25,Jin Chen,134216E462B8FC279A7AF7382F45F3D3
73d362a823426a114fe7c67df9ac0944ebedc5fd7e0b1272eac715392883087d,7bf04ab3ca45743afcd44a77020221a0,bc958969cb309cbf9e90e5d4e9577ff455c01a70,1.exe,11/14/25,Jin Chen,134216E462B8FC279A7AF7382F45F3D3
caec58931190e76ec2b263aea963cd0e844e093546ebb4154fcbb3dcb4600a30,2069c1f78244791c85533b1822880463,02150bf5689cc60c77bd7112998f7e20d73f5352,88.exe,11/15/25,"Shanghai Linyao Network Technology Co., Ltd.",623D84F3FD52F1A872E1BF83
e97cf75ad7ffa8baf3bfa1a721cdfa22d09d953abc34dbf592faae7e8d21f453,b0a5495357ec7a1b7e41dc5c5eae592e,ebf4df20aa6c80de808a9fd42f6e878e59183404,hid.dll,11/15/25,山西荣升源科贸有限公司,04EB8615F356CF0F5BF4DBCD08238DA4
3597178c35f2a342bbeae0b4020c79d925112249dd3d28d5f09637dd152f7c7b,d2f9c3a7f069e3190c1ab7645c2811b1,c1ee123bc31f8f95cb2ce6b5a1caa7a0839c60aa,C:\Windows\e8fawg.exe,11/15/25,山西荣升源科贸有限公司,04EB8615F356CF0F5BF4DBCD08238DA4
78c549bce411dfedcee427f54ce5c9361a7889aa99cccde34c2582505243b24e,0a0ba92737affc60a292e2bc5fd00aa2,388698632799772a9161797bdbd6ab7a8b372fe6,C:\Windows\i7aup77.exe,11/15/25,山西荣升源科贸有限公司,04EB8615F356CF0F5BF4DBCD08238DA4
0ac2e46476efbb145f3f073875ee3f930dc9a2db15dc5435d6c72844e350f210,e2f73c2e81628060cecb772773005173,a09abbc7c834f8c6ff38157431af440dc5035e31,C:\Windows\0n870p.exe,11/15/25,山西荣升源科贸有限公司,04EB8615F356CF0F5BF4DBCD08238DA4
7b0d700b1b191a7a3fa469182db4d8199c848f083f6b7748bec383fb478ccce3,d1f74ab8367e3d39763d8052d58a2c11,25d98e884e3cf210e492988ab9d47a152b63dca8,C:\Windows\1dytbbf.exe,11/15/25,山西荣升源科贸有限公司,04EB8615F356CF0F5BF4DBCD08238DA4
01cfd2c8b212860cc9244de236b5524cf9b66a9789ea852a11411201016700d4,558227e78ae752aca04ea17a1df39c5a,13543393d58e97adca704e21bfbc0324941ee208,,11/15/25,山西荣升源科贸有限公司,04EB8615F356CF0F5BF4DBCD08238DA4
fe5805bf17e6bb7a0fb02ffd6544afe747baccf06e177b87ad5c7397fee0760e,3a8ff0bcd64b0526e26cfae39a380ea5,1a157040d6aab25d40bac16b9f31a2ce027a6b00,C:\Windows\k30geh.exe,11/15/25,山西荣升源科贸有限公司,04EB8615F356CF0F5BF4DBCD08238DA4
c31ffc784bbb1a8f09b9ebcb85d7f6b75332b376319a81e3386665911326a306,3fe8b0df1f7bd3ac7b08ce6ca6ec16d6,fe93c4e4803e07ea58197f5e71258cc06fa83ed5,C:\Windows\g5aqwz9id.exe,11/15/25,山西荣升源科贸有限公司,04EB8615F356CF0F5BF4DBCD08238DA4
25c9dc5015d864a86769cca6050caf3f9e55c3202f75a0819e23726e8e945208,db54bd85892480e80286629363e5bb05,c37f21c45c04391b875eea4ffd005353fa660606,C:\Windows\a1nrijh.exe,11/15/25,山西荣升源科贸有限公司,04EB8615F356CF0F5BF4DBCD08238DA4
eafa1e1cca16b2b475dd94bb0528d154ce951a5c47b0d131daeee95fe2b36e9e,9248c0c3594d89f767ee045e887fa3d4,2372fae3f51a6540bdfe021f8f6ed6b0df6b9a64,C:\Windows\li90sv8.exe,11/15/25,山西荣升源科贸有限公司,04EB8615F356CF0F5BF4DBCD08238DA4
ab6bf9cae5a0bbecbba8303becea56ca415ddc6eda6a7cc288766a8a32f77585,d636fe488d37546b418e27302697d744,0c2020b5a4337126fe4d45f33fa4e4cd3795e708,C:\Windows\31ax91jy4.exe,11/15/25,山西荣升源科贸有限公司,04EB8615F356CF0F5BF4DBCD08238DA4
dc411763742d1442ad719a81777c7076d345321344e05c53607f1ea02fe234b9,17dc6454a9eeeb55d9875b46ed7e6bf3,8138c41cb09608428f7d1ce40b99adefca14ef5f,C:\Windows\3xjst.exe,11/15/25,山西荣升源科贸有限公司,04EB8615F356CF0F5BF4DBCD08238DA4
25503c449a9aad88953e900284da70a5c549748f9c990a81a5730f77cfac0a40,52860dfa4a689dc3a783bcb62ce0d1e4,0c187849533879622df3d600b13ccc10e5329deb,,11/15/25,山西荣升源科贸有限公司,04EB8615F356CF0F5BF4DBCD08238DA4
de7b0647341b04d5a0ded4a6998ee89cb3de2a8271cd9a7ec5cd9675d41a014e,1061bd03612058bb858d9b2d0a9c4c09,a07b3d00fb6c0e8c74797aae6de4d9bd8e61b6a0,/home/petik/ss/malware/2025-11-20_1061bd03612058bb858d9b2d0a9c4c09_elex_wannacry,11/15/25,Jin Chen,134216E462B8FC279A7AF7382F45F3D3
a54d2956e07df134cae10d544b9b725691c85388e272302b34d335d5e5dfaf74,c382d7066552410a43ec59948e9c46ca,faac7a555711e1733fa527406ed97a518d4b17a2,/home/petik/ss/malware/2025-11-17_c382d7066552410a43ec59948e9c46ca_elex_wannacry,11/15/25,Jin Chen,134216E462B8FC279A7AF7382F45F3D3
f8e70366a7cf96e79854f49fc413674de4e98b30ca4109a06b1652b3b1dae909,15d50d4d03961b58935ad7b6c8793a8c,51e9a5541790d81d3d83f4d92e95f11566554c86,Driver.sys,11/15/25,Jin Chen,134216E462B8FC279A7AF7382F45F3D3
a17442de352fc84f3b8d26cbdfb1ecbaad096a61e93b13fd46d299b379a5d3cd,a07a6071605440ef931db198fa482cfc,4db37244fb7f9049655f6acec6a09be1447e1cc1,,11/15/25,Jin Chen,134216E462B8FC279A7AF7382F45F3D3
696a0c0b9763c524f7d9c117a705c462dfb1cb46c27ae0b84d8c9930f089de88,5201359b50126fe3d69678751d2f63de,87227bd307d944679b4a7550d9544567c561a2c0,letsn.exe,11/15/25,"Yangzhou Dadaxing Internet Information Service Co., Ltd.",567E1FA7B741E453DEE4CBFAAD7D8062
b35a1b43f24a95e0c7c3a599dfb3985c2a523bc83c69fabdfdbe43b1ca38180f,ab63bd5f491ed009c980cb6dafb219b9,c2d3339608312e9bc42ce6397190b7df7d10bcc8,NewProject.exe,11/16/25,"Changdu Wopu Technology Co., Ltd.",5CCC14BFA5980319E17B16F0360684FF
c04fd1d8e87320b6fc7e657107b89b2bd4dbb6db08c6c5215a3e935aa48439bd,abf4f9c9e0549f9942e2900ae3ab225a,b911b74ded591b58022da599fc77be36e72e84f8,NewProject.exe,11/16/25,"Changdu Wopu Technology Co., Ltd.",5CCC14BFA5980319E17B16F0360684FF
3e606930ebcc0188a3a028470c29e943b3703a24ae761c2239a235183ab602d5,96e9a0c788fa181bb92472ee97a48092,22b492a99631ced8c99bb555ab96ff04814c301f,,11/16/25,山西荣升源科贸有限公司,04EB8615F356CF0F5BF4DBCD08238DA4
ba992b0cb8fe647aaf214f02ff89db14bffa0ada159e20241cf8d2dbd03e39ea,0f7f16ff0a8bf9fef1ffbdedb08c306b,c86db0fdb1c7e6488250007a7d4173bb36f04c00,C:\Windows\bo45gh1t.exe,11/16/25,山西荣升源科贸有限公司,04EB8615F356CF0F5BF4DBCD08238DA4
02fe04ff58c19b5da6b0af7aab80f378ec22586d998b6aac597ae112080f9961,46549c783fe580628843e702768b727b,928ac220fd08062700fded95d6f6f0724d53a0fc,,11/16/25,山西荣升源科贸有限公司,04EB8615F356CF0F5BF4DBCD08238DA4
3d440c7d54e06d4be80e7030fb5cda2924bf54e0f3f6e2a22b19d6348c14fb92,63ab99dae2b9500bef235c1e3284ada3,9e9cd08e11e83ee5090ce08844ac0ac7d248c0fc,,11/16/25,山西荣升源科贸有限公司,04EB8615F356CF0F5BF4DBCD08238DA4
57cf1e3260ce4f68b1bda6663f963346dc7206b558708a3d06077209358eb1ac,833355b4dcc982be3dd9cf8eabb63519,3456536e1471f5e36349dfa511e9f08379fc6068,C:\Windows\e0klog.exe,11/16/25,山西荣升源科贸有限公司,04EB8615F356CF0F5BF4DBCD08238DA4
5ab4b904d3e9cd8918f813affa67a6d9049e50a98e7055c73ef92bafd7bd3143,f0e76c0fa5eccd66430c4f288bb02f7a,5b3d0757df7d534789fc4c286f4a6e334069c9a3,C:\Windows\cur8q.exe,11/16/25,山西荣升源科贸有限公司,04EB8615F356CF0F5BF4DBCD08238DA4
0fd11b100f77271e94a1be7c2df6ea4bd9fc33336010629bea5a7e37af828c36,69a0fb113e5e74ed834ada6f895bbe4b,fa8c11dd8a254e28f1ef19d105250f8ae58b636b,,11/16/25,山西荣升源科贸有限公司,04EB8615F356CF0F5BF4DBCD08238DA4
fc97942d059befe95d62c988e2d9461adb140de7d5a9a6d9001f4fd116fac4e5,be921e0eafd4b6442320d10a88623f1e,1d36f7fdcf28b57ace2be66082fb44efcf346e7f,C:\Windows\63t4u.exe,11/16/25,山西荣升源科贸有限公司,04EB8615F356CF0F5BF4DBCD08238DA4
651ed87bd624e60f6bea70dc02de6b2f1f51f5d70d3715710adb3f77ad458a51,9467e98e4c858beb079d5ea7c7279fa2,67ee946888216561e97d15088d6223e4356eb4ec,servoConfigTools_PTK_v_2_1_3(1).exe,11/16/25,Keroro Software LLC,0A04CAF1BB3BC17A33C6E155EC4F5883
c80da88e7f8527819bb76158f803ee4315e3aa5bcd5dc21d1432a91a6271daba,9102877926186037b36ea489cd31eaac,8a5d25eddc09641c04e468ea4b6e356155be770a,PTK Servo Program software.exe,11/16/25,Keroro Software LLC,0A04CAF1BB3BC17A33C6E155EC4F5883
9411d398107c39c0255f7b1e3df899db94b37c0f45ad7b46157ce6cedc4ba844,e5f3783560cfcdb837f8f16faef1d21a,68087130a84c1bad57d4787db3fad0aca93816e1,/home/petik/ss/malware/2025-11-20_e5f3783560cfcdb837f8f16faef1d21a_elex_wannacry,11/16/25,Jin Chen,134216E462B8FC279A7AF7382F45F3D3
c884930152ffe343966d0266876d5b434500f310c5c760bf4a2121832bfd7e99,f85b52961afb61fe2ad685751001fd8a,fc5723498b413a4156b5dd516bea3894002d1971,/home/petik/ss/malware/2025-11-20_f85b52961afb61fe2ad685751001fd8a_elex_wannacry,11/16/25,Jin Chen,134216E462B8FC279A7AF7382F45F3D3
9b826cd31ce79219999b0c28079a4a905e4617c368449d7714f016e297d665ec,83d83d67ee807573bcb93afe76761123,5350f8c6776ae44dd38bba75187b6157367a13c9,/home/petik/ss/malware/2025-11-17_83d83d67ee807573bcb93afe76761123_elex_wannacry,11/16/25,Jin Chen,134216E462B8FC279A7AF7382F45F3D3
28075306284f34e5f0dcfcc26128860173118a66334b314698e94e4f06f4ebf9,2dc7cde332330e5ac7e9fbc79eae639e,001c16af3cfde47a3289e5c55d72533c5c0e4bc4,TASLoginBase.dll,11/16/25,Jin Chen,134216E462B8FC279A7AF7382F45F3D3
09e864d43e4cc7ab2959a8e2df928c0ff1b82f8a41b69c7af15040baf6fa1b7d,f350f7e1cea38c5bd578d7ce02412e9d,27070a6113d2414c39140a71e74cbaf4bd3f672e,OneDrive.App.exe,11/17/25,"Changdu Wopu Technology Co., Ltd.",5CCC14BFA5980319E17B16F0360684FF
3d0f5ebbb29daf6bb5c154248fbf16c4cf744cfaa894f330b72c85dfad913115,ecb896e8403c1770f7c3f23936619bcb,3bb5904f94b6aac474b0b96ff9aa88a86eff1f57,,11/17/25,山西荣升源科贸有限公司,04EB8615F356CF0F5BF4DBCD08238DA4
041d044026e103ae9e4cd58e36548bc18492517286e4a2845bc14213ca5d2a38,88c3c079a93093bc9250ee99870de351,3d98e226d6d3af6de3beea5f740c1c9a5a764f84,,11/17/25,山西荣升源科贸有限公司,04EB8615F356CF0F5BF4DBCD08238DA4
6b8393bd787427bcad49553f9fbf361dd1be87c0670037db61e034a658c50073,f7fdacd53bde7c50e211b708d2aa906c,491bfa9d58fddbf0b8ec26de1c99e0a9716bf017,C:\Windows\qdkag.exe,11/17/25,山西荣升源科贸有限公司,04EB8615F356CF0F5BF4DBCD08238DA4
eccde011151b09d6deb736c8fd92256a44f6c90d2298406f0e8b534287d88c82,baff27a000e65fe9605d61bf27695cf4,c4e16d66ccbf2f58b1a2369238ee295604caa766,C:\Windows\7om41oe0.exe,11/17/25,山西荣升源科贸有限公司,04EB8615F356CF0F5BF4DBCD08238DA4
8e836526e0a2479c8cd9e2f199eeca39dfaeb556fb46da6baa379147d3e52c67,a11974aca0959d0238ed3000ffe1dd1c,b9ee25723f311c7f8d371d7e2fd5ed3189d7adbe,,11/17/25,山西荣升源科贸有限公司,04EB8615F356CF0F5BF4DBCD08238DA4
bc7e7f21b72b1d2d35ab62598b7c2953b83ac9e861024eead58742e370195632,0ba48b6a1e16f1da139928950ad9ca53,2453b1670ec02a78ad0c05f0154f5502b932cfe8,,11/17/25,山西荣升源科贸有限公司,04EB8615F356CF0F5BF4DBCD08238DA4
8f3fce9b78383128b6bf788b6e47712603dfa8545399186ae84342117507acaa,620a82f5be89da0d4c3ac1fcbda9511c,c6ce47aba460e03e4d89a2d3c0026d7aaeb6106a,C:\Windows\dy4dj8nh.exe,11/17/25,山西荣升源科贸有限公司,04EB8615F356CF0F5BF4DBCD08238DA4
ee2421d11627e6fe1f2cadb8ee71099da3a70cfba6ce065632ea753e5efc421b,252974b721ab8317525987361f8d553d,6795d53a4fe83c42a927c1c19e511423e04bf6cb,C:\Windows\7qsrh.exe,11/17/25,山西荣升源科贸有限公司,04EB8615F356CF0F5BF4DBCD08238DA4
8cd711768d9c86070230fc6bad38b2650b05c057d08f720ba21f8646907c2a50,d35d9a7800f6b3e7fc099fe67821c3fb,239bb7c93e10fad0e3b717f86de1f00c18948528,C:\Windows\1bnap4j.exe,11/17/25,山西荣升源科贸有限公司,04EB8615F356CF0F5BF4DBCD08238DA4
24f56e7807df5eaf71c750b9e023a654c0d3f497af8331a5168bcfe913fbcc56,49143c88a5386447663780687e852320,96c574f74889e7a0cf0a316e6c98cecc4501e0aa,,11/17/25,山西荣升源科贸有限公司,04EB8615F356CF0F5BF4DBCD08238DA4
8d6c763eb0a23467331fc0b9f52fc1bb3db24a3223f10b471de065bd5f8346c9,d59bf6f599352429a37585699c4a8437,23e69b816dc80e94dd1534a4ecb070e5a7ff2708,,11/17/25,山西荣升源科贸有限公司,04EB8615F356CF0F5BF4DBCD08238DA4
93ea0c35d88589e5ff62726da968d08b0e37d187828eba84a8320fe67bc851ab,6449e1515c96d8b81b11bf2a226d5c85,20a4676fed9cc65023369b27fab6e2b7d24026b2,C:\Windows\iiuwo02.exe,11/17/25,山西荣升源科贸有限公司,04EB8615F356CF0F5BF4DBCD08238DA4
02ac899400ac668cc86c0f816c2e15052260eac17ff5a6dc5912adea4a0df8eb,3c73d971930269a6eb15d973d446b16f,c780e739331898bbb781c3dcc2957a4927bb791b,C:\Windows\93asdgrx.exe,11/17/25,山西荣升源科贸有限公司,04EB8615F356CF0F5BF4DBCD08238DA4
7255236adbd714aaa7a0a3f7bb092fcd0c6c6a75e34636ec963d485d8b0adfd9,30391b33880dd7541adad3ab037cf7a2,b00220a440c9e04b40609d79bd8c3d532d581dec,C:\Windows\23bmao.exe,11/17/25,山西荣升源科贸有限公司,04EB8615F356CF0F5BF4DBCD08238DA4
1c88f34e755b2e9cc5766f2787b49ce2223d2a26487738869a8ba05d0e909d38,9d6547194001d0b0cf1d6d97a39df8e9,6fc28814aa7056c7a538c4e8db349584fce1289c,1c88f34e755b2e9cc5766f2787b49ce2223d2a26487738869a8ba05d0e909d38.exe,11/17/25,湖南蒂角企业管理服务有限公司,05E39C93D531D6E0DDDCC6774C003F3C
140eafb473e8068187f6f04509adcaa5754318d8070898926235b45b6e70b18f,5b4ef3211f591918f4f408607c5cb8d4,a2e0c1489d30e8c996eb478cbbcba78c09c442ad,C:\Windows\kocrzazbg.exe,11/17/25,Jin Chen,134216E462B8FC279A7AF7382F45F3D3
58f165984aefbb2cd47c1ac1e1999d97a986c436a701a94cd6df35e78668b4b3,35fb017eb93053f3a6ad9cd64b182e26,f99e6f21e9b02c2177b34755677305a4af82e955,msedge_elf.dll,11/18/25,"Changdu Wopu Technology Co., Ltd.",5CCC14BFA5980319E17B16F0360684FF
c3e169b06f338e406525f935d65bcb45176e192b08278f639f6a99f9c5fae3cf,41dc9c78e04653141c92beb84f1fd1d3,769adaf92306c460eca3fde3eda089b1e676541e,VideoManagerMainModule.dll,11/18/25,"Changdu Wopu Technology Co., Ltd.",5CCC14BFA5980319E17B16F0360684FF
79ad8f72e09dd35f7175992f8f3431d54ba05ae7e1d71fb3378198860d84c711,200e78ff49f4f2debdca378c06b6dc6f,2a9b691a338d580c0af483664b15a4d266557160,OneDrive.App.exe,11/18/25,"Changdu Wopu Technology Co., Ltd.",5CCC14BFA5980319E17B16F0360684FF
e06a38f245f1d2e8136eb1b0929b75869024a851b59fc770d57639c4e264bca4,500dda2a874cb030a34f4374e8b288bc,b40435c51c7e9ef3b1939780e0e8e9ada73b052b,Updater.exe,11/18/25,"Changdu Wopu Technology Co., Ltd.",5CCC14BFA5980319E17B16F0360684FF
778f20d1c46f2427238c3e8c38fb3825fd3af80a022d03aa56be0dca2a1a593a,67356fb206fcc95929c304460f9458dd,d726761bd17a121e35bf2415dd3b130305ce0ca5,OneDrive.App.exe,11/18/25,"Gemini Technologies Co., Ltd.",67E44E108CF60C941B913A00A7F5C290
7600194287aca7cdbf6c6df960ebec50862d83f7b56a1da6f56d6829a12c07b7,9bbdd29424d18fc03c388f534a9b2aee,2779484bec84002929567fc9a8d08330e09274f3,,11/18/25,山西荣升源科贸有限公司,04EB8615F356CF0F5BF4DBCD08238DA4
c55933c91f92d2357b31d207d7b49385c41e2520c885a655ef71a2d429c39b02,bc779a17c65cfb4fb123c41b34e7f2ce,ee2aa51e63e350256efcda6155bb00ca8fd801d8,,11/18/25,山西荣升源科贸有限公司,04EB8615F356CF0F5BF4DBCD08238DA4
3a4d6b44644a3b29c1e41c0cd540165a18bbf4b81396275804160e87538050ea,a692e605889f88a96077ce990a0d7965,dab1210725fd87c62f88aec3c1b7856fa70b8891,C:\Windows\edb0a.exe,11/18/25,山西荣升源科贸有限公司,04EB8615F356CF0F5BF4DBCD08238DA4
2f65234d9d5a60bf8bf755e27de64248ffc48d63e20280a9cc54d315367a8851,66d44003fdb8679190cda567e208685f,9640eddc21c1ef1a4e48cde10e4b538b91e006fa,C:\Windows\dd23r3g0.exe,11/18/25,山西荣升源科贸有限公司,04EB8615F356CF0F5BF4DBCD08238DA4
30cddabd76c1404ec27ff15aca6865b080df2f347b40010a0bc8d52ad78b4401,ff20cf8a17d2f8c7a7910c37db05abe4,eff2672423b72ee0c342bf6d98ea88f0355c9cf5,C:\Windows\f5uggz.exe,11/18/25,山西荣升源科贸有限公司,04EB8615F356CF0F5BF4DBCD08238DA4
d024dbffa51bbb2f85ab478587a9971c3fdc88fae07f09abe37f1225be4fe0bd,2f8445331dd9a86bbb72da9b76dd783e,91f2704140a12186339185d198517b3691b25c80,d024dbffa51bbb2f85ab478587a9971c3fdc88fae07f09abe37f1225be4fe0bd.exe,11/18/25,湖南蒂角企业管理服务有限公司,05E39C93D531D6E0DDDCC6774C003F3C
cf8b0434d4f4591baf7335931b114cbe715f17a61a38af1e83234484b2e0dc7e,92cd36602057f674e287b2b77d505f29,076143a3cba4d03162ec93fcd9af84e7eef3556a,Yiwaiwai_2025.EXE,11/18/25,湖南蒂角企业管理服务有限公司,05E39C93D531D6E0DDDCC6774C003F3C
899cb424a250e13191b2d85de9a380c9a2e1ce316c4f46ad0db88d46a01aa8ab,487f589761f0765618874814566dcee0,859759faa18812b73aa58d4efc698075e3314ba6,899cb424a250e13191b2d85de9a380c9a2e1ce316c4f46ad0db88d46a01aa8ab.exe,11/18/25,湖南蒂角企业管理服务有限公司,05E39C93D531D6E0DDDCC6774C003F3C
8d91649893c4a339feebd2a8e4d6e146482f2faab09f5718dba323aa975dea95,414e3e4cf830cd74fe05d5ed1ceee981,8355ca6a076934d2ff56e4e74da2348590862bc7,BusinessDataProcessor.exe,11/19/25,"Gemini Technologies Co., Ltd.",67E44E108CF60C941B913A00A7F5C290
b1d0f9b45862bb8c2ef7cb9e114b47ed3c55ba3f9f76bf33f1b3953e93e7acf2,caa7c0f51c3c50ff1d69581581a24429,89276d203b36465367acf6d6481fd9696c524808,C:\Windows\j6bden8i7.exe,11/19/25,山西荣升源科贸有限公司,04EB8615F356CF0F5BF4DBCD08238DA4
f847c32750f1fa222cf9c78699fe7108ccdb412583ffe6120216ea1f12b5ad1c,9fac4cd696f02c5125ed2c11516ad0cd,821ae1cec2f0b713bb2e8d2badf5d854ee53e36c,C:\Windows\cntlyfi.exe,11/19/25,山西荣升源科贸有限公司,04EB8615F356CF0F5BF4DBCD08238DA4
6d8c1781706ba9ee7e235be0ad38d0dc35553161133931eb0fb7e7cb6e0bc370,3c4f8699ba5026d0a0ac3e2b40887c27,f5da6d4e3f85077e584b55aa5396ed60c8289569,C:\Windows\ux08315.exe,11/19/25,山西荣升源科贸有限公司,04EB8615F356CF0F5BF4DBCD08238DA4
6c6e6cf6fbbf3c5b3bc51afee4967bf4d96f76d14b620be586330f687e690fc5,b8c2feae0eae06e6187f2efae2d82cdc,86fe59b71c27620f16fe02a6c85082c79f432277,,11/19/25,山西荣升源科贸有限公司,04EB8615F356CF0F5BF4DBCD08238DA4
5ec0b0ce8059d9c0bb9e9c18128b8881105b01dd7f9800152d91df03d71638b6,22f8200734e94eaefe8aad0239ea3875,06f1f1c2d10da80c8c009cc84c77329dd078baf0,C:\Windows\u5fiw2.exe,11/19/25,山西荣升源科贸有限公司,04EB8615F356CF0F5BF4DBCD08238DA4
dd3344b532aa31147d88802d1e1c28ad999bc699b4cebe9d8f8be0da4cd36dd1,2f8b28f85136bb4ab7a27fdaa0539af6,59809d131cb9fda127697b0043fdb16eb671f609,,11/19/25,山西荣升源科贸有限公司,04EB8615F356CF0F5BF4DBCD08238DA4
afdc2a314698de20ea7d5d4b39cfb6e38fc6e5feb9880c445503cd0defbe4d02,88f38fe701492eeb3d790320b9e85412,1ef61059ead15ad23b61bf7e21dec7a332f180aa,C:\Windows\k9f5g9y1.exe,11/19/25,山西荣升源科贸有限公司,04EB8615F356CF0F5BF4DBCD08238DA4
006306c5f6c4fdf8651f27a0ad7a987942461c76365c3a84e54c63bb3c2a7693,b42cece6a92396fdb18f3baa7f3726e5,0fa347794bf57d136a9b0ab054e0b427cda58127,svchostx-1201-1.exe,11/19/25,Keroro Software LLC,0A04CAF1BB3BC17A33C6E155EC4F5883
0e25eb305f7d2801ce8bc11c04f913471e5053cd8d76d00348b2268456440454,9762b2dbec52f5d4cc4163aab04a9c6d,8d6e0b1d3030dd1dbaa0b543e7a81f5558136e6e,core.bin,11/19/25,Keroro Software LLC,0A04CAF1BB3BC17A33C6E155EC4F5883
46149a4e6bd7f01e816ff0e98d10e2248f6560b8dc075a2bd00a48d7095c51d5,f32027078a345e969f8962543185d95d,cd928400ded54c59bf35b5f801968b72965160d0,D:\Program Files (x86)\Google\Chrome\Application\F32027078A345E969F8962543185D95D,11/19/25,湖南蒂角企业管理服务有限公司,05E39C93D531D6E0DDDCC6774C003F3C
93ed94372d167e22ddd847916b3a26bad5293cc54433244927877a3ecf95d0cf,a2b34027530bee6d40031381897683f7,80b4d74c2b845721342f50e4d4d5a95c8cf6b8bb,_93ed94372d167e22ddd847916b3a26bad5293cc54433244927877a3ecf95d0cf.exe,11/19/25,湖南蒂角企业管理服务有限公司,05E39C93D531D6E0DDDCC6774C003F3C
9e111d882a508e8b2f1137356222296212389f15b72a723e8cca59c6ab0a9e8f,b682d9691cacc8d95c4560650c94c657,1d082539aa7fbc58060a9159d9e04c7813590535,F:\User\Lenovo\Documents\B682D9691CACC8D95C4560650C94C657,11/19/25,湖南蒂角企业管理服务有限公司,05E39C93D531D6E0DDDCC6774C003F3C
6dd3de417e03ce2d993cdfb9474a0af048f3b943c4d06803be1a48cf7bc5279e,37f8e36c32c0dbcd254df9ec00613737,49929f5761afc2c2f43c8341950455911432166f,kdump64.dll,11/20/25,"Wuhan Liansitong Technology Co., Ltd.",44E16F602A8BBC60E52ADFFBDA35ED09
428270a95caa98c6281916312b6f06a29b9c6c5183d87011f7004b219c05eee4,d0cdbaba64e34305384eb2d663c3f9d7,d6411e536263ae0d7860c3099b6031be9d948080,BusinessDataProcessor.exe,11/20/25,"Changdu Wopu Technology Co., Ltd.",5CCC14BFA5980319E17B16F0360684FF
98bdfbea9a8f6c8f0e6bbc022b40a7b45ced48e27eebba7c8c32bbe0c2a1ceb0,17a6adcd2f76d85de1026a7ad5c53fc0,8083c33578886701f1be525e84fee11ee4eee86b,dual_engine_adapter.dll,11/20/25,"Gemini Technologies Co., Ltd.",67E44E108CF60C941B913A00A7F5C290
8ec9a6335eab04cc2c042b201e5618871d416325975babf2981516833bc1325a,007ac3db0eaf76b3513c4989c26830ff,2a229946e50a7cc9e4d871e74786150259a5d3eb,BusinessDataProcessor.exe,11/20/25,"Gemini Technologies Co., Ltd.",67E44E108CF60C941B913A00A7F5C290
8cebea9ca2e3fb460c1a1dc03398843e91467795603814518b16f43e18d77d8d,61361fb93992b8a3e54f901e17adb7e4,001faaf397dde12a044efeb98efd972bdec0229c,C:\Users\Public\Documents\x86-Microsoft-Windowsdata\SearchIndexers.exe,11/20/25,山西荣升源科贸有限公司,04EB8615F356CF0F5BF4DBCD08238DA4
5fddace28c30330d10e3b4ace10e02827ce1f7ea76645180cb04a975326ddf7c,409de8f5f8c2b1bda1e7592eed4b579f,79c7aa70c34c6240cc7a678008694a3a45bf0838,C:\Windows\z8u2p.exe,11/20/25,山西荣升源科贸有限公司,04EB8615F356CF0F5BF4DBCD08238DA4
e226693c6ecc30697ad078e78c07d877a885eb7318686195c04f6705023282d1,2ce3b13baf95703b1168811596d7b48f,bc412e0a547a381b0a4eebe627aa5a7466ee5265,,11/20/25,山西荣升源科贸有限公司,04EB8615F356CF0F5BF4DBCD08238DA4
0a133be16adb1c8aa52d6ac9b8092534afa41aad4d61689c1cfd20c349750a02,0482d283349abeb520b91d8816f6339d,3e30e59d850db9aef60128ad7947292eb92c3d4e,Updaters.exe,11/21/25,"Eugene Investment & Securities Co.,Ltd",0497D45997C350D2867A7764017C3F3F
2e22b3d7f440d8b1282645da6645c5e17d891869ea7fec55adab30b19d8eeb12,623deb58dd88ba4f85d5ae7d242fa9c0,0d465798233596c0e8447e6584441227b1da5f92,logexts.dll,11/21/25,"Eugene Investment & Securities Co.,Ltd",0497D45997C350D2867A7764017C3F3F
302db536ee2f1670b3a0284c25d0b791c22e213006fc8909db123754713f2328,9b04a0097eff138f6e4b52e98e4042e8,abb79bd2480bfaac116db32da0d9a25b7c7a4f26,Updater.exe,11/21/25,"Jinhua Suyu Intelligent Technology Co., Ltd.",5AE3A3B23CFA63ADFCED9BA9EF9A263C
853dbe65b3b2f23c47efe9aa8f008ae198bf032a52669cfbcf372a306042c16e,95b32b00d38f97e0f25379c14e370f4c,fd97692d33ed53cefb1b79c2c81da46e2a7a5192,C:\Windows\dewi22tbc.exe,11/21/25,山西荣升源科贸有限公司,04EB8615F356CF0F5BF4DBCD08238DA4
4278fe55103ad6533d3aa8eb3ac207ead9a123a665baf1d9ef44906b60570602,711bc5bd19efe6246c5acf248fb5e9ed,a62104a5850bc5705cab8e983930756da9d4e124,men.exe,11/21/25,山西荣升源科贸有限公司,04EB8615F356CF0F5BF4DBCD08238DA4
8f05fcba745ba59bdc01a340b053e833815adad56a7d4824b498f0858a935e14,b2211e501976e79e85368ddf661b36ff,e86e1347a4b3b08877203db0e3380d5e6dafe063,Setup.dll,11/21/25,Keroro Software LLC,0A04CAF1BB3BC17A33C6E155EC4F5883
ce524e4d67f71cd4cb608ef70ffa52ba55b9ab0b943c4070448d85c4c38b1053,8816900c30ea0b294f52903248443be9,fae636f22f7efd241266b4d94ecc9c37dd3b635d,Setup.dll,11/21/25,Keroro Software LLC,0A04CAF1BB3BC17A33C6E155EC4F5883
20ecd04e10c5d9c4dd84633e0098ffde0584995ac6728f8328878aa600353f95,594330a8f18298a0be81c794abaa33d7,cf7c78906cc574ec881870b8a79439b9f8800bb2,YiWaiwai-2025.EXE,11/21/25,武汉市领曼盾数字科技有限公司,097B634740A6CF3A61F0AA5A62E940A6
15f1d0b10a091ff407c61c9ad577ef3956b5d6231bb1126d0721dc4a7510b3ce,eb41fd5048a1d74be815492c7de28aa8,e65f1bb9b7f8304923e80057e84c08f228391a26,nvlddmkm.sys,11/22/25,山西荣升源科贸有限公司,04EB8615F356CF0F5BF4DBCD08238DA4
9a7280269dd026c29d4aba87e218aaa1bab13edf8b0cfdc4aca30278d2dc00d5,b73a65cef5a55a85eb126cb525246acc,a981730885255dfb5e28fefe459b100d424ec54a,Leidian_windows_x64_v1.0.exe,11/22/25,哈尔滨瑚板颂电子科技有限公司,54920428011B1572DC58F84D
87e5ac01718cde80eba44067cbd50caee137acbdad3b1425b08ccaadd584eab0,c36b3ecf2586894839b57b1d210c1ffd,e3ea33c248649fdae92c5004a39664962a7c6403,NDU.exe,11/23/25,山西荣升源科贸有限公司,04EB8615F356CF0F5BF4DBCD08238DA4
179b8af13000463b87f74c99828671f0069126fc4cf65d862c223e67991ff75b,623a39fa1b26587ddb1912d6c0f0bd3d,fba135fcf67f4df8c3d1552ee81666beb5ac5f28,BusinessDataProcessor.exe,11/24/25,"Jinhua Suyu Intelligent Technology Co., Ltd.",5AE3A3B23CFA63ADFCED9BA9EF9A263C
320cacfdf5cf12357a632e8be30cc2d5a6d1124341c2b19ca9de30360fe9e91e,f0584d1010866695f5bf5dde54f42010,67374cc0ef30049c9118bf71dfc0532dc3f2b7fb,NewSteamValve .exe,11/24/25,山西荣升源科贸有限公司,04EB8615F356CF0F5BF4DBCD08238DA4
731a144baa1d2bd6b316a3b4408fe280a15d39c6998374169e5cec803ff0729a,3aa4e5eb1f497e795dec3858bcff0058,acce8da2984a64504ef3a0688a4fa8d07f2a8d9e,YiWaiWai-2025.msi,11/24/25,武汉市领曼盾数字科技有限公司,097B634740A6CF3A61F0AA5A62E940A6
98d72a1ccb6db33b2299c7ca169a0ac3d8fad95eba6bca82653afca1c97b783e,ce15f6869919272849c0e0e63de3c18d,92cd2ee08011c58434090c84bacb3cd928887351,localfile~,11/25/25,山西荣升源科贸有限公司,04EB8615F356CF0F5BF4DBCD08238DA4
f40307392abb73164283b3a6d0dce654d65cf7908021b458501e8f28e3da77a6,bb9b32320e8e5567db104cf7499b6fbc,47a4858abcd0d8c6420aafeedaaee6aa783cd108,Driver.sys,11/25/25,Jin Chen,134216E462B8FC279A7AF7382F45F3D3
e4fd41c5b28d77912667d207ecbda5868504a78aae23f5fe04c5add2a36e4408,34f67a23ee84cb1f71351315b754c1a8,8c4d89ae03e31d0d70fcab162835fd1e88eabd33,C:\Windows\m2s254w8y.exe,11/26/25,山西荣升源科贸有限公司,04EB8615F356CF0F5BF4DBCD08238DA4
18339439c3ef1c8bdfbd6dd6aea4d549c8fe8eafa8662ba934c1f75d9dbeb6cd,a492e769f5413fc0156db74cba371cc0,aaee2e0343c7d6bfbdad3bfba427e8f9aeaa6b1f,C:\Windows\1n7dk2.exe,11/26/25,山西荣升源科贸有限公司,04EB8615F356CF0F5BF4DBCD08238DA4
10e2e2e7baca805b068dff1c908bd19cfd567c6ed96f7c7d79e4db6741d7f766,62594972fd6aa7c1f4793341309dce1f,231d558a1cf3030c1cabab8b77534015f627ec0f,C:\Windows\ke3u4h.exe,11/26/25,山西荣升源科贸有限公司,04EB8615F356CF0F5BF4DBCD08238DA4
ed987320e655c9bf0823ce5c8537ec8ca19e7f04185a0cdadaf6d548b4c11bab,9e96fcf1659b1de536692060cb0722c4,768446cc07632bd925c8c0f4451f68e86cc51490,ed987320e655c9bf0823ce5c8537ec8ca19e7f04185a0cdadaf6d548b4c11bab.exe,11/26/25,武汉市领曼盾数字科技有限公司,097B634740A6CF3A61F0AA5A62E940A6
c73628387a6ba1cd3439476a6e8bede9fc33c65e3209a68b8ba2b09561a935a6,e5e6730616d4d2d48da5aadd390cc781,a282acc96910e376bfd6f4f4c91af73a54e03f6b,gogle translate-2025.exe,11/26/25,武汉市领曼盾数字科技有限公司,097B634740A6CF3A61F0AA5A62E940A6
83bfec580704ac03fb06c12ef1c1f0047b9efb022cf5a40c461597591cafa928,e17933dd00d4ea2bca54affb93d4e090,ddaa59d98941184551630818cf1a0a7fc7cf6f34,,11/26/25,哈尔滨瑚板颂电子科技有限公司,54920428011B1572DC58F84D
5f3c462468e67f422255d74b5a45268ec61957cc825aeb74989e5e2ebb5e92b6,65e2352f981c4b6a1e19a008d9defe8d,99da16d958bb7825d006b24481e9c69e83ffebb5,CrackerDrv.sys,11/26/25,Jin Chen,134216E462B8FC279A7AF7382F45F3D3
c9d5d5dad65728388a87fef31a48e1cf39136d5f9d49d132da1d0999d2255001,d2700df65731765eed3cd6e99dc3a47f,36133153139267921d737e983cd9fe6811f808fb,Setup_App.exe,11/27/25,Keroro Software LLC,0A04CAF1BB3BC17A33C6E155EC4F5883
41cbc12f321946df26961d1d1e9a81950cd64e0ec779af08edcab1b6950c5368,2a20fa1f678e54d158e6d9cf4bfda903,708e3c97c3943e0b7488a2386f052545ba139acf,Tekla一键安装.exe,11/28/25,Keroro Software LLC,0A04CAF1BB3BC17A33C6E155EC4F5883
e7cce21cd65b21648155456fc7543bf0fafb3009e3d0289626712e671d4b2df1,a551063781114617933c1ac7f8d9f9f6,c426079b0d97059498a6cb83ca335ec588fd8fdc,/home/petik/ss/malware/2025-11-29_a551063781114617933c1ac7f8d9f9f6_amadey_coinminer_darkgate_elex_glassworm_hijackloader_revil_smoke-loader,11/28/25,"Meisi Software Development （Guangxi）Co., Ltd.",65620C1D74A8FD9630E9F2BF6281A61A
b2ef6a86983e15d0f70e5941b79d03419d4c7bcd4b1c58223f6b8334ed800deb,baaf52a5ba4b0639cce2ee4918b6da16,30fa0d96860adc4443d9e3d4a9e800046ad35d63,BusinessDataProcessor.exe,11/29/25,"Shanghai Baiyang Information Technology Development Co., Ltd.",30F927F04880D925FB28775A412E8C13
a9a290a73490d34b6666f9837aa07d562a5aa9fa2565911ed80c06bf7742233a,7df00437684a18e036d65ccbfbac0644,341ac77d13aa8eaa0e7fedf5ad0660ae0e9186d9,GraphPadPrism一键安装.exe,11/29/25,Keroro Software LLC,0A04CAF1BB3BC17A33C6E155EC4F5883
6fc6901946c9c503487a3a95d085531ccecbea693268b0475b35ab1f6d4a6b1d,198ad79e6acd4f5b8fd0c36501475eaf,01bbeacfea8640e70a929115d5c763a7c708247b,Cubase Pro一键安装.exe,11/29/25,Keroro Software LLC,0A04CAF1BB3BC17A33C6E155EC4F5883
116a5d5e0d3802e2f7dbbd460223f659327984f36ce5b5a8fb8bb4cf15c98a7c,42ecd61a8e1b889cd5b67cc45af81906,9542f86b3de3564af2e5b806ab7c93cb91396044,BeyondCompare一键安装.exe,11/29/25,Keroro Software LLC,0A04CAF1BB3BC17A33C6E155EC4F5883
508a5dbe6e70339cd42e82d2f52845edcf2536d424f8b7d6b518decff5500776,dead981c472e5af9e638019eae6ab911,1a031c004ddcd425e2e4138538cc411af25c4562,temp_o,11/29/25,"Yangzhou Bai'ao Information Technology Co., Ltd.",7365D3835BB5D34BD1A3F9EE0B8E728C
bfb22458b926c481dedaff13c36af48fad5a35b5801f8343599e91fe06be371d,3936b10995f4a180123209163a20df9c,62ba9de6907795725386d8ba67dfe72a83a7af45,VideoManagerMainModule.dll,11/30/25,"Shanghai Baiyang Information Technology Development Co., Ltd.",30F927F04880D925FB28775A412E8C13
2bc24a394bd3e34dd77e4d37e2b8c09fd4c2a6a8faf85dee49332fc10f937328,ba68c022e10a48f8f36bf9d235fdae26,9dec8322364ce80a039ab2d4991ae1a3ebe13673,BusinessDataProcessor.exe,11/30/25,"Shanghai Baiyang Information Technology Development Co., Ltd.",30F927F04880D925FB28775A412E8C13
b998616f30ec6ddf71968f951329279f0a9113f1714fd096bd5d08f3e1cc6d1b,c7082bdd27233200550c3a6dcd4161e6,b01ef26c1ae56602e60e8e4469e0030651fb1e46,b998616f30ec6ddf71968f951329279f0a9113f1714fd096bd5d08f3e1cc6d1b.dll,11/30/25,"Shandong Saibo Information Technology Co., Ltd.",5BE7B13F587B8850573257DF55E5E39E
873ea83b3507d8391b1b66f0f3d57cefff4307463b018eec09abbff601c83d30,3d8bcd5c17425d8a97de0ffeb8addb8d,dd6edbd9a9cfdce6e02989ac3babee1256e8b4ac,BusinessDataProcessor.exe,11/30/25,"Shandong Saibo Information Technology Co., Ltd.",5BE7B13F587B8850573257DF55E5E39E
94b82b6fb8593c440f6737186233f3caa80a0e376b125800203c38c8e9e1683f,91898ef4e2d7204ab7767f1abbe1984f,215b880a83a11e0ee8f86d2e55ca3fff1d3b7ae6,C:\Windows\hhnqd1p.exe,11/30/25,山西荣升源科贸有限公司,04EB8615F356CF0F5BF4DBCD08238DA4
45e98d91d9d87f4780acae8281ef41a4cb360b6a23750113f3523b9f285ed926,d439fb7bc03fe1371a005fda6ce9ce6e,6847d0c8e1d763681ab644aff0b6504e13866d0b,White Moon Visual Easy programming Language,11/30/25,Jin Chen,134216E462B8FC279A7AF7382F45F3D3
804066828bca8d3bcbc85dc04523477141c6aa37fac7c120c7b5796eff8e2906,87b696221f3a5008693956ecfa37bdb8,129fb9d55cb00daf4c2271d8f065d459fd49e418,/home/petik/ss/malware/2025-12-01_87b696221f3a5008693956ecfa37bdb8_elex_wannacry,11/30/25,Jin Chen,134216E462B8FC279A7AF7382F45F3D3
537ac63565559c6c84af1e1d8e4f69064c2d8b16d334f095325370c65b129b58,5834f284ddc023cfd7a336a137e3a260,ce9ff931d7ccfd78bed9f1a2a5d574b46c5f146c,/home/petik/ss/malware/2025-12-01_5834f284ddc023cfd7a336a137e3a260_elex_wannacry,11/30/25,Jin Chen,134216E462B8FC279A7AF7382F45F3D3
b941c271b016f482137022b3da58e5aae4c989f37d351497e6f9a967dd6bfd20,ef776e404e39e89ee326af4252bc8a61,fbd24c0be7c9fdb0b9d32b66ff2f51d44d18f833,JavaUpdateService.exe,12/1/25,"Shandong Saibo Information Technology Co., Ltd.",5BE7B13F587B8850573257DF55E5E39E
57ee84fbd1f3c891aba6b90d9ae14ed36e7dda25da08ada5e1a2799f81e116b4,4718ee44e79e3786d66d23dace539310,0a41403e5c24f3b7d97995dab786c9d3c7e3235b,user.111,12/1/25,山西荣升源科贸有限公司,04EB8615F356CF0F5BF4DBCD08238DA4
9a942836497c76a55455d576a269a8fc37c10d789e07c6b995f18398e75136ce,d7ce285acfb1dc7d6021d17f8353fb3e,34238ef7d7f6b5fd7f50c95b7ccddd4b06982d40,ClaudePlugin.dll,12/1/25,Keroro Software LLC,0A04CAF1BB3BC17A33C6E155EC4F5883
5feb5bb11b79f6a51f34a00a327f15be1a16da309f02cae5deec9a6351ce01ed,e90a851f7d7a1758bc68506704bc9c8a,417ad061e9103724dd0b8831291afbb067ca9d45,MyDriver1.sys,12/1/25,Shi Hu,33DB6C7028FCF6AFB84646806433D226
877dadf7ce4684878ea086cbd4c111d5dfb87c2659366f6df5079047fbea13db,1f45c5492c49884fa0446a881d162c03,bff50ab866b036b56fd9a8f719dd8d53ce4c742c,1f45c5492c49884fa0446a881d162c03_c9bd2d1124c613eb70c8bf3a07b6d4db.exe,12/1/25,"Yangzhou Bai'ao Information Technology Co., Ltd.",7365D3835BB5D34BD1A3F9EE0B8E728C
d26166162cd1c86a92faf8ac6a92fce91ac8a71915b4583e9ab7fcbf6dbf0ad6,df150002991d77dd1718ce35ea3552a1,bb277083d91b0c0db6415918fd60269355f56290,JavaUpdateService.exe,12/2/25,"Shandong Saibo Information Technology Co., Ltd.",5BE7B13F587B8850573257DF55E5E39E
ed912d64bb15fae8231bab4afff80fcbc5ac0cc7ca3c02b1f0188214b04f7a88,10761a0a23d3943068746701adb7f7a2,36e61da89db82ebf9153f9d8116f945f79ef5557,C:\Windows\mo543hir.exe,12/2/25,山西荣升源科贸有限公司,04EB8615F356CF0F5BF4DBCD08238DA4
65d9d3f6615fab7eff84cad73774eebcd811bce5559a7da829cab027adf455d3,a07f89df225a6aaf2b78fbad8c0f3bad,e03feec93e1909a847c6a5565e9d644c79e63eec,a07f89df225a6aaf2b78fbad8c0f3bad_8b29cd7d2f5e5b3d5d6cb7157b9ea34e.exe,12/2/25,"Yangzhou Bai'ao Information Technology Co., Ltd.",7365D3835BB5D34BD1A3F9EE0B8E728C
6b66e3843d6228e76437e48033a6a57e45f3133d43aeb0967fc928c42c78f7b7,8b6f6d2a5c3684827f658321fb994a36,4c4b8d29bd9367f6f2cae98f1f6cc12e5f4e8d7e,JavaUpdateService.exe,12/3/25,"Shandong Saibo Information Technology Co., Ltd.",5BE7B13F587B8850573257DF55E5E39E
338df4ae96b580d808c4438b9b1a4b440c6924125484dfbbdaf3b229b9c43c5d,d00fd6e98e9ff5c74096f9b5a67635d5,35be56a7ec94fc1f20c4a0b4e1763a051defe187,JavaUpdateService.exe,12/3/25,"Kingston Technology Company, Inc",4C3EDBD0B6450CB8BF2B506032A5B7B2
86f9e5e9ad8f2cf742aeafa9d83b992410f34c95c1d62fcac299187b14dcb7fe,eb406cf987a7f4a2c8e94fd8be051800,dad68962e77666f8b3de6d15be0017dea1a08ab9,kdump64.dll,12/3/25,"Kingston Technology Company, Inc",4C3EDBD0B6450CB8BF2B506032A5B7B2
daa84aaf4dce060a9cd51c5de88245c41c29b70d7464ae3f14fd61261b635496,0a755ca193a0e669eb1e8edddd081626,b89413427b2c3c022ebf6ec6a95510c3b0527437,rcmdhelper.exe,12/3/25,"Kingston Technology Company, Inc",4C3EDBD0B6450CB8BF2B506032A5B7B2
6fe77ee4543a8f26e6626d16804a38d0792f50448d92ba08b665f5a7023c4f9e,6dee15f78b0d00f5c208e51fe5766e03,91deed0ad9db19443af70b822ea9e379e33ad1d9,,12/3/25,Keroro Software LLC,0A04CAF1BB3BC17A33C6E155EC4F5883
4cf973d3c8985c32572680203bc01121cf18342f75c139ec0fb202900809917c,2e0dfc4df82c0fd5e30f24683bef9016,0d77e926449c0a19f74884d7b524c0fc5c0de753,JavaUpdateService.exe,12/3/25,RichQuest Network Technology Ltd.,00E3CFD617A941C74853AC65890BB6C46A
51620d0e297b3cdeedcc07a8a48ff80804e18ed7d3e6414c3c3c641990a876c3,2d1eff7f083a141fdaba564825011ec3,cbe5fa60929702fb4cee041068243c70ca775e0b,CC_Setup_3.22.75_1164_gfxz.msi,12/3/25,"Yangzhou Bai'ao Information Technology Co., Ltd.",7365D3835BB5D34BD1A3F9EE0B8E728C
00dd3b1eb53cf74c41c1948455ccb440cda3b8ba0c841a5c5d61706aa6a39be1,38768d51db9551127e44b5d2baa7308a,be71eb3cf6db4477477ee1eaed2d433ecd710ee8,/home/petik/ss/malware/2025-12-03_38768d51db9551127e44b5d2baa7308a_elex_wannacry,12/3/25,Jin Chen,134216E462B8FC279A7AF7382F45F3D3
09d07b944088c1a21cf19d080bdbb0b5ffa46bd6a214b4369ffd518fc0f27c3f,50773e621ead3f8fa40c7e111d795d37,73d3edd9a0d90acaf3f96e0c32eac63d42926357,CrackerDrv.vmp.sys,12/3/25,Jin Chen,134216E462B8FC279A7AF7382F45F3D3
6f729b15a85232128bf9d41921964f0a7662b116294407c0801e76fb0d0cf6d3,8bf125e28cd3c4afb02c720967e082d9,b6b1b92e0a9ed5369a1b03e1e60b7d08f058be18,ac_env_f.exe,12/3/25,"Hangzhou Saifan Technology Co., Ltd.",0DB8378E7C5F330A988848572F290434
0d7e7c6c1e02f7e5e5d0bf8f191e9d50636e71cabc2b4883d112b0f04da3d9f0,32545e9391230b76d480fd06842edb51,fb139eb4628c0939142735d28dfdd83423a493d9,JavaUpdateService.exe,12/4/25,"Kingston Technology Company, Inc",4C3EDBD0B6450CB8BF2B506032A5B7B2
a71dba9cd1e4632108ad6bab379bb29dd31119e30572ff31628df096354fa998,da41d2a77e65fd05a8df93a2e25e7a5f,52fa6053d033684d372156f0942474a89a913750,JavaUpdateService.exe,12/4/25,"Kingston Technology Company, Inc",4C3EDBD0B6450CB8BF2B506032A5B7B2
1718b2f1372dbbe9df071205fe749bcefe8857af7e376c812168f2590e1dcb27,066564533becb4f9c7a8cac1ffbd832a,3d192f6821c5fc4a8f9b5fa529d4521603d189b4,JavaUpdateService.exe,12/4/25,"Kingston Technology Company, Inc",4C3EDBD0B6450CB8BF2B506032A5B7B2
7caced9ec43b351a88a2b3cdec8ad7bedb260003771a4eb61344aed635190a5b,f21fae2f07e4584fd485d4c760f2dc5c,3dc04e0d586c73ece8b1386407262073e2b98189,23551293,12/4/25,山西荣升源科贸有限公司,04EB8615F356CF0F5BF4DBCD08238DA4
aec0742aa79e3fe90d30a63076950b4fbde3b1f04de0d2d0aa32d268502b25c3,06d3d9f2abc4e0f016f6c1f099a0091c,eccb88db64dae112d1fd36b69a4b05f8ff169935,Gpu Driver Update Tool.exe,12/4/25,山西荣升源科贸有限公司,04EB8615F356CF0F5BF4DBCD08238DA4
ec3d8477a00f6f28e8fb3a899c259fbb5fb1a1fcb2ea494bbb9548d6e7e09db2,a1ad0b245e4eeee466764b3b20aba298,a8a94f0df4c745a5e111c52f409a370fc097b25e,Updater.exe,12/4/25,RichQuest Network Technology Ltd.,00E3CFD617A941C74853AC65890BB6C46A
cbb6444b1e819328431806702b168e5080c009a4f12faddbd5eb7024a5d93130,ff7d3eb1ecafb813b65029f416830a98,710a8730e9641bf1fbf09d7f72914ab867709f2b,/home/petik/ss/malware/2025-12-04_ff7d3eb1ecafb813b65029f416830a98_elex_wannacry,12/4/25,Jin Chen,134216E462B8FC279A7AF7382F45F3D3
5118f59ff6e3a48aafc7251646c80cb9cc718ffc610744739fa44e4f5bb0a9d2,15c94d7fc6ff83e06daa551e155bbb21,514eebc04368481386cada2ba8a47e107b4ef303,JavaUpdateService.exe,12/5/25,"Kingston Technology Company, Inc",4C3EDBD0B6450CB8BF2B506032A5B7B2
ec355f76ff1e54054f660e86853bfed9f825f2aa21ae85831eb2d3e6930fec25,fd260e4849fa91414439ced74b1a25e2,7093e8b50804c5f3f6dd4106b396d148ef203841,ec355f76ff1e54054f660e86853bfed9f825f2aa21ae85831eb2d3e6930fec25.dll,12/5/25,"Kingston Technology Company, Inc",4C3EDBD0B6450CB8BF2B506032A5B7B2
8ab0aa401c3be4d5da819217c5de6a30307bc2edf3ac7dae2e7fc2fe128b0135,ac035334b0e55684c7a4bac7feecaf97,1d8da5a908f902642db9abb9a540f49978071283,C:\Windows\22s0l.exe,12/5/25,山西荣升源科贸有限公司,04EB8615F356CF0F5BF4DBCD08238DA4
73bbf36fdff542d5046b2b50ac3debccfa0d2bd11e12c0b3887af4460f112694,967fa3697ee6bea1ee81d015f01ca296,845e6a67181eb6fc79a3dc31be7e8ebe02599bc4,setup.exe,12/5/25,Keroro Software LLC,0A04CAF1BB3BC17A33C6E155EC4F5883
1c68828cc5af90530b71316c30ea5255410424543257a974d922431df79c3449,c47d23d46cead88a8fb52f8ded27a475,cdb21159eb7a7b74b6660e42112d9f04356632ed,C:\Windows\5bn429y.exe,12/5/25,Jin Chen,134216E462B8FC279A7AF7382F45F3D3
b5fb40289c795be46e746bce7cfb8641bd4d619e49fae62f4998c7915f831e5e,c93ee3f63097c2c3f4f80ebb93f011b4,9b8bb239f5e36abf75d864d44315c2ac65096ca3,JavaUpdateService.exe,12/6/25,山西荣升源科贸有限公司,04EB8615F356CF0F5BF4DBCD08238DA4
0a6cc9d5e345def39ebca6f27e7e314683bc0d87f4fcc4e449d992ec2e598b4a,b7be26c6f0465e84f5be5969373cc3f3,f1c19edc1ec7343b00e4f23e013f5ab2beab73b5,SolusPluginCore.dll,12/6/25,山西荣升源科贸有限公司,04EB8615F356CF0F5BF4DBCD08238DA4
d73c0e9872d396f7538287db99203b6576b2ac73651d7ee66ca73a85f0e754c1,bea789ef034932bf40bf1ded07214c60,58b057ef4659424d7fd714cf33ed9fd4f441bc57,SolusPluginCore.dll,12/6/25,山西荣升源科贸有限公司,04EB8615F356CF0F5BF4DBCD08238DA4
25c791b1aeb1c0844574eea4541b9f53fd27e23a11078d8046b10a8b78867240,28c1130aae24972b9ae953670ad2ba2c,6bc7510e6c93cbbee98f0b98b0b163b8b6c26e9f,SolusPluginCore.dll,12/6/25,山西荣升源科贸有限公司,04EB8615F356CF0F5BF4DBCD08238DA4
2fa364a5d2b08b7256397b178d93ac91c1c25d7da89588b03cf1ba5cee374e77,ae06445eb4ba26498b98352f66c359b5,08e1fc2edd8f2b5dcc7ddd853e1fa9393ac1d739,SolusPluginCore.dll,12/6/25,山西荣升源科贸有限公司,04EB8615F356CF0F5BF4DBCD08238DA4
336af67a79435286b82d15e328f8315cfeb78e5cae18770e2a776a81cff4022b,bafc508c07bf922bae6e3e45638261b3,0b5abe44fc7116973147acf6572bea43799ead71,ijl15.dll,12/6/25,山西荣升源科贸有限公司,04EB8615F356CF0F5BF4DBCD08238DA4
c334fd8155a531cf588cd9e87a72bf23ab0385559c7005194ed32e5fea39d5f8,b27c0f6cfedd632db0f12cb28035ffb7,77b426d7a41e9b0c708eb260510eaa5850130348,vibran/Hulk.dll,12/6/25,"Hangzhou Saifan Technology Co., Ltd.",0DB8378E7C5F330A988848572F290434
a2a840d62275c74acf13195d896d564f34c6e52384182efcbbc3923e4656a137,9438f30a798597e7fe0b014e04dc928b,5e913e56e9d7e81096052e7d02abaae39310c3fa,JavaUpdateService.exe,12/7/25,"Eugene Investment & Securities Co.,Ltd",0497D45997C350D2867A7764017C3F3F
ff35d99d20b98f9d6332e7aa5c1f58ffca00fea8af7623300219ef277ef67c24,d9c822426d0e608c11ad5b5044e30edb,4fcf4e715d59566632871a2390187e531b1a2e77,JavaUpdateService.exe,12/7/25,"Eugene Investment & Securities Co.,Ltd",0497D45997C350D2867A7764017C3F3F
85440574eb79e067af86863d82bc4dc4ff6a4db9c9d312296bd2a3730cf23b8b,53c3f6abc1bc6adc9d4e37b6bf494ffc,1f0e63c7d281319c0be5fe152c3a124949b88081,JavaUpdateService.exe,12/7/25,"Eugene Investment & Securities Co.,Ltd",0497D45997C350D2867A7764017C3F3F
030da7537641a298e0a76fd8c117247c8105a8cf405e88b4e199db7655e337ff,e34eac067a06866463e3f1e71207384b,595f06f884555f7516bfd34ba0a4566756b61e41,JavaUpdateService.exe,12/7/25,"Eugene Investment & Securities Co.,Ltd",0497D45997C350D2867A7764017C3F3F
d40109ff510885dbc8f21989f5213b4929ce06f4d687c43db47550167f894142,281003f11a738138050a71292a567890,4a6f5c889cbf3ab213bdb72a1e119ddebef9c745,JavaUpdateService.exe,12/7/25,"Eugene Investment & Securities Co.,Ltd",0497D45997C350D2867A7764017C3F3F
ba9138f667b10d8c242d0a71c3b91f3dbe34b19cb0e15859e6717f2bc96104d2,1bf7a7dd38a061d2814c55c51c7e78d4,aa818886d62ae1c17399de11dc45408dd901983f,JavaUpdateService.exe,12/7/25,"Eugene Investment & Securities Co.,Ltd",0497D45997C350D2867A7764017C3F3F
8663bff877918676a71273f6adffa81a7722f5847627302f0547af72af78c59d,baf9cdabed14f4aea0ed68f38779f2d7,fd7c46707119084b35b1a303a0449121b27e1e3a,JavaUpdateService.exe,12/7/25,"Eugene Investment & Securities Co.,Ltd",0497D45997C350D2867A7764017C3F3F
06531922fdad68677036e45406c8a283ed20d07f6ae80ddd4f29053dca846809,4b70f3b7bd86678722bc1843517cd4a2,3b8652142a0ca2dd94c70e2ed1621ad1785231cb,JavaUpdate.exe,12/7/25,山西荣升源科贸有限公司,04EB8615F356CF0F5BF4DBCD08238DA4
f62866036e87b64c0e637a400800a6dc06b21303d4a915e58a9e5f642a3ca8bc,69219eeb7c6c13c2aae9dd1158cfe473,2c2ea5ad95f22af06089a1c092218903935f76d7,JavaUpdateService.exe,12/7/25,Keroro Software LLC,0A04CAF1BB3BC17A33C6E155EC4F5883
05d94b14e2d81f53c023fcab0a6cf942615095c5ae25dede3f00d3d315d27cc2,58baaca05a250406eaa0bc59544803c1,097fa2a729e2b2311f8d9c39441c436a843a3fc7,C:\Windows\1st7b.exe,12/7/25,Keroro Software LLC,0A04CAF1BB3BC17A33C6E155EC4F5883
191cde0f98918192e0304421afbc4bb708a337170bcacd724ec79ea5aa2b2674,f89d4a6eea1b0df921441f23d90d3603,94632d5d44417b6a251444bc0ea40cf58debbe9a,test.exe,12/7/25,Keroro Software LLC,0A04CAF1BB3BC17A33C6E155EC4F5883
e850e6ff4f74b9e0c9b6de68713c0328f61680578f3245eb425d8a4c8f64aced,15b1bc41b39977c3e2f9395b6d84e2d3,4ac7da797a47993f95375592718b92848ab93fff,letsvpn-latest.exe,12/7/25,RichQuest Network Technology Ltd.,00E3CFD617A941C74853AC65890BB6C46A
dfb954d845fd5de954c2537edd586f219a2a3349a23fa9bbc32a5133c12378f5,6fca067f9aac3b17fb060c7a3c968f69,1005eb1b1c31fb55ad049d3e21145483d596b61c,/home/petik/ss/malware/2025-12-08_6fca067f9aac3b17fb060c7a3c968f69_elex_wannacry,12/7/25,Jin Chen,134216E462B8FC279A7AF7382F45F3D3
e9173271053fef0678ccce9d09ea7745110eaf75e84aedb730e1ed642e6dfb65,00b5ebb6df8f0698f397c7e688a2d242,cad441f40ab0c962d4af464fbabc719ed29f1313,Service   Hub.exe,12/8/25,山西荣升源科贸有限公司,04EB8615F356CF0F5BF4DBCD08238DA4
e25af486ba295ea5ecf0d2637d4fe533bca9f78e29578f49d8b1b5d0d0a66f00,bafa45c7d72d51f09119cc1859e0d09b,48cdec1980f9b87477e5598176d30e5c78eee9a2,C:\Windows\94xxx6u.exe,12/8/25,Jin Chen,134216E462B8FC279A7AF7382F45F3D3
c7793f32e39eca97ec566ad2c290cf59876b536cc1f60cfa2ca983e601ef4249,01d8a44d50fd9eaee1ce84c7759f3e8e,b8b193aa615387b8e736b6c16f15f5d4d38af71b,trfopt.dll,12/8/25,"Hangzhou Saifan Technology Co., Ltd.",0DB8378E7C5F330A988848572F290434
f0343f731913a2aa37f994cfe861fec21b8dbf60131d97b4f62550c9d2dc32b8,000f0de250917d2d7a90c70116f0422f,8188179b0a1295d55199ea508b76c37a31b14c68,vibran/5ESafeClient.dll,12/8/25,"Hangzhou Saifan Technology Co., Ltd.",0DB8378E7C5F330A988848572F290434
bc4dfe19482e3b6ea38050e85a4a8198dd035d8ec9fef327ccddd0e3e996b681,b93f106625e11b5cc6444a499f031da3,a52d48da9f615bf3498a98a70b4ff1c7cf66f992,vibran/vibran.dll,12/8/25,"Hangzhou Saifan Technology Co., Ltd.",0DB8378E7C5F330A988848572F290434
24b5d76a254ea0063b0aa73645bb33c6119608cb483fc94b5b3dbe0069141f94,fc07f94b9d7c92390fea9fa0b4276e03,73886d62bbe3cd76cca92fc2705a992c06437584,vibran/rentaccount64.dll,12/8/25,"Hangzhou Saifan Technology Co., Ltd.",0DB8378E7C5F330A988848572F290434
f86c1e0d387b60648edc48a46806c60e4aeec3d36602877da22491d82b6154aa,2941dd0e4827ad78dfafd88b98732ad1,ab08c07db0673466235ff48c0a780bab9c2e3f2f,vibran/steamcef.dll,12/8/25,"Hangzhou Saifan Technology Co., Ltd.",0DB8378E7C5F330A988848572F290434
8fedbd10a1c5d52a1a06177c9c4f1e2d1839351bf79100d666f5c7f03e324f17,d422faeb67592e1158724f88e456fe2f,912a508abbb090a1059ee8b128707fa95ea6cf78,vibran/rentAccount.dll,12/8/25,"Hangzhou Saifan Technology Co., Ltd.",0DB8378E7C5F330A988848572F290434
707cd1334b5beb75a5c44f06ed0c161452288192ba387de2e7ba9c028a9788a4,f28d81d805d421a01ddf885d1c1d1c44,787ce68d5b5641ec34a8fa62ad25e3ee0f0045e7,C:\Program Files\5EClient\vibran\Bucky64.exe,12/8/25,"Hangzhou Saifan Technology Co., Ltd.",0DB8378E7C5F330A988848572F290434
0cbbca81849884c7dcd6db60c1453e79d701d276f014f861848b0ec9c4fb0536,349ef08ddb6502bd07bfe59896b1a8e4,cd0e2d0d115e6d4b7e898b44969b9e8cc0931069,vibran/vibran64.dll,12/8/25,"Hangzhou Saifan Technology Co., Ltd.",0DB8378E7C5F330A988848572F290434
12d25f0feb96833cb49fec976baa4adbaada0d482e325c69c50b551c7c616174,a9774d1a09cf2b1a3570e64b439a3cbf,82e3f2e3d97afe0131a9004fcaec24bae5722d71,rpc_server.exe,12/9/25,山西荣升源科贸有限公司,04EB8615F356CF0F5BF4DBCD08238DA4
60af8ca998b0ceb12515524afa6c943a351b45953cc5f19eef1bfdaba4d80225,4f870403d949450bac4e525f115a5a68,423ccc6fcb24deee625322ee442d71307cba2fee,JavaUpdateService.exe,12/9/25,Keroro Software LLC,0A04CAF1BB3BC17A33C6E155EC4F5883
c2c263b8c602b912074999daf0653f63319fcfd293d79d93a6fccdfd3eb2942a,b908a8c5ad92545f88980a78cd1a1cb2,d3fe2eb970756e6f002a456cc21f6f6def242d53,GG_google_x64_v1.623_windwos.exe,12/9/25,哈尔滨瑚板颂电子科技有限公司,54920428011B1572DC58F84D
07f1befb87397e4b1d537809ae66e16044209195abf2d01628bb1c396f8e4cde,421bb987bbdcefa666fbbd055a414798,a2a37d616be8320c43f9922d2f68ae02a91f4f71,CrackerDrv.vmp.sys,12/9/25,Jin Chen,134216E462B8FC279A7AF7382F45F3D3
5ca69a89e85769c2131b81aeecb0cc4ec9c13134b94cae72c6cd46b7c69316e7,3ef183814d8daf5984f19fa96db771b6,e4be7e13915cddfb4063d78c08676222c0dbcd76,CrackerDrv.sys,12/9/25,Jin Chen,134216E462B8FC279A7AF7382F45F3D3
945d0516c078c0255dfb8476056580daee0309bf6cc4bb1542671686e42d85ff,3e36ba235f000b0aac58a8d297bd4e05,9d518264b75accfe43229a3c51f6849b03f031ad,JavaUpdateService.exe,12/10/25,Keroro Software LLC,0A04CAF1BB3BC17A33C6E155EC4F5883
055174ea34461f7575f66d1e2cdb8479f1fc603c4fc915f6b021d9a0d1f6dbd0,d2b56c8ac6daab2e6d1c2b03bea8fe18,55a59b4489b6dd575a860193ef22d65d6e4b42f4,java.exe,12/10/25,Keroro Software LLC,0A04CAF1BB3BC17A33C6E155EC4F5883
a3bbf335ab6d210d60139276ab3280e1e63e35879875b46fcdaf46fb0f39564a,8dc7e4f9cc4e3e00e0b181c2efd4b8c5,80caa973227be804356404786a33b194545378ec,opengl32sw.dll,12/10/25,Keroro Software LLC,0A04CAF1BB3BC17A33C6E155EC4F5883
e1b652c042ca964c0f1b548d43bca515411260cc6a17b469980ae9bf201e1ac4,b6b70b4dd2ca7fa110376f7d4e9a8a86,2806547097bfb6ed7a71242657bd90444c22278f,RuoAnEmail.exe,12/10/25,Keroro Software LLC,0A04CAF1BB3BC17A33C6E155EC4F5883
e69dfadc8e5035fe097cad1fbdd5534b5cbbffdedc1c32511a690e084540dc92,e88096fe0c4392a38da721c8e33d8de6,435df14b3bc0e3c8797894fe1829e52e3de660f1,libcrypto,12/10/25,Keroro Software LLC,0A04CAF1BB3BC17A33C6E155EC4F5883
66092eb5a3f8189d2808c90bcd8a27b4582921c5604f74589f151992230d06c1,57a18da42a1ce30d2e4aa758e49fb0ca,cb2f1688e18fdb190cce7462ce081306e5b09b0e,libssl,12/10/25,Keroro Software LLC,0A04CAF1BB3BC17A33C6E155EC4F5883
4cf4f7a5118efa41dbfb1b355a70748706e7f205772e7a1f0be34702ff1e76f0,b4860962d5db5f149464470fb54797db,59535faa323ad05d314919b04eccf70ac0168176,updator.exe,12/10/25,Keroro Software LLC,0A04CAF1BB3BC17A33C6E155EC4F5883
45b63ef477e34733cadfbf449240158302578e95dcc2136dd88c595c39058c1c,cbe776c408718d940bcdeea986167c34,a385242634edccebf95a5f85aded358de293848d,CuteLogger.dll,12/10/25,Keroro Software LLC,0A04CAF1BB3BC17A33C6E155EC4F5883
1c4884702cf0618870e8b8f125e42f1217ad6f1d564e02899952b53a43907429,bf9b2304fd3412d8b12d6daee4222dc1,bdf1329449b801727b83f036aed157995973e118,Components.dll,12/10/25,Keroro Software LLC,0A04CAF1BB3BC17A33C6E155EC4F5883
fb25b0f4531f75728906634a849f63a333e3646d018c2562c4ca46d167c57696,815a845653f773cdec18c502ca46b652,2330eccda057a881d6e6c1e163a481917fc0c747,,12/10/25,"Open Source Developer, Yu Zeng",12248CFBA203C55278C33B413A81FFB3
7009456d859f6c49683e972cbf1c3d3f8fa5bb9191240356427dc39b64673e29,740ed5f37a98c0599a1fe1b89e28e180,d69ddd32c0456625320e0f4cd1667a4d346fb1a6,LetsPRO.exe,12/10/25,"Yangzhou Bai'ao Information Technology Co., Ltd.",7365D3835BB5D34BD1A3F9EE0B8E728C
1553aec279e59d10185d29a2145fcdf44d741122dee7c389e7152f412e32e04e,5351c536c2007e36148449af4cdeb445,c965f4fbacaf39eaaed7bb585a4c75fe14c36b16,CrackerDrv.vmp.sys,12/11/25,Jin Chen,134216E462B8FC279A7AF7382F45F3D3
b36c6dd02b193e67f6c13771c8a8b43f04cecae7fe8f4fbc4d3893a8f99d887d,47357b9bbdf55a08ac4aa0158f63b6f7,2ea4595270106e4fb259c76677e26de5941c2d1c,CrackerDrv.sys,12/11/25,Jin Chen,134216E462B8FC279A7AF7382F45F3D3
33af2ceddf4fcc2c99b31b5fb9035946a1dc33fd01bca46cc3cda40140c6e6e7,771d65891d0ae220747525190ad47de8,1fa7535d4b98848beaef734e25ca0ec99ddeda1d,CrackerDrv.sys,12/11/25,Jin Chen,134216E462B8FC279A7AF7382F45F3D3
32bdde75714fe13e5706f641fb705d932e52d12cd7298ec32580719e715c5b9d,6ed3a898aa85ab88819c4cfab7bdf6a2,bfad9509e5823052f41e33fc382acc2e7573da34,java.exe,12/12/25,Keroro Software LLC,0A04CAF1BB3BC17A33C6E155EC4F5883
37422d30c29a3b2190f23d78fc81139993c01999b3f6ccc98f425b8a239855a6,e6b66790637d2d8e30020665df958433,960e3729577e7ee13bea62439b0a1bd4690461c2,Signature Tool.exe,12/12/25,Keroro Software LLC,0A04CAF1BB3BC17A33C6E155EC4F5883
ef3017db5dfdfef55106e1c6586243ba7a82dc880e002abcdf8e2dfaaa4ea4b8,33f43e3b64da1e9a5f5aadbe8894c4fe,c334a97b1774b3cd0385fd7ae183628bfb7e8906,C:\Windows\9hdfnd71.exe,12/12/25,Shi Hu,33DB6C7028FCF6AFB84646806433D226
18b5a174f17d9d44d3cb3410827f8bc6c0b73c4b4d33c43ac77c4d9cb6418f61,f7948a9d6645c103373b99df82e7d6ec,737b093e89b9a7cdfbedcd92c90564e01656e130,,12/13/25,Shi Hu,33DB6C7028FCF6AFB84646806433D226
a904573dd6c869ee384b399b7082d7f6264f430a85811c04914f82b53d3cb70c,c8dd65f80fd3390d7ebfe4d26608c713,3d2d8af9025238ae48a2ae55b21b033a713dd05f,,12/13/25,Shi Hu,33DB6C7028FCF6AFB84646806433D226
245beadc9e53c4a9fbd77621b9489beccaece19c6208b0511694f2b49551e0f0,d2528c88f1a3b86dc2e19f3b86a3b1d4,8bd0f0492eb8836741959fd59bf8fd3e4311b832,,12/13/25,Shi Hu,33DB6C7028FCF6AFB84646806433D226
70af84e43969971e559e0c9b41943c96642cb6ce482412ee8fa92be90f6ed3c1,e5e26a76d720b597d9b40dce28b7b52d,0c41d5e8fe0b9c6a69fdec7dc7eb60a69583113f,ark.x64.dll,12/13/25,Shi Hu,33DB6C7028FCF6AFB84646806433D226
8c5a44e68e430fac7f74ca22355d3f770d1bc19f2dc865928b17170382c6b52b,2a5a0fd43b25e91e94b2df7bf96a60e2,53c1a5d02bd7cb2899ab5cd7d30768a6f855afca,,12/13/25,Shi Hu,33DB6C7028FCF6AFB84646806433D226
0508de2973186ebd0902b5369c165ac51abb05902086892b1fb80ffdc207f249,bee3619746d67d2412abe22706748088,1dd0bd4c4c7839ee835b17967bc79f0988dda728,,12/13/25,Shi Hu,33DB6C7028FCF6AFB84646806433D226
124e8f7ca958fd8cb2a3baf91681513f93f73d9cfa4efea6f4a1f165d8cbc8d9,3d8f35e54a3dd41286738c8c2a9823bb,d8fe5c317d695733ec312c432cc39e861e46bf4b,D:\Program Files\Common Files\Apple\3D8F35E54A3DD41286738C8C2A9823BB,12/13/25,"Weihai Mingjun Information Technology Co., Ltd.",009CF337C12EFC4445ECAFCB35D02D64BE
7852e800743de092a28a2c49c3e10f26e94224090f4a13855c03bc5a429d4f7b,1524aa4964374ef3e3d210b618435e23,ab0f889849771ea5922712667a1445ccf4bd5b3b,qr.dll,12/13/25,"Weihai Mingjun Information Technology Co., Ltd.",009CF337C12EFC4445ECAFCB35D02D64BE
32c49ba3ca279a42cec4724267ac58fd165eec7e2786df3cda3c3c73816510d0,104db8dda726c646e393207f0ba589c1,d331a65ccb957b9c7bfeb0f7fd3d0d352e843a90,%APPDATA%\crash\libcurl.dll,12/13/25,"Weihai Mingjun Information Technology Co., Ltd.",009CF337C12EFC4445ECAFCB35D02D64BE
efdeb6a51efe50a1be42ecfa05b1e706f8a286bb0707a4f9e0310e37043975ca,b0777543e8025ca303c662c8d8741dec,0896f12718a6204cc5bd784498b918db49eecdb6,ACE-BASE.sys,12/13/25,Jin Chen,134216E462B8FC279A7AF7382F45F3D3
b879721fdcc5053258fadc7ab7eb3290437c99a00c3f0460811bc7ecf7792fd4,5f67b01e95dfca4714489dd7ce2747fc,48745420fe8a4bc7dc021144dfaa30d42e423f11,endpoint.exe,12/14/25,山西荣升源科贸有限公司,04EB8615F356CF0F5BF4DBCD08238DA4
6677a9ab2ac3b4ff9307920e77347d767976e214a5c1996f8c1b5444af2a6022,b8068f89d8b2fc54defeb4ad36c9b9b1,c0c2f8e5a92485f6b893604480ac01746dc4f75f,SyncAssistant.exe,12/14/25,Keroro Software LLC,0A04CAF1BB3BC17A33C6E155EC4F5883
0b579612ac85484a10fdb1fafc522e9a71a44751a3883892ec76d695428b21f6,cf4c2d08a7f7702b8c28044764e15b67,452c62c6f273296701820509346bcac397ebff5e,,12/15/25,Shi Hu,33DB6C7028FCF6AFB84646806433D226
df606c011dadb9e8155cc705ccf15f3e78d62697320d0e399d66b295c6186f9d,e391fdb6277dd74ea49fa431ae244cb7,4f5750b1b0c5729de93ced77fcc229c2889c6a84,,12/15/25,Shi Hu,33DB6C7028FCF6AFB84646806433D226
c2de6d8dc140136ec45285a1aeb79fd1c9eb794e89065f26ea1d9eedfbf6759f,9bf556f331f5380d7766c68d3daee375,c4d4176d4cbc38c0850a36ca0b74d9fb28c56387,,12/15/25,Shi Hu,33DB6C7028FCF6AFB84646806433D226
66b96a6348bb796527454d76c548964fd99b19e5ceef3a48b8ff66182042807c,281ef8a82e8f466a78324c37db55f5f9,07a3968288bca8257e7fc7b8a2b131cbf23769b3,C:\Windows\enonjbpd8.exe,12/15/25,Shi Hu,33DB6C7028FCF6AFB84646806433D226
b8c4ece0055497739dd9dddeb30f82c2bd2b23c9ea001516236532451dfec0c3,adf6f2ba5ee3db9e33b125c99996c621,163657051b559051bd8d4887fde18d03b5d7449a,C:\Windows\b095x3s0.exe,12/15/25,Shi Hu,33DB6C7028FCF6AFB84646806433D226
311e866a0913efbb02c92f676da11a82425bf073ac060aba0543ae46354e7bab,bb43bab7fbee3c056eebd5bf987d4768,9181e24aab41e1c5a6e38be01579a763083213ef,,12/15/25,Shi Hu,33DB6C7028FCF6AFB84646806433D226
79e9926e4d8b3327790867172a955d6cf0aefe97cf1d6604c3800515ab99ffa8,34e324029cc8b0ab1289d5d374884dd5,6b9464f4ecbe727700511d64ba574748976970ea,,12/15/25,Shi Hu,33DB6C7028FCF6AFB84646806433D226
39dd30fe7da29290968f76b6c363c6f61bab30723d3019020345b19fbf9b9134,d5d5c7e9a7d75651cd40241768509534,7dc110c0089cc48d964c8c12662e69d2872fa727,1.exe,12/15/25,Jin Chen,134216E462B8FC279A7AF7382F45F3D3
ab4d26f7f4f94329a7fbf7d30dfe3842ca69afc3630ed3f5b86096285f855ae1,9d78b0f9c18f14e2d626fbf495852f3b,42eabbedc89b5de9d818e6cf7cc7bc7c7ef579ec,java.exe,12/16/25,Keroro Software LLC,0A04CAF1BB3BC17A33C6E155EC4F5883
a508358a0786ddf2ad9496bb9374d54e71c5044df9c10fe686d43fc70484e54c,78d10e4cf557109dc24637eec878edcd,2ebb126fa2da9da60f1b93efb00700d68a2b190f,java.exe,12/16/25,"Weihai Mingjun Information Technology Co., Ltd.",22705DBF157ED535146911BAADB3B64A
616015c97107710b6347445cd802b7022536dc9885d231c895960e7425262eff,b128fda033a98ef23fbf5dc6c72fa956,7269266713f3915e880a5777f0b4027609205854,616015c97107710b6347445cd802b7022536dc9885d231c895960e7425262eff.exe,12/16/25,Shi Hu,33DB6C7028FCF6AFB84646806433D226
9d4302e7a07428668e5edda6c314b4684715b0f8d171f6e22842eacc28e4524e,2258df4b9aac144012073b4664e82d5b,768c8df1c9dc47620f31b2982c817ce53fd33f06,9d4302e7a07428668e5edda6c314b4684715b0f8d171f6e22842eacc28e4524e.exe,12/16/25,Shi Hu,33DB6C7028FCF6AFB84646806433D226
46d79eebff2038dddb9490730a45f38f6d92ef0098aafa659cbb010c273f4b94,757e8b953402ad2406aaf3eb2e2d9fde,20eba7da14d02e559af3c467e406c2c392c6e2a2,46d79eebff2038dddb9490730a45f38f6d92ef0098aafa659cbb010c273f4b94.exe,12/16/25,Shi Hu,33DB6C7028FCF6AFB84646806433D226
69144937d406dc76e44775afc8bffedc5c77cb697e95712e9d0d46a3a7cf44af,17e43186238d2def09beeb4a58583778,06fc1fadcf446d746b04f42d2fdaca23e490b941,4b08272bc480d9b3e1e44411eecb8cdacc7bd421cba9c66ddbaac4719894cbc9.exe,12/16/25,Shi Hu,33DB6C7028FCF6AFB84646806433D226
4b08272bc480d9b3e1e44411eecb8cdacc7bd421cba9c66ddbaac4719894cbc9,9bcb7fb942776c0d9f48adeddabefa64,8bb0a98b3c8d76269a0a4b7c3deaf7d0cdf907a8,0_4b08272bc480d9b3e1e44411eecb8cdacc7bd421cba9c66ddbaac4719894cbc9.exe,12/16/25,Shi Hu,33DB6C7028FCF6AFB84646806433D226
909f2539b3a52d1d3163357ffd708a85375cd3a972a2e4bb05c0a96670dacb1b,a940ff14480a716ceae8f6628104b64a,340ad7348096068f6389bda4ad6a40cec13b6679,e1fc099d433ee4ff64f6c4448c766674d9cc4f61ba8ae704dad092e36280d001.exe,12/16/25,Shi Hu,33DB6C7028FCF6AFB84646806433D226
e1fc099d433ee4ff64f6c4448c766674d9cc4f61ba8ae704dad092e36280d001,6e99dad6c29960e7922cb4b7a1a89158,37e3c487aa716caabeb30ba7e5d9065a3a935370,C:\Windows\tem2bjy4.exe,12/16/25,Shi Hu,33DB6C7028FCF6AFB84646806433D226
cf8d77b4de7ac3e636badb83639a68f95e77b4a97619240ce21eb85602fdd84b,3d6ae10cc0370efab9bd184f52848838,cffd91e15903926a95b5f5d40ba88d603af28ea6,,12/16/25,Shi Hu,33DB6C7028FCF6AFB84646806433D226
365cfde1e4c41d112e5c07294c34a967c41e9dcf89c733223e0c0567e516cb3e,777a7e2c03f2016838da084008202656,81f77bf887469f044f7cd71860f0607e8104d348,,12/16/25,Shi Hu,33DB6C7028FCF6AFB84646806433D226
c72af6b7798bd2ef079c3a4c895c870cd9409fbcca8ab83a5758d45a3d84b739,1c4b6f4ff2a03867721228b73082733b,4654d3ba88cc183ad12333a1036dd31bbec82d38,C:\Users\user\AppData\Local\Temp\_@5AEC.tmp (copy),12/16/25,Shi Hu,33DB6C7028FCF6AFB84646806433D226
dc32b11e6cd68403e86cf631a0f1348cc67664d2407091deb7a1bfa13c87fc17,e827dac9fdab89a8f63808ec8ee5eabd,53d925a784ca80f1971930b2c4ce54e594c70679,dttcodexgigas.a486a159f7b4cb1049617d8fab2e8469dff146d0.exe,12/16/25,Shi Hu,33DB6C7028FCF6AFB84646806433D226
d2e15e44c6e6394825a0b746f21a35ea262f1b21a071d7cdc7183c11dae1f50b,19a402141ba0e76b2bd25e00becbad14,a486a159f7b4cb1049617d8fab2e8469dff146d0,dttcodexgigas.a486a159f7b4cb1049617d8fab2e8469dff146d0,12/16/25,Shi Hu,33DB6C7028FCF6AFB84646806433D226
6a5fb4bdbe57f5f9a0eac4c575385cc063554db7ea1b4a9c29b7172ea97ef2a2,83d08985450e11dad3573f40b548544c,de7c67bc5bdb646dad07a8db674adf266b4ec32f,0_fce74579a3a40c58814437f7b66fa8adb813e235ce4f58b75d4fcd40a31ca446.exe,12/16/25,Shi Hu,33DB6C7028FCF6AFB84646806433D226
fce74579a3a40c58814437f7b66fa8adb813e235ce4f58b75d4fcd40a31ca446,3cddc09816cf3871b35d340bba7f3e7f,f25a5dced95fbb051e91fe90f2b34334a36e6cab,0_fce74579a3a40c58814437f7b66fa8adb813e235ce4f58b75d4fcd40a31ca446.exe,12/16/25,Shi Hu,33DB6C7028FCF6AFB84646806433D226
3eb545c784cf497a73f53da3d807889bc26d5bf4738bd861e32ceb73325368e1,0a2865c4dd72a9e2a495fd0c234fb873,7b3706b537f17642bd7fd9cf69c31ac8d2f7fb79,C:\Users\user\AppData\Local\Temp\_@5F9.tmp (copy),12/16/25,Shi Hu,33DB6C7028FCF6AFB84646806433D226
13125b352e1d2554e63db1033d163074c6ad5e91b12adfe7679225d6eb357922,4ff30271542f5459279353fcb36c3387,524c0dafcb6fbd61971812bf67e1829282768e4c,13125b352e1d2554e63db1033d163074c6ad5e91b12adfe7679225d6eb357922-dropped.bin,12/16/25,Shi Hu,33DB6C7028FCF6AFB84646806433D226
1bf4e1b472f9167429ad7ade59f9a6e8c12147db86e15766c613083d0e388c0a,eba415c888df882220ae9b741c6f0170,4c3b2a01edf9f233ca15ecbc82557f6c0f4e37b6,0_1bf4e1b472f9167429ad7ade59f9a6e8c12147db86e15766c613083d0e388c0a.exe,12/16/25,Shi Hu,33DB6C7028FCF6AFB84646806433D226
96ce3c7be6a6603db2152ff9cfaf05e5554d0b37ca85b362da496e3c00e0440b,65e9ef9d67d784b7b2b63a5c8841bbc5,4e2a70be856a16b1d2a7600262784d4c87cee49e,C:\Windows\uc63l.exe,12/16/25,Jin Chen,134216E462B8FC279A7AF7382F45F3D3
abe83e0def9f50349f669297df8d92ad0e733f4b8a61327647019b50a2e77cfd,d17f83e100d8ae1764d132f8a524c1c9,50fc03290b400fe4de010b6590b801fe95f71632,F:\??\?????? v3.18.1.1215.exe,12/17/25,Keroro Software LLC,0A04CAF1BB3BC17A33C6E155EC4F5883
442fde3b8ed54c4f84dff489aac8d109200e27538c2735d2f1ffc92ccb0927fc,7ec9619b28e9f4837e65945e2cf5abc4,869667389f239ed56f182d1d0a11d308bf7aa68b,Getchat-1.0.2.0-setup.exe,12/17/25,Keroro Software LLC,0A04CAF1BB3BC17A33C6E155EC4F5883
690a6f66d4c332087530d1235d838d12dfd89d25d930fe08da5732185aea09cf,c25b1d937f41d99b87b2e3225d59984b,6a718a654872c9e39207eabf52761e99a8ef3c9f,jiusetup.exe,12/17/25,成都金源启铭网络有限公司,4DDD9F79FFA78EB06C8C638334836ACF
cbbff09ea0223066ba79970babb372b57a180e560a581a53b1287980e7821bea,a2a87b2156d6da4c9deaf83bba19377b,94c1752634422110d18387f28a4c8e5e8d83036b,Marketer Browser.exe,12/18/25,Keroro Software LLC,0A04CAF1BB3BC17A33C6E155EC4F5883
2ccd0b5a4f1ee6b6be097d84b1571295e39bdf83e565c63e20edb86501b6a8d4,e4904549351ad61d54ef26cf331ffded,4dfaac30b77fbf3fedf29b4611114548bc48abcf,EZTeams.exe,12/18/25,Keroro Software LLC,0A04CAF1BB3BC17A33C6E155EC4F5883
cd54f6299dfb6c4e3bba750fe261fa05f2eacb72f2ea30cfcfdc2416e0ee75d3,049b9bba07f2e70293be8914b123347a,ea256a962717a9fc261816b85925970c9ef97f2b,cd54f6299dfb6c4e3bba750fe261fa05f2eacb72f2ea30cfcfdc2416e0ee75d3-dropped.bin,12/18/25,Shi Hu,33DB6C7028FCF6AFB84646806433D226
acaa9f62ea5fb76a006788599a460873373b4abbbfc5acf862bc27774dd4f050,0f221493e191cf9bbba7bd8f863bed7d,f0a2b8bdccec6724670b1f2d4d325f92a17b3769,C:\Windows\xrkc3r3ux.exe,12/18/25,Shi Hu,33DB6C7028FCF6AFB84646806433D226
a22a6382a05c39028c7cb69f305e2f4a2c9d8b4015b50dbb1fed8cbce0300fe0,e22f467581cb6bde934a1502382aba30,7e48b4d4ead979e3724f12c40e2f5caa95b683a1,java.exe,12/19/25,"Eugene Investment & Securities Co.,Ltd",0497D45997C350D2867A7764017C3F3F
d76146fe575e7e1eee660d87f1ecbeafd2e92c0adcf29a101bfa6b26c34fe0b3,80d506df4efcc455977797616d2a997e,2f08d82b167f5eeacf9cff0c93224585cccd8153,sysutils.sys,12/19/25,山西荣升源科贸有限公司,04EB8615F356CF0F5BF4DBCD08238DA4
44a72e492589371bc238332e8e9913cabe92eab66f01fcfabb13a3baa9a6b6db,b88aba18ef2e60e9134d9d9668a2cc74,37abffb13316eb524b384d8f0ad2c9ace1ed140a,.data,12/19/25,山西荣升源科贸有限公司,04EB8615F356CF0F5BF4DBCD08238DA4
176b2bb4a90298b68963dd757ddea4bf370f721a51f0ae0d900a0a6b22a42122,46fce91d1e6fee7391d23545efe5ba5e,761f99f9bb1c59bb31a63c21e2e44e7a0877e3bc,C:\Windows\creg9.exe,12/19/25,山西荣升源科贸有限公司,04EB8615F356CF0F5BF4DBCD08238DA4
3351c57005b1dd73263d908dd82f32fa5cce9c91e587c7c2b9ad32cf1b08703c,9943c01f1c47e41b31c5d3c77b4a2bdc,a53490089483ed3b3285bc74421c5b136d44a4e6,GINHE_CAD_Studio(2025.12.Beta).exe,12/19/25,Keroro Software LLC,0A04CAF1BB3BC17A33C6E155EC4F5883
ad3dcb6722af79aec9aad35c0c1a1b6b8c163b1a8ac4952d9f52a40c93591a71,493874cc7b52bf5a41955d1c8f0792cc,46d0b1dc9492e049dccef84a47180326a3b539e8,java.exe,12/19/25,"Taiyuan Chenyun Trading Co., Ltd.",418A597765E84F03F07933EFA3CC39D4
2eaf7c2531be33639bc58e0172a5f017b4f5ce74293a7396a4965c9e37580f90,03303ad52c53dda0a2817981323fe125,5efb2aef46d80420ecd6bc27a8758f45e2e7254f,%TEMP%\updatecache\20251219163735@27\crashreport.dll,12/19/25,"Taiyuan Chenyun Trading Co., Ltd.",418A597765E84F03F07933EFA3CC39D4
30c6720deb61b3fdb791048450191ddc8986861b2957b87e814be7d0a8a0fdee,030ff00606b27823e81005ff2a19e465,d1291f941063ccbeb95f69edd86e24f4264b0938,C:\Windows\3gkst3fv.exe,12/19/25,Shi Hu,33DB6C7028FCF6AFB84646806433D226
0a745ea285ddf352d84027aaadb3dc3da1b509e3335d66681453001d111544ec,82dcb6e2f69d4eebd062babfe832e724,66d75647e9c952b05e676926e0a22ab1aa0fe762,0a745ea285ddf352d84027aaadb3dc3da1b509e3335d66681453001d111544ec-dropped.bin,12/19/25,Shi Hu,33DB6C7028FCF6AFB84646806433D226
309e749819f3da151f0330f5909b7180a668ad979f320e775660b815e9a28098,b5e79dcc279ff3260515230e1adfc099,12fa3b60abbc9c36ed03f999c35c7ed7158cfe27,,12/19/25,Shi Hu,33DB6C7028FCF6AFB84646806433D226
28328eaaa8995f20f7160ba23e29a14d7e60f2614e4f27f889123f754d7626ab,edae83ca4f25a901cbc08d5805b9025e,a656d020b5123b5870b7ff4db8316df5050f9b6d,in-2025.msi,12/19/25,泉州浩英科技有限公司,7368E399E2ED75794AFA87CB933DF778
631c8757165c9bace8d6cfe019425ed5ac97319cf2d8fd2b07a8e32025711fb4,b6f79b97cfecbbe0d4afb751fce83fdc,a26f4d4ffd6570151f9a333e3425f603f7edcd02,xinput1_4.dll,12/20/25,山西荣升源科贸有限公司,04EB8615F356CF0F5BF4DBCD08238DA4
d8ccab544419dbb7fff4fce2bac6a08ad0d1a397a6cd899e088254130c1c8297,66f889f83d3f9e029bd62f319082feb9,4db4b9398005572581b1c2a605575ca18258e0c9,wtsapi32.dll,12/20/25,山西荣升源科贸有限公司,04EB8615F356CF0F5BF4DBCD08238DA4
beaf8484cbc343454c38f5f099de4dcd74f834099678fe0484824459f7d08388,60ea551d776e5e75e97994bc220d118d,f0fd1bb621b4c488691e1d9a2414e83c832a7cbd,Cndom6.sys,12/20/25,山西荣升源科贸有限公司,04EB8615F356CF0F5BF4DBCD08238DA4
14d374ea0604f70e6f39306efd948e7962fdd21cdb3e187ba461312027ebd3f5,cdaf6913615b6c3087618a89cf5daba8,000a25edc1bd2e91d65851c5171edf6facc0ca3f,java.exe,12/20/25,"Taiyuan Chenyun Trading Co., Ltd.",418A597765E84F03F07933EFA3CC39D4
61b40ad5846adc63c53b245348bfa614439b0167ba1ab538355cb13e346bb3c8,1c352a5cd3cfe9ec18170a3f26223d2e,e088acf85e1301ad94db23ee238c718758a7bb06,,12/20/25,Shi Hu,33DB6C7028FCF6AFB84646806433D226
2c9421756210e790bbb527b555d02890487bf7f9b8ea5690fd85359d1b4761ac,4afe44c5aa96550ef058ae1d73708fca,d93c443e6bb40fc9e200bee1e4913ab459eb209d,,12/20/25,Shi Hu,33DB6C7028FCF6AFB84646806433D226
35d221d282a772437c17e374f666dab1423d7af7377f9300baf3612db23874e4,df46f4c3f25701e29405a5686e485a43,4d657a1960c0ec3ec74ebfb6d14fd37c8143b077,35D221D282A772437C17E374F666DAB1423D7AF7377F9300BAF3612DB23874E4.msi,12/20/25,泉州浩英科技有限公司,7368E399E2ED75794AFA87CB933DF778
955355b4318989a7fd1332f99553879f98e842709609218ce18a6af9b1461233,6bab51bfb33df640cade7842011838c0,cafb390b0ff6261d37900adeb6fe972563d57e28,D:\auto_black_abuse\resources\unzipped\20251224_091846_2025-12-20\955355b4318989a7fd1332f99553879f98e842709609218ce18a6af9b1461233.exe,12/20/25,泉州浩英科技有限公司,7368E399E2ED75794AFA87CB933DF778
6ae453ab9ad798d0fa828ef063a07d9fbac5e9d39d3c33d6ea67a11c8faaf523,29058e6851c321833909ef02fb98d96d,33b30a8e76d93580dc73905c076d002295fc8623,ldmnq-2025.msi,12/20/25,泉州浩英科技有限公司,7368E399E2ED75794AFA87CB933DF778
930fd881cec8867db13d789dd138441cdf2df2a05df8804baa93c267b5934940,f1ff38606c229834a91d48f484568782,90c27ab4e88271e4828472e5c24b5e35ff09cbcf,lets-setup.msi,12/20/25,泉州浩英科技有限公司,7368E399E2ED75794AFA87CB933DF778
d018ddb0901c8f1bd062a0a894902e54346e01ad8401cab49de71bd1e9e2fea2,abd871b96e864eb2dea43bdce66999f7,f5f26554481c5290236b3d430a411b3aebc134b9,D:\auto_black_abuse\resources\unzipped\20251224_091846_2025-12-20\d018ddb0901c8f1bd062a0a894902e54346e01ad8401cab49de71bd1e9e2fea2.exe,12/20/25,泉州浩英科技有限公司,7368E399E2ED75794AFA87CB933DF778
5fbd2a8e0e0c123aebb915faf51139f4c714bcb8ed9adfabb508d560fbf44a54,371980f76eae68d4ecbbd5be4f62249a,725b8ef8d3a38402d3edbfd3a31af4f193990cfc,SouGou.msi,12/20/25,泉州浩英科技有限公司,7368E399E2ED75794AFA87CB933DF778
6e744d67b33c69cef5eecb2339ae1f6451955d264dca2051336569f83749c4e2,395d52de81a3737cdb7ae73c50260092,853a4f780de9768936e35046e436363817fd58e3,nihske.exe,12/21/25,山西荣升源科贸有限公司,04EB8615F356CF0F5BF4DBCD08238DA4
962615e17eca365d80c31dd02f2a6c757c073cb24d31d60a1c7818284bd6ca00,9d6673d927b651f40ac80d11182df5d8,910772ede4e7ac975e2bc01fdbf94e81939e8347,java.exe,12/21/25,"Henan Jiyanzhong Information Technology Co., Ltd.",4A5F625C9BACBAE47C16B016D58EF875
48da15f1413340eb29adaddaa09750f560f0278d2974d04f0ce27f1ace64c2e3,59bb816798f1d6f3f47f5b11df54572a,8d80cd8d7d05522797f53ce20ec8883c96e6c411,48da15f1413340eb29adaddaa09750f560f0278d2974d04f0ce27f1ace64c2e3.exe,12/21/25,Shi Hu,33DB6C7028FCF6AFB84646806433D226
47691dd3cde3f66a562611e6fea6bdf2ad62685f78946e72a7b4c45a089d197f,9257a48cf7e53844dd7d25cd6c4ad3bf,1e5c4b926e5f0951c9f392f5bd8b643b5a83869b,47691dd3cde3f66a562611e6fea6bdf2ad62685f78946e72a7b4c45a089d197f.exe,12/21/25,Shi Hu,33DB6C7028FCF6AFB84646806433D226
cfb5a6d13c454b34e35c127a22d9a14f3fe6da5fbf86e92653108437044fff85,7c2e87f39f1a25558887654535b6ecc4,29782a6474a534e31bff741637a8fec90fd5bc36,cfb5a6d13c454b34e35c127a22d9a14f3fe6da5fbf86e92653108437044fff85.exe,12/21/25,Shi Hu,33DB6C7028FCF6AFB84646806433D226
93dc1c64b5a7c0414aab5419ff0975e375fb48372351a0f7542275df322c12a0,752c48867493772916e4cb5e63b43dd7,abbc538161897dcc8090726d98e46e6607f43bd3,,12/21/25,Shi Hu,33DB6C7028FCF6AFB84646806433D226
f52b132a4ee707f7c084f256583bc0eb4b64dad5ab40de28a8282033dac4d520,0fc0fb4cf3f23cd3cb6f9595e40fd110,ea60e874389d74b8e17319b5f55eb3acf7e28470,C:\Users\user\AppData\Local\Temp\_@C5FD.tmp (copy),12/21/25,Shi Hu,33DB6C7028FCF6AFB84646806433D226
29ef749818c5201bab17561198bf6d002af4b57e107d80bc0597c653114e0385,2fb724d645f3461e6cd452d049c3b07b,55383de83343f281895df181082993105be9d333,dttcodexgigas.55383de83343f281895df181082993105be9d333,12/21/25,Shi Hu,33DB6C7028FCF6AFB84646806433D226
743d262a4abbba0d620bc7ed3a4fdd9cd91d5d5c22cc6bade8a1a394642161a2,ed0f2e854ab6bdac714067cf62e12347,d6d80f1374d78bbb1e622ad17ddea51343a97cd5,691c18918fceda791dd670f64bb94660.exe,12/21/25,Shi Hu,33DB6C7028FCF6AFB84646806433D226
9da6c98de584d9dd4a69978e9691adb1be1fc7ad132e9e63c2d10d45000411f6,691c18918fceda791dd670f64bb94660,37bad91ba800aa8e2ed6c438fb16936c3222c4da,C:\Windows\wt8gjd.exe,12/21/25,Shi Hu,33DB6C7028FCF6AFB84646806433D226
ff4d4ae3efe7c3dd6c46a7b0ee3e2f848720660ff61fc5fec6db3c380b8f8461,0e52e4904f447988c1d5235d122fe601,8d9946959d2aa882fa4685b8d02e851d7c2b7a48,din-20258116.exe,12/21/25,泉州浩英科技有限公司,7368E399E2ED75794AFA87CB933DF778
c08753931b4af2c3f356695948d1bc23249b98f64c075b0660fa58bb501a7d36,f86a8ffd76e673697bd50a579021355e,e07e008d562663158d32857936910424b821aa43,public_d,12/21/25,泉州浩英科技有限公司,7368E399E2ED75794AFA87CB933DF778
d710cc50ea5c1c0e464eed1b7e26f96df7ee602e9ffa2dee4eda6ed7eb08952a,31df66513ed4116b8941837aa45b6938,7b120618b4a0d1c2b7a3e7c0076ae3abd9fb69f3,czsedfasxinput1_4.dll.back,12/22/25,山西荣升源科贸有限公司,04EB8615F356CF0F5BF4DBCD08238DA4
62e114cd1d8b373d1c2d0462068f20cf478d13148214073545ef5b3a8f5ba251,2b1101d52c595429c0c3536e19dcde40,0418f375d0b35e159ae55de1139b952746943598,62e114cd1d8b373d1c2d0462068f20cf478d13148214073545ef5b3a8f5ba251.exe,12/22/25,山西荣升源科贸有限公司,04EB8615F356CF0F5BF4DBCD08238DA4
c40fb6e1e31f59d3dfd8a0d6ebb4155965e2c95546f257064c0e63efc4704110,7e35e63454ccf4b9e18c8b011a897414,3b70e24c5a46a843a8aa5560bee8b2f4730659a8,java.exe,12/22/25,"Henan Jiyanzhong Information Technology Co., Ltd.",4A5F625C9BACBAE47C16B016D58EF875
235c4852882952d5e6918a9f00b316c6eaaab14a4e0c811e2fb6f8e5dc018bcb,3b4c845044154dd151796ecc9febf395,61d17d54cab52024e2a6919af08312f4c86f8d78,%LOCALAPPDATA%\microsoft\windowsupdate\cache\wu_20260101_0c6c022e@27\crashreport.dll,12/22/25,"Henan Jiyanzhong Information Technology Co., Ltd.",4A5F625C9BACBAE47C16B016D58EF875
ce091f9b17eca658c7ab34ed7cfd155e39f3484e17884bdc0ebad2a7c94b4c5f,a5b2e4527f42447cfcba416431185608,4e7110e9fcf8efbb44e35690891e677071423c1f,TG.exe,12/22/25,泉州浩英科技有限公司,7368E399E2ED75794AFA87CB933DF778
665e35ba1f0d968b61580a2f8ddf8fafde6da224ba157e58c98ef6630dde06e4,51f4b308f0f714ec638f165c10b98483,fa01fa0710c6ed18e5595b12e7686357b00bb4ff,128A.exe,12/22/25,Jin Chen,134216E462B8FC279A7AF7382F45F3D3
4963515376ded0c77544b2f78033cbc11c6dfe02e6d45f9b0e26281d4435374b,91e1385f5a4d80b2657a75ce86a87699,31f924ecce4b5a0c76006f06439b0f9391e51b86,java.exe,12/23/25,"Henan Jiyanzhong Information Technology Co., Ltd.",4A5F625C9BACBAE47C16B016D58EF875
0eaefa8b5c662b24b11a040946755b3b84ab3519d48003de25cf7887327797d9,c5a6af642547bedb82af3c956599a509,141f0871eac29d1a37d249ca622f142b0d8404fe,java.exe,12/23/25,"Henan Jiyanzhong Information Technology Co., Ltd.",4A5F625C9BACBAE47C16B016D58EF875
b4afd901f249ab97f47f612a4198170453614eba5f3a460187287c247a496e88,4a9a21a4ebf6044403dc03568780c519,51aa3eefb0d7fc9312c25b8b2cee374b0e19b7c3,b4afd901f249ab97f47f612a4198170453614eba5f3a460187287c247a496e88.exe,12/23/25,Shi Hu,33DB6C7028FCF6AFB84646806433D226
80ebe25a3b33f96b3bc91963564f24ba06cea9226882561b55fe4427383cc2f8,fb31dd8c07fa0618e2a3b80f9631471f,33656426f8874354349505179482a483edcc0118,80ebe25a3b33f96b3bc91963564f24ba06cea9226882561b55fe4427383cc2f8.exe,12/23/25,Shi Hu,33DB6C7028FCF6AFB84646806433D226
0a7df1baefd6e3a074e7a742da32dfd68b9059e60b218497f5de68a79831cc00,517bc368013e2c9a35cff357f19d0613,37cd4da087b035f0cceab70a0249008bd297f0e1,dttcodexgigas.d549b97564a4f5ca25894b50d3999e5cea1e8e8d.exe,12/23/25,Shi Hu,33DB6C7028FCF6AFB84646806433D226
61a21675d7c576ccff1221ad112697e50ddd52640359c420725e34b5af183819,f75e4584e562c5223eb91dbb96383f1f,d549b97564a4f5ca25894b50d3999e5cea1e8e8d,dttcodexgigas.d549b97564a4f5ca25894b50d3999e5cea1e8e8d,12/23/25,Shi Hu,33DB6C7028FCF6AFB84646806433D226
2650e6610accdf845c1f8d21d26b84f3744fc6d5f5e699a68986ffa934ed2b9d,e9725651aad86c89ceb88c4f3cf0a772,612f4b621e534cc767a1318baf50e190293efe2f,2650e6610accdf845c1f8d21d26b84f3744fc6d5f5e699a68986ffa934ed2b9d.exe,12/23/25,Shi Hu,33DB6C7028FCF6AFB84646806433D226
6c2793753b8e5dd0ceb2471de42a6fa563c6f0b41b5560a57e663e3db5a27840,6f1c394bbbc5195cd44db2a4c1caf896,d21df61313333fa026f33e347a06084947b8dc6d,0_6c2793753b8e5dd0ceb2471de42a6fa563c6f0b41b5560a57e663e3db5a27840.exe,12/23/25,Shi Hu,33DB6C7028FCF6AFB84646806433D226
676b31cb6c2dd5a6e71c28ac5d70a340eb580bf93820ff8679285a2282436dfc,e31ce60820c7988d0fbbd5f7cbe8c862,a300d2bd27e29d6e8f52aca02d8c5c129ac77909,C:\Windows\oagf1l.exe,12/23/25,Shi Hu,33DB6C7028FCF6AFB84646806433D226
1c46675149b0f4d926783c855e860b20548568849cdec941a62abb72534d1e68,5d7764bf1e0aea500fcaa21a69b8b43b,60e4320b4e1ee7d657ffdb459dd84bc24421ee5c,1C46675149B0F4D926783C855E860B20548568849CDEC941A62ABB72534D1E68.exe,12/23/25,哈尔滨瑚板颂电子科技有限公司,54920428011B1572DC58F84D
84363809a16939c41a6766373a033c9ddb257c719b9ca59abe79e68dcfe80ae6,73fd518b93ece0f61f193fcc3d708ba0,d6a184f5628e36abf9cbb0ddce29be6226669122,D:\auto_black_abuse\resources\unzipped\20251226_174050_2025-12-23\84363809a16939c41a6766373a033c9ddb257c719b9ca59abe79e68dcfe80ae6.exe,12/23/25,RichQuest Network Technology Ltd.,52AF7661636C0C9BEF328C7F13A32230
af060fb9be6770b4abae1a3b9a82aea588eafce74e0635f248aa5411a062adc4,116e3b412624c42fe05ce6227ddf05d6,10cb215b1ecffa4163ae0af326ccbd7e9648b290,java.exe,12/24/25,"Eugene Investment & Securities Co.,Ltd",0497D45997C350D2867A7764017C3F3F
dc9f870ab69393f3ddd631a0e9ee449536d1151cfcf6d149d65a9074d6968496,c6aa0adc50de356e371801d4f7a23c23,9d98c0071c1ad2e1adcbad08084dd51a74c3eb3d,java.exe,12/24/25,"Eugene Investment & Securities Co.,Ltd",0497D45997C350D2867A7764017C3F3F
f65c2c5fb466bc3b8673d41cf4d5e29b62a0e0581dd7a1a71fdd805c108b7a50,27e5be7964befafd07a05058e57706e4,81e65bdbe76d5a064d1fb799c30228b5ad4e99e0,java.exe,12/24/25,"Eugene Investment & Securities Co.,Ltd",0497D45997C350D2867A7764017C3F3F
cd63f35cb8c939d40511b1104b960546d2022b8aa526c6d53b7123b1f3e970f0,53580183c6dd9951fda55a2e75945b98,9e92ca93cbd20e57b3c0ce250360539e8af65d02,java.exe,12/24/25,"Eugene Investment & Securities Co.,Ltd",0497D45997C350D2867A7764017C3F3F
7da83629f194b8cbce4100bdae546b8a29448662ee1c7d515bccd615f2819693,bf025353a26785d9a2658c1ce4fcc9c8,92bd2e43bee0f45d3ddd6fb66b5677e5478411d7,java.exe,12/24/25,"Eugene Investment & Securities Co.,Ltd",0497D45997C350D2867A7764017C3F3F
db93cf9249fce8d9a5262eca6d7e47ed11ab050f276ad1b4f443288d12dd1e56,4da9bb104831c8d16a914bec87e7ce8e,1ebd75521d87a4e50268270ce85cef3c87712c9b,java.exe,12/24/25,"Eugene Investment & Securities Co.,Ltd",0497D45997C350D2867A7764017C3F3F
b37f6a832ebaff3fce0ad102e50f43aba14498020423fb862f2e7eeb58cfd8d7,c09a8a76dd7e36589a2cee61b35e3aab,d423288a6cb770306f17bf37e0ac911fde80305d,java.exe,12/24/25,"Eugene Investment & Securities Co.,Ltd",0497D45997C350D2867A7764017C3F3F
65d83b2e9f1a10bebc967792fa747bf7e455c032d38c43bb64f6fe1c3fbdccac,74e99fb065e653adf44e18bf2ad07ad8,bbfc2d51a2a1ac4ed5821da40fab10dd7e54b80c,java.exe,12/24/25,"Eugene Investment & Securities Co.,Ltd",0497D45997C350D2867A7764017C3F3F
e8b8465ccaab112415a64252bb62501d89fc6bcd3a3bd98157255f934660c55a,cd1984bf20c051d32a32670dbda45d8b,311e565eda6473a604af14fd30716ca5df175a1c,java.exe,12/24/25,"Eugene Investment & Securities Co.,Ltd",0497D45997C350D2867A7764017C3F3F
60fcff32ee31814d9487d53c329ec1f3a979a64f1462228093a855a46e861d65,9b73ac4fb8c82d224b05daed310ad256,9e70959bef61b60e239bec150622e54de51a2c68,java.exe,12/24/25,"Eugene Investment & Securities Co.,Ltd",0497D45997C350D2867A7764017C3F3F
a65adba36f17fb40996b23e2b40f222c50bf2f3207ddb09b45aae41b8bf92b7f,ee89dbccb7d1405aa8f8a3033e7c03ac,6aee176840506c66f7d0656902531da8af7c412e,java.exe,12/24/25,"Eugene Investment & Securities Co.,Ltd",0497D45997C350D2867A7764017C3F3F
ec8f9b33e3bb4e1164bc29083a05822e16169fa5bf0357624daed196daef54e7,540919358d226fb8a4a1b43a16206e24,6c36a5709396b5af02eca35decd1e18cf257903f,hello.exe,12/24/25,山西荣升源科贸有限公司,04EB8615F356CF0F5BF4DBCD08238DA4
416609760f7993a1762c745d9ff64db725017604058b805f7da800a528accf93,0cd4343ec3b1f85cd192115ca379c9fb,4699f2bfbd4bd0da6be12b4be6bab040f1abab10,java.exe,12/24/25,"Henan Jiyanzhong Information Technology Co., Ltd.",4A5F625C9BACBAE47C16B016D58EF875
c1a128a64e4b9e16a9cda1439d8736eff37524b5e530620f7137d1e2b4068ca8,1d0460912e5d0f26fb1a70f26e8802db,93ac9235b9599dcc56837ca5847866c5ad93a342,java.exe,12/24/25,"Taiyuan Feizhe Trading Co., Ltd.",4380B3CDE17D335114FF3E21D2A50637
94ad15714a449cee3f6e3e7d74dbc3a30a537ae21637ed14d682f561b8e5bb84,087f3b7e12e88be7895a38851d38278d,d868bc2afbd7bb28d1947dabf6d63d4968fb39ff,KL-2025.EXE,12/24/25,RichQuest Network Technology Ltd.,52AF7661636C0C9BEF328C7F13A32230
d7fd48c3bb4d5081fd3a49a64b21038e9606fb13a03bb65550bb3154fbde95c3,f8e5aa41b07a5f9a8d6fbbe00642953f,2ffe8df0b571272377ed1525bc130f06c09447b9,LetsVPN.EXE,12/24/25,RichQuest Network Technology Ltd.,52AF7661636C0C9BEF328C7F13A32230
20f5d9b1d7a22519b9f09b86cf43245f401b80465fb3beb5f578bb8dd617791b,8d5203d917bf0c1b62e09bac96caa54c,10bf7d3941101687588ec798a72e379247341464,/home/petik/ss/malware/2025-12-26_8d5203d917bf0c1b62e09bac96caa54c_elex_wannacry,12/24/25,Jin Chen,134216E462B8FC279A7AF7382F45F3D3
949ce8fd2431824be9216a343a99a05cd19bb6387de980a8a1e2829c740ae4f4,d3942547b47cb20e37c886d0435c6ea4,2a4d4c3d6f83a6721fd518600b41a846c8398727,java.exe,12/25/25,"Eugene Investment & Securities Co.,Ltd",0497D45997C350D2867A7764017C3F3F
8289265a67af799d3ffc1416f13ea7cf19b2ed08167e693454391dec86e46030,b2f50f09cbb4abe3a329fbc6695abd9a,cbc775761bf7184ae7e6f360a49534252f67806a,endpoint.exe,12/25/25,山西荣升源科贸有限公司,04EB8615F356CF0F5BF4DBCD08238DA4
a1a114fd875bd6f96d2ceeac2b98596c0ac56d727e4bb970becb2466cec40086,4a0823bbc3c115f238e147911dedd9ac,777a753817488839e63b7e07c1247d9259e446c2,java.exe,12/25/25,"Taiyuan Feizhe Trading Co., Ltd.",4380B3CDE17D335114FF3E21D2A50637
54012720d5cfbc80c8bf63ae847bef1b1606dbda3e60f26d8ea247a34176906e,1e9962eff725b4b3e1dc2cb8db1b9fc5,469f479ea4d23af056d016ff129ad6ee847d77d8,/home/petik/ss/malware/2026-01-04_1e9962eff725b4b3e1dc2cb8db1b9fc5_coinminer_elex_hijackloader_icedid,12/25/25,Shi Hu,33DB6C7028FCF6AFB84646806433D226
a3393704cd543864fc15c866fc3fae527d9d6e71a65a99f8f1ade8997c0b4d9b,c91394219b8ed518b18010f9dd5a29e2,350e640d01aa3bd1441ab3e04b2d38eb051dec8a,a3393704cd543864fc15c866fc3fae527d9d6e71a65a99f8f1ade8997c0b4d9b.exe,12/25/25,Shi Hu,33DB6C7028FCF6AFB84646806433D226
79771b01920b6ec722a0b1d6fc4026cc00bc9f3f29dfc906b0eead1e026fa408,dbd6f73ce354787874f7f8e96fda56eb,53a2686ec1a55af6c081e1ac35f8697a3ccfe970,/home/petik/ss/malware/2025-12-27_dbd6f73ce354787874f7f8e96fda56eb_coinminer_elex_hijackloader_icedid,12/25/25,Shi Hu,33DB6C7028FCF6AFB84646806433D226
9af21db80750a281b0bee243bd5ff7ac89fd480c675c39fec94b37653d9007fe,77589066fc583bc33dec3a3f68cf6766,d7c27fa75f72bdbe0e6861d3bd409678d5fe7543,/home/petik/ss/malware/2025-12-27_77589066fc583bc33dec3a3f68cf6766_coinminer_elex_hijackloader_icedid,12/25/25,Shi Hu,33DB6C7028FCF6AFB84646806433D226
778352ca53b1b2726afc46cfea4fb37ddb9c1868b99eae55627f92483e90b91a,59ff85bed532d2c7d5353fc38f20ce7a,adbfd1f166f4cbfbdadc3c28da8699eee0a139f2,/home/petik/ss/malware/2025-12-27_59ff85bed532d2c7d5353fc38f20ce7a_coinminer_elex_hijackloader_icedid,12/25/25,Shi Hu,33DB6C7028FCF6AFB84646806433D226
e69689ff22a24ec2de61d0def3201448ccd89bffbac94987d676057a1d527a40,e7e33b2140338b0eafc99fdc4035c2a8,20bf3c0e4e94263962ab302efe9911760746596b,/home/petik/ss/malware/2025-12-26_e7e33b2140338b0eafc99fdc4035c2a8_coinminer_elex_hijackloader_icedid,12/25/25,Shi Hu,33DB6C7028FCF6AFB84646806433D226
73e375eece70f391c6385dfed0007ffa3f8c705992af271a13e6bc87311d649c,d30bc36df25325e3f8559f4d888d918e,fd2014b0437851fbb65083f76f4eccd4854e06d8,/home/petik/ss/malware/2025-12-26_d30bc36df25325e3f8559f4d888d918e_coinminer_elex_hijackloader_icedid,12/25/25,Shi Hu,33DB6C7028FCF6AFB84646806433D226
b5cafc651483dea48577a29c12b937eba19fcb7fb4a75fb382c913daecf2c31d,ac530f9d84b7d07d72fa5d262e79d076,eed9b15360448f52ebe67dbfbda6c889b51ff12a,/home/petik/ss/malware/2025-12-26_ac530f9d84b7d07d72fa5d262e79d076_coinminer_elex_hijackloader_icedid,12/25/25,Shi Hu,33DB6C7028FCF6AFB84646806433D226
a8d57506aa332d1f78f5292d78f51b5d3eca1198fabfe673aabcc433085e1452,9ba3de49c07579292c2255518ed3821b,369a6652846dd0d14f5bb71dea92b06aac02d035,/home/petik/ss/malware/2025-12-26_9ba3de49c07579292c2255518ed3821b_coinminer_elex_hijackloader_icedid,12/25/25,Shi Hu,33DB6C7028FCF6AFB84646806433D226
908e075436ecfaafb368b94553b21d9cac9842a45af3c3c3d19a2beb31404833,6c4f51c93738faaa13a319853c2445e9,420a16eb53b85ddcf991fa64caf0526e3c6abe1e,908e075436ecfaafb368b94553b21d9cac9842a45af3c3c3d19a2beb31404833.exe,12/25/25,Shi Hu,33DB6C7028FCF6AFB84646806433D226
f5f0a1b78835cde17221845e6ae9eee391f0555c8e46504b7a0ecb51227f3c67,a08a53da12b6cc0d3a00dace08c5696a,ba77a9cfc72258010b86b622bbe93edea1081762,dttcodexgigas.ba77a9cfc72258010b86b622bbe93edea1081762,12/25/25,Shi Hu,33DB6C7028FCF6AFB84646806433D226
0a4c2118f6b9d1501c97c9a4d97a1192cbbf1de71f8f5a4aab86cd13b72e53f8,37fd45a8e8fbe7a9acd329835e9a9360,605bd7dacf90e392d4e783548fbea352624638e6,dttcodexgigas.05269784e2d17b217f4f9416978c1ddd7c5194e1.exe,12/25/25,Shi Hu,33DB6C7028FCF6AFB84646806433D226
f48ed67295782f573567e8addeac7f6d1b6aceb8c6faa00073fafe36070a7752,3ee666d96ece55979a99924c848b45ac,e31410c7526ace063312e651f24654fc99565785,dttcodexgigas.e31410c7526ace063312e651f24654fc99565785,12/25/25,Shi Hu,33DB6C7028FCF6AFB84646806433D226
d5033339d68c95b412aeedccd2a44766cee1d5a9d76852da2c0c7107e6fb5e30,0cbff7361a178a0886ae1fcfd6b1274a,05269784e2d17b217f4f9416978c1ddd7c5194e1,dttcodexgigas.05269784e2d17b217f4f9416978c1ddd7c5194e1,12/25/25,Shi Hu,33DB6C7028FCF6AFB84646806433D226
6943a47d0b6387b2fe515b04bf839df48b117517195d6c6ffd2e23fb319ed448,e419b7de364354ecbf4dca607e8ed55e,9de03f65d87b5f635e894a0baa2502d88dc356db,C:\Windows\ik00i.exe,12/25/25,Shi Hu,33DB6C7028FCF6AFB84646806433D226
ef17f6f3d3b97d961dbd9c3c1e8e8cc56adf1b00aa29eeccd68b96c6e739f7af,d7ebe58f26ff2146b2c4fe1fc63d9bce,441ed42178f28a9b6970939d6643b4f6d274256b,,12/25/25,Shi Hu,33DB6C7028FCF6AFB84646806433D226
090b30261be148ef6236b08ce64ff6ae8c9bcf83047b40777fa930021be26ed5,e62680eb7b3f6f46f17015b2ecaa6ff0,8a5fa1e8ab6f7e1acb1099691da3326b44d496bb,C:\Windows\ssii32p3.exe,12/25/25,Shi Hu,33DB6C7028FCF6AFB84646806433D226
cc145ca1712a7f9d34771f6de26e3c0e5bac64af0bddcb87c00b5e08d4d030b2,3c7f9a76c0877a79a821ef00d4816e18,7c1ba96cadea88ed7656823a445cadd6b18395e9,C:\Users\user\AppData\Local\Temp\_@6753.tmp (copy),12/25/25,Shi Hu,33DB6C7028FCF6AFB84646806433D226
63a4e207e5d599129a938b90c229fe32d5d64e0ade6c77c74695d290e71ca15e,d6b65cbb0ad239b1114eca75ad7f4238,b873aade71a3fe6bf22cf6ed0d4a6f27dbd26c3f,C:\Windows\System32\ntdll.dll,12/25/25,RichQuest Network Technology Ltd.,52AF7661636C0C9BEF328C7F13A32230
2b45ee4f3cd4a8e356ba3a4a0b06b3ae23bfb31099932c0bc1087bdc4d805b66,988dfeece4f53fce50cdc4f18c6ae750,6c31956491639600c41491f7a8418be64b1ce2be,ACE-BASE.vmp.sys,12/25/25,Jin Chen,134216E462B8FC279A7AF7382F45F3D3
9d1f3d1e0fb61d540996a1e64593c71537d8f943d27260d62de6ab7b135505d2,433f8e5fa93e27d12bdc7469b1b81616,522a07d64c59d8e4216365fe7d84318c7145d474,SteamBox.exe,12/26/25,Keroro Software LLC,0A04CAF1BB3BC17A33C6E155EC4F5883
0a000edf2313a4349f174537f0368d3cc639fc8875b12989ed2e9bd9dcc671f8,49b02eaf8924d13bab36f81064e5e2f8,ae855f10ecf195a0bcd5c0a0795f78f929503df2,Edge.exe,12/26/25,"Taiyuan Feizhe Trading Co., Ltd.",4380B3CDE17D335114FF3E21D2A50637
d09d3d9987c5a3ae2a06bfa5bcf9f0873e863da8ba1db5a9bc4ce6544232a37b,de565c4ad0b59e832736fe47ab635f1f,ac696e87d832997d7c1477b73eb8a08ffc98310b,java.exe,12/26/25,"Taiyuan Feizhe Trading Co., Ltd.",4380B3CDE17D335114FF3E21D2A50637
f506fd8067bddf86e265415c6c447de5ba0c308b09977939722a59235266da60,293332a21f56ec863c6933dcfe857ac5,e99d49a8f85b0c82e0ce999da69c2e906f34a2dc,java.exe,12/26/25,"Taiyuan Feizhe Trading Co., Ltd.",4380B3CDE17D335114FF3E21D2A50637
9db16a6171359472f07fbb66ae6b15120e79e8b8a1ae9b68ce4c43bd7ac187fa,c6f4708e0574bb6c1a136ef18f244284,8b6345b47cc29995e6e33d9d8d5e4a12a8e74edc,C:\Windows\g574u.exe,12/27/25,Keroro Software LLC,0A04CAF1BB3BC17A33C6E155EC4F5883
bc31d57ee30fb5f3c76fa760a5e98e22850b50b77bdb5511fbf048d649336270,7c1039724faff59131c11601a3d67a04,6c2eec0bae93adf7a5f14f9f6ecf7ea6a7e89235,Edge.exe,12/27/25,"Luanchuan County Qiangsheng Information Engineering Co., Ltd.",008CA703D6A6A9FDFCD920C62316723EAC
73efd98aac0e29bfce96ef2fc0b760c46a35b64be489290155f21721cf5de521,23241a4bd12227e93f643174f3383082,f58c1c60778ef3e78b48dc16c954ed9c15baf756,C:\Users\user\AppData\Local\Temp\_@3BAB.tmp (copy),12/27/25,Shi Hu,33DB6C7028FCF6AFB84646806433D226
a5f3fca064867967025624c8f24ffd30c1069c33da1107ea593a4e1ff9b824cf,eca3ae76a95e98ce223aecfceef58b71,f26576ec1210e7378cdce2e045d40482c719fa94,79e3e8886c7bf0ac80889f8b76adfb6bd2648b69efa34e64ea314c0179d9eb45.exe,12/27/25,Shi Hu,33DB6C7028FCF6AFB84646806433D226
79e3e8886c7bf0ac80889f8b76adfb6bd2648b69efa34e64ea314c0179d9eb45,ae842bcceecd264a4c31e2abba025574,6f42b25ed7de57fa36435e1bd792085569856f35,,12/27/25,Shi Hu,33DB6C7028FCF6AFB84646806433D226
1d2f9b6680d3df883dceac3eb5dd35c13a9862ef0ba6f40603df5a1e54408c6e,147545b7f8afb7f7e3b6b1c0e5cb0f7b,823520bba2a0aeb6a10b8bc721690903019c6374,Edge.exe,12/28/25,"Luanchuan County Qiangsheng Information Engineering Co., Ltd.",008CA703D6A6A9FDFCD920C62316723EAC
e1b6f293a5e3a6457551b715eed6fada50eb7b1cd2cb2a8470afa2c75bdfff9b,0b78c5d680337b4fb9bf6f5db3672cba,148c10b1c30f0d301da10d1cff4d2cf496e67669,Edge.exe,12/28/25,"Luanchuan County Qiangsheng Information Engineering Co., Ltd.",008CA703D6A6A9FDFCD920C62316723EAC
1b8909959fb9bf9eca53ea96fdbc9f534f9b092ee3413f3c7dad0d945ae6ed9d,2cb2bc526d44a82426e71cb01e445744,7020a4144a1394ee89093a2e962be8e4de38ae56,/home/petik/ss/malware/2025-12-30_2cb2bc526d44a82426e71cb01e445744_elex_hijackloader_icedid_wannacry,12/28/25,Shi Hu,33DB6C7028FCF6AFB84646806433D226
70237f647738695fe760a8bd6c1aeb6a1ea0d67d06fd7f295ec82888002ef0ca,ae42d56370fc281ff385d046cfcabc6d,812a075e35d74150102db5ba9e33d29403e09911,WinMergeU.EXE,12/28/25,合肥高好频商贸有限公司,4C4C225E13B1CBEA59C3A9B50AE2B94D
5bb8c746a0500fea0336de961096d4c3fc2f1b7bbc4580fb6d981b33e1c1242d,8e92191fbada47b976510b55c4f2fd78,0e8d44c19986433b48ca33d97baf0212ffb82674,1.sys,12/29/25,山西荣升源科贸有限公司,04EB8615F356CF0F5BF4DBCD08238DA4
5aeee175fdb3ecfbf491f0ea1fb141945d6cfa0f764ad360f20b04cb3347f209,858fed434129467135a5d79c9c98844c,f90e7c9e6232ccceed7ba61c06f69df87248505c,Edge.exe,12/29/25,"Luanchuan County Qiangsheng Information Engineering Co., Ltd.",008CA703D6A6A9FDFCD920C62316723EAC
e51a8d123e2865d75fb429567c272fdb045a1ffdb89e10549c2e8ca0d3baedc5,373bab7910e248fd9421d8ea5d6e2eba,34dde9cba1e61c8de21fc0657a81dfb5d25d968e,whatsapp.exe,12/29/25,"Jieyang Santian E-commerce Technology Co., Ltd.",0098280C64F0D7F06696998673AC08F8A7
1bb872c59b9075246f3b799b7dcbbe976c5c1adcd148e1054a432985947e5225,cf23461a3e0d56f22e0f9a16b981b732,c4e2d1e8d7d7eb1bb8e68d6ff9a7e6f7f31f650e,java.exe,12/30/25,"Taiyuan Feizhe Trading Co., Ltd.",4380B3CDE17D335114FF3E21D2A50637
cb7793147566cb0cbd2d60918e4825389c549d8a9b89cec611c12ecb028593f5,9fe20b85e9f9f3d9ee075ee5764a7078,36be48a8165536973b72b6eca8386e842d258d6d,whatsapp.exe,12/30/25,"Jieyang Santian E-commerce Technology Co., Ltd.",0098280C64F0D7F06696998673AC08F8A7
eb12f037ddfe50abc6bddee1d803590f4ebbea0a5591b6ba8055339e32b6bbb8,7996f52666b8214dd4524a803f32eb4f,f86a6fb8f5b97de43a997302479a88cc1ece9856,/home/petik/ss/malware/2025-12-30_7996f52666b8214dd4524a803f32eb4f_coinminer_elex_hijackloader_icedid,12/30/25,Shi Hu,33DB6C7028FCF6AFB84646806433D226
bfb82d4221231038326c8f5c99ddacdd862a6c87ee0041579a828bead3bb879b,5edcdd79532ad5cb2eabc486ef19470c,fad27bb9ae8e4e984339535c9173be91a7293e06,Lets-2025.exe,12/30/25,福州大顿商贸有限公司,51EC6208C20191DB2EC825969E857A68
c93445c59cf7a841f1561e74b28c05e6066b5c68b4578fc1f1866ec00672dea3,5dc976e724e8b88aea0fc2f7ce4da9ef,6e3e85e0b78c561d1d498ea50e113e3814033a44,Lets-2025.exe,12/30/25,福州大顿商贸有限公司,51EC6208C20191DB2EC825969E857A68
9f9ac80be27eb03485524162a3781006f46ba39b6bbf83035c1d35493ccad856,537f02bf5abd84754b20a3b37e0644b4,2fb0e3872ff91264ece1bd5201652d4802597796,ACE-BASE.sys,12/30/25,Jin Chen,134216E462B8FC279A7AF7382F45F3D3
aec7a1f1bc7762b03edc7eaf14e3b8e237e6bd38f7136d38531a41ee46292347,6a5cdb2be451ae5da39c610d79d9fa10,5513ce7e30c0ebad83cc2a4161411060e8267d20,ScreenCapture.exe,12/31/25,Keroro Software LLC,0A04CAF1BB3BC17A33C6E155EC4F5883
13421504b43d15f31124945ddc20b662e01de3039debaa1bec5476894445280b,d6e90167144d5ca6c97e0bc23cb52cd2,a061929f1d2da78e5222b2510019fae9303240a8,md5__d6e90167144d5ca6c97e0bc23cb52cd2,12/31/25,湖南蒂角企业管理服务有限公司,05E39C93D531D6E0DDDCC6774C003F3C
6c152f354de319238d1b2034f52daaa9065108d4decc16dfc0f7f329102acd5f,266313f908303021a96c3ea044dd8fa0,5f3cbfa0ae3f361dd07e8d6d90f04207e24c4212,md5__266313f908303021a96c3ea044dd8fa0,12/31/25,湖南蒂角企业管理服务有限公司,05E39C93D531D6E0DDDCC6774C003F3C
1a90e3508dc026de768e7ad9370019dcd351ea136a4e7a74f1e08848e6eb327f,061078850cf4cddb10c30d092813d2fa,16d1c6af798c32b09abff43e819b7de464946596,Lets-86.exe,1/1/26,福州大顿商贸有限公司,51EC6208C20191DB2EC825969E857A68
e2f6eefce6bd1e2f16b98280c7b2ea42052ea866e37c680a9858b46dacb360b8,5aa4775d2c475ed3e572ea697cef7c07,258ed31cd4f629799344a02a5efcf4e13d28914c,C:\Windows\ysveehd.exe,1/2/26,Keroro Software LLC,0A04CAF1BB3BC17A33C6E155EC4F5883
31749f7fe4fd68953b3f726ac82ce314ba2d158536694164bce4c73b639a3463,5c16c1954fa0cfd508d06e06a3c5493e,1735d96cd0f01eddf425bc459199415c2493e8af,Lets-86.exe,1/2/26,福州大顿商贸有限公司,51EC6208C20191DB2EC825969E857A68
c4e218a909cde3e2ea0c99d24f688ce0ad4fc5baa55e7d3ce012c18783ca7cf6,3d43671de1b02c6f940fe3367db0893b,6c734bd88664f55457d653dfbe9f33876ab75c85,Lets-86.exe,1/2/26,福州大顿商贸有限公司,51EC6208C20191DB2EC825969E857A68
035dccb91b7035b80a3df6bf3b84ced20a233b54ff16dfbb11cdf262e4d533c4,0dcd65bc889a4c37a6cd178702546970,28331352a05d4af44dd9628bc2bc1656ff6daa2e,=?utf-8?B?6amx5Yqo5Yqg6L295bel5YW3LmV4ZQ==?=,1/3/26,Shi Hu,33DB6C7028FCF6AFB84646806433D226
bbf8f594aea15eea02509b87260766f74d063152d68ab9cc4834d2d6607b7335,aeccdc7f096431f835ae5b1ba21570be,d2d8a2084afd68409e3a7412c782c6ad1e631922,Lets-2025.exe,1/4/26,福州大顿商贸有限公司,51EC6208C20191DB2EC825969E857A68
0c6a68f926f326b0f086fe44609b8b72f862adc918ebf1f1319382d643c94d89,07624b5c3d815ada6ad7d9740d26849a,f867b57c66afa17a5e6802d4ced8932204680bb7,E:\?????????? v3.14.2.0\?????????_v4.1.4.0103.exe,1/5/26,Keroro Software LLC,0A04CAF1BB3BC17A33C6E155EC4F5883
01268d68f1726a31e881515bd70139bf9e3e235fa3a899b0aa9e52db4a7c0547,6e6574091d48159b0ce39d5b9e7a1fec,7d8aee3ebb36121fbe645487a8898f3076bf8dc1,whatsapp.exe,1/5/26,"Xiamen Boyue Zhiyan Information Technology Co., Ltd.",1B9C25D3C04716F1FE4A7F61DB7D1758
0dc16acf1053cbaa0704853892b258d84b71a2e6ebc3ab595403fdc5729022e0,838b6a4f86748d4a4abd719cce5c0de8,a2608d25fb47d02ed39ab0474d9143d016dc1d8b,whatsapp.exe,1/5/26,"Xiamen Boyue Zhiyan Information Technology Co., Ltd.",1B9C25D3C04716F1FE4A7F61DB7D1758
25ea5d474de9358fa4ea03b130ef6c02f576f8a0d6da6873cad58e232c27b913,53306d13f37e0bf1397fd0ebad3f4055,d2ff00397dc3e69fb2a2aa74c307ce067670f6d1,whatsapp.exe,1/5/26,"Xiamen Boyue Zhiyan Information Technology Co., Ltd.",1B9C25D3C04716F1FE4A7F61DB7D1758
988f4249100f249b973bc5a04544cafc1ccababb752673cfc55f6bbdc9433aa7,904963fc86ee0229080aee54311ea33b,15c17b023c22be95adc730bb8805cee6d814dbdb,C:\Users\user\AppData\Local\Microsoft\WindowsUpdate\Cache\WU_20260105_404da215@27\crashreport.dll,1/5/26,"Xiamen Boyue Zhiyan Information Technology Co., Ltd.",1B9C25D3C04716F1FE4A7F61DB7D1758
ad074a7c30a56e0c18e0385bd7d1c93229b87d252c0458306b02dd40513adc64,1eaaf834bb6f085a6941e7b7ba6f8924,46a02d8ee7f35a3c657092889b6201772daa123e,ldplayer9_ld_x64_雷电.exe,1/5/26,哈尔滨瑚板颂电子科技有限公司,54920428011B1572DC58F84D
ba32b18caaec697843240caa0b6243829a5dc703d7749000f8d8340cef87883a,c8b2763fc0b128627c32b6e596ae4a13,420c959f5f00cad17489a330e0d2b0b9ded3c2a3,TASLoginBase.dll,1/5/26,Jin Chen,134216E462B8FC279A7AF7382F45F3D3
70a20ad7ed0d8fbea9d82b585094d58e9113e8e3669ffefd89f5e291bcbedebe,a57d7010ae41d822da268830efc62d3f,ec44b389bd47485c9642f0654c0ea46813d5a72e,C:\Users\user\AppData\Local\Microsoft\WindowsUpdate\Cache\WU_20260106_cbe7c969@27\crashreport.dll,1/6/26,"Xiamen Boyue Zhiyan Information Technology Co., Ltd.",1B9C25D3C04716F1FE4A7F61DB7D1758
5c2953e0800f2c68d4a3440473da1067d44db1f2156fda4908d7955cd27f1167,228ad58bf5826fc03e065e5bd2576440,0403e6faf8aae07b475388beee0797a53e9e92cd,whatsapp.exe,1/6/26,"Xiamen Boyue Zhiyan Information Technology Co., Ltd.",1B9C25D3C04716F1FE4A7F61DB7D1758
ed868c0bbf654880d014f954e935039c5d3a4ad7d615912277c4502bf67964cf,e9783ee67d04c624344225f55ecb8012,b39232213ea396ff93a6488c4f5a1df0f3146725,translate_X86.exe,1/6/26,福州大顿商贸有限公司,51EC6208C20191DB2EC825969E857A68
970c7ba1038f48df1cc1eacc7f030746bc7f7652f86c279abbe1c109ea0e0e1e,13f8eaf73b9dfa9b5ef4c7cb22add9ef,5591dc225598e4f3b909fa2bafd7515be72cb893,,1/7/26,PAPER & COTTON LTD,4C1CC72FD82F65C0089C202D
5b03702e9bdc24d8044ed4bccfd9030bcb32eee82dc5c00ab26b94528aa9deaa,fafb4e2ec74c2bb43761765863441e1e,277f4a888d741c6013a06cbc0f7fb2bbea8d9521,C:\Users\17445\Documents\xwechat_files\taoweig_cece\msg\file\2026-01\47da0ba501a050a9582b4947dbe5640e.exe,1/7/26,Keroro Software LLC,0A04CAF1BB3BC17A33C6E155EC4F5883
4b8914edd99a01616ede557b23f19114d5f0a02192ebd4f2e5323964d8fa41ee,a67425dcf46b6f7c71ceb22cfb8b27de,2093b1cc217481dc70c33a23b13808b7cce35ab7,crashreport.dll,1/7/26,"Xiamen Boyue Zhiyan Information Technology Co., Ltd.",1B9C25D3C04716F1FE4A7F61DB7D1758
06d3bd878c070f1a0dbb7364ce9f09b582053fc962dea5a6f7b3e01de91a2588,c1449de7ee2456f85bd19bddc752b28c,fed79216934b389703ea961939482679bd79794c,KL-2026.exe,1/7/26,福州大顿商贸有限公司,51EC6208C20191DB2EC825969E857A68
c522e771539737d6a622240b43bb84db8c0497d54b668efb16bcd390f0b74050,90f086f166221001d01b1e6fb4f13a26,52b9c5d449ccf876c8f01e666afa1267133ad16b,KL-2025.exe,1/7/26,福州大顿商贸有限公司,51EC6208C20191DB2EC825969E857A68
4f94a779a6c0d3ab695fb57bac6ed534fe7178ff85a3e2447b6c8eda84de3387,ce2cc70be0d4d917a6c5a1574fe7cd7a,a8bbd14490ec013bfbe412814579c890f5cfc47c,ACE-BASE.vmp.sys,1/7/26,Jin Chen,134216E462B8FC279A7AF7382F45F3D3
444a2b107efab1346e48462b7cde3bb2d8eb9b7679ac71bbdf1d4d0a2c020f17,146243100826cb079e4b36c349df10d9,c716b52be2ca2178c6110f56d766c320236862eb,TASLoginBase.dll,1/7/26,Jin Chen,134216E462B8FC279A7AF7382F45F3D3
1f8d2d37fc8939779bf1605c48f2fee1a6b02ff9bed86da050b8e0c3089cb12d,2c350760f682e1e53b1fbfa7cc6dfd1f,ccdcbf1aba640f8e61c3a004149eef5df4ba8ce9,Encrypted.exe,1/8/26,"Chengdu Nuoxin Times Technology Co., Ltd.",2F93FA58F00445EEDC313273
8cd7de3363775e015b060f16f8203ff23c0d849fee83ba7e218d43b60ebbd0d7,ae7ac5c00bfdaa406143b3ef239c2244,08acbfc2d39f80d634b77865aeb3679229daf9f5,SNTPConfigTool.exe,1/8/26,Keroro Software LLC,0A04CAF1BB3BC17A33C6E155EC4F5883
5a83f73dd0fd89b4974ee4aac9e22d0a288a87d1258d1ee5cf71ab2d1a07ff86,3ac3c5c55d1d96901d5768ade547f462,ad0ff62a0a0d60bae2fd601be7dee92ee4e7a850,Setup.exe,1/8/26,"Xiamen Boyue Zhiyan Information Technology Co., Ltd.",1B9C25D3C04716F1FE4A7F61DB7D1758
79d8d5b0c47f94bd754f51f26e58052edc03452fe3b5bbc8c194deeb0897a7dd,a30cab1b5c29b46b0cbb39234b3dae22,fc1c9b694d1af47ccb069e40e253c774a8c7a3d4,/home/petik/ss/malware/2026-01-09_a30cab1b5c29b46b0cbb39234b3dae22_cobalt-strike_conti,1/9/26,PAPER & COTTON LTD,4C1CC72FD82F65C0089C202D
6f8e797ddc870d5b952d74eac5241dacfa1ef391d1504521b2303edcfa56bb11,63e5c67f4ae7d0f40329beab501d6efd,5f127f4900e045c9447086e721c14192a5e51b45,/home/petik/ss/malware/2026-01-11_63e5c67f4ae7d0f40329beab501d6efd_coinminer_elex_hijackloader_icedid,1/9/26,Shi Hu,33DB6C7028FCF6AFB84646806433D226
ffc2dd15768f1353066a6a3262ec655a6bf4f644215ebf96fd0666eec5bbdc05,58d06daeea14e31ef69fc0229696b746,7795c08bb76a636d6113327a770ea3e7f7848d5b,/home/petik/ss/malware/2026-01-10_58d06daeea14e31ef69fc0229696b746_coinminer_elex_hijackloader_icedid,1/9/26,Shi Hu,33DB6C7028FCF6AFB84646806433D226
2dabf740ba58d993a2e62fe4d81b8a0f3776e489910d85174b90eeccc87fbe07,3e40ed74e9534c11c9f92251232617a2,4d9666173ecc58eba0d7bc38b2b4397c612c9ac4,/home/petik/ss/malware/2026-01-10_3e40ed74e9534c11c9f92251232617a2_coinminer_elex_hijackloader_icedid,1/9/26,Shi Hu,33DB6C7028FCF6AFB84646806433D226
4f02c922de1536ecfe79b718bcbc6e3c27a1cbfc3965d1b67767bfeaee3f7a70,030ed55e363581b96dbc6ab49ce007c7,19e3728d0d0160f9d741b9ef601a755dfe0e96ff,/home/petik/ss/malware/2026-01-10_030ed55e363581b96dbc6ab49ce007c7_coinminer_elex_hijackloader_icedid,1/9/26,Shi Hu,33DB6C7028FCF6AFB84646806433D226
f0e5f56d256aa259ff531cd595176f5fdfa945f1c18f780f207b81c45d56ac1b,ea57876661638f3c305b6d4b07979ea3,75d7e6a8e9ecf791ca2469ddede91eee82126fb2,dttcodexgigas.75d7e6a8e9ecf791ca2469ddede91eee82126fb2,1/9/26,Shi Hu,33DB6C7028FCF6AFB84646806433D226
f8d5e36ae7af535acd72982e1b5f745adb2b39b83d522709c4c18630bdc87d1c,c73b2bda72ed48da9f91d57d3cf3b1fc,44f58a8101a02db072799687a44e85375fbf50e6,gamepanel.dll,1/9/26,Jin Chen,134216E462B8FC279A7AF7382F45F3D3
c814734bdfe581ae3f7494787afe7144e3a283849dced7a03534987caf122aec,cbfcf8de225dce733a5c0040a6eac659,4673c35885195efc99d5b71e78cfe0edae4ff606,TASLoginBase.dll,1/9/26,Jin Chen,134216E462B8FC279A7AF7382F45F3D3
6ed0d279557b79aa9339b11b6de49b3ffcedca92684ab691f686d22d1bd04c60,69ac7bdeaf764128766a7ba3d4fd5955,9e8a1c1b0887d75709be2c3613213bd7a643acc3,ACE-BASE.sys,1/9/26,Jin Chen,134216E462B8FC279A7AF7382F45F3D3
a3a6a8f56664023a90f98dd6610994c1f879925516a8bae777bcf1a4d822ebaf,11ff0b89784182dfe64671d69c0d0c11,7c10b34787bf008975cf4de314982efef7096359,Setup.exe,1/10/26,"Eugene Investment & Securities Co.,Ltd",0497D45997C350D2867A7764017C3F3F
53ce7a40b23c4c06c3c2bc2d78838cd7d25ecc8c2e09ab6ec02ebbc917a9b67f,bc075d017afdc4e08720f55735229e0a,bb0494820aac18db634fca40da7a3f3520f85569,Setup.exe,1/10/26,"Eugene Investment & Securities Co.,Ltd",0497D45997C350D2867A7764017C3F3F
42f9da55fb57e7c78c067937af43ee568a9a199bd7a59130ebaff60f174e1036,03a2686a2bc14bb6de61a2e0c67fa5e9,e40fe14c24d9c78297a1ca1b5fd351887e924438,Setup.exe,1/10/26,"Eugene Investment & Securities Co.,Ltd",0497D45997C350D2867A7764017C3F3F
7032e053a4bcfe928123f6e247e27675085673dad5c85b3cbfb4f345aedb6f2c,1163726bd21451c784646d20998aaef9,4d3f261ec602271221921b4da6c382e1c61ef50f,Setup.exe,1/10/26,"Eugene Investment & Securities Co.,Ltd",0497D45997C350D2867A7764017C3F3F
32af43199166cbc87d179979f919e423e6b1b2c3d306b2b40889854d863c09e2,cea59594d2af0270517821c31e073aab,291652888558fde487879b11f76f97c363bc6ca0,1.exe,1/10/26,Jin Chen,134216E462B8FC279A7AF7382F45F3D3
7340214f5f950783d508c8029f45dcc63e36f7848a6212a4f875ffcb76830c84,d468fcf165bab254f1983f699cad2f61,411fa63ffb87879972a93bd9c1b3c58ae99f5e10,ZhiMaUpd.dll,1/10/26,Jin Chen,134216E462B8FC279A7AF7382F45F3D3
d39ec4f145064e93f85a8a18399a48de226062f7b589ddcee925fddfacad54c4,03956be844bab8b0538f98f7a00f8a1a,39b2061fada69d78a959becc4d032dc02a56c110,mobsync.exe,1/10/26,Jin Chen,134216E462B8FC279A7AF7382F45F3D3
6650052939aa7e4fe49c9d1aff74319c46506efe341f6d9e6d9900cdb7e40c91,22923359b0fffd89c56688f9ce365c4c,b29e09921c84f9322761b9e58fb5fbe7b9eacb55,msedge_exe,1/11/26,Schäfer Informatik GmbH,6FC27F0BBACFAA99807405016341540A
26d64b2866c6d44ef5f616c3bd843ce74400183ae5eeea0764b46c9f7152ebc9,020368bdd1edb50f0010147b93a8868f,68a46e065a80a151a3c533f63fff007b89621ba2,TASLoginBase.dll,1/11/26,Jin Chen,134216E462B8FC279A7AF7382F45F3D3
5da35d89661ef78691e562a5671092656d7dce9b53221e0a05bce59a898c1591,43d55f27a6661b15f6a75b5c88bb0c74,fb82585fb0ee4417726ae695a8dd251ba8761005,Castuo-Pro.exe,1/12/26,PAPER & COTTON LTD,4C1CC72FD82F65C0089C202D
f5535285910e267baba865c0200bb7ba6d885ff5d61d866c64d039bcf52c7aea,d7049b9e1a76de582f25a64de69b3003,4ae3af5aa29385d872018709dcc78a3c718036e1,Castuo-Pro-Monitor-1.1.2-signed.exe,1/12/26,PAPER & COTTON LTD,4C1CC72FD82F65C0089C202D
3892c47f804833fd824e1b8c5a424512cef7b848084332adf8ad11040ddc8e8b,545fefa6cefc0777b4a81adb4e930561,0693b37a931b1b84bf8e6ef37b35b58666e9b7fd,%LOCALAPPDATA%\microsoft\windowsupdate\cache\wu_20260116_fe7f0d46@27\crashreport.dll,1/12/26,Fuet Corp.,7D0FA22D5E5F69EA34350A46FE01289F
0c7a6b7634561d04a0deaa9c264753130f8b61f55516f76ffbfde65d42e67ecc,96596e7af9bfcec3e7a00669b83a33e8,bc3e269834a3e5b87f746740b7fbb0cf4bad9d5b,PortierVision_PDI.exe,1/12/26,Portier Global Pty Ltd,4824B75744F606DCEEF3A06D638FFDA2
2d29c3c79963e9548358d9ba2fa317b5b4d4c28e4e52f1d0776ccdcc1047cd5c,39f0c22e31399d5acde5c5a61310231c,0dd487810d70ca4516dba48680b622d84cb97ef9,/home/petik/ss/malware/2026-01-14_39f0c22e31399d5acde5c5a61310231c_coinminer_elex_hijackloader_icedid,1/12/26,Shi Hu,33DB6C7028FCF6AFB84646806433D226
0abb2e5de298fea3156c51c9fbf927ff8af7113224adb9b6721640b1c9ca9908,8e58de649af50014978ea538c27d09c6,d7d3a145f5b610f9a9858ee85e39e037e9965d78,/home/petik/ss/malware/2026-01-13_8e58de649af50014978ea538c27d09c6_coinminer_elex_hijackloader_icedid,1/12/26,Shi Hu,33DB6C7028FCF6AFB84646806433D226
c52c268f76030ee94a0897cfd956f92b47fd9ebc28528bd8dbd46ac62d857d56,1ba07a487f84f4dfc491981de270bf87,61880f2875bd501713b6923589d26af10e3e23cd,/home/petik/ss/malware/2026-01-13_1ba07a487f84f4dfc491981de270bf87_coinminer_elex_hijackloader_icedid,1/12/26,Shi Hu,33DB6C7028FCF6AFB84646806433D226
1afb97681b399515703868d4a96b55bc0fab3aaca2b1b7acca6f1c8ded0677a1,c20d505ad3f3febd55b6cc1723e6bb5a,a432b1950af8a8f582922daadbdf7cb65c4da2ce,IEXPRESS.dll,1/12/26,Jin Chen,134216E462B8FC279A7AF7382F45F3D3
f7d133a1fe5febb0e3fafaade59310a20f60e38f17331f1043956e8e3a3ca770,7a939be54e25ef821d423a4d6c96929d,9970ee011fac642fa712d42f4357a2c37d0355cc,Fuet Corp.exe,1/13/26,Fuet Corp.,7D0FA22D5E5F69EA34350A46FE01289F
21d1ad88ddb9cd214af49a72545b76bb49b01296eb667df4df5220f6ec6c5069,c00a6a203370d3a764aa94363eb8568c,88df062b800414af8a0014c6d6756c02bc871f91,dttcodexgigas.bdbf37fd5b141e425e48377ade2f2e8257c6dbc3.exe,1/14/26,Shi Hu,33DB6C7028FCF6AFB84646806433D226
5f4f326f5e7e042ad34bfa2beaf6ffb7b66b16e078ea87271fdffdd9017458cb,8385d4ed58e428b43ae51e4484a2abf0,bdbf37fd5b141e425e48377ade2f2e8257c6dbc3,dttcodexgigas.bdbf37fd5b141e425e48377ade2f2e8257c6dbc3,1/14/26,Shi Hu,33DB6C7028FCF6AFB84646806433D226
8cbad81a1b70c6bca9beafe0d2bb6e93fbc965d7a4256ce9128f6538ed52ae26,7dabef65faee8bd10eccc6cc037a0fae,02e80989636943e6749004ec12308e42be089d1f,b46fac28526ce543c67294bb9e586c1f0d3450fce8bd3e1e34c176f631d81dce.exe,1/14/26,Shi Hu,33DB6C7028FCF6AFB84646806433D226
b46fac28526ce543c67294bb9e586c1f0d3450fce8bd3e1e34c176f631d81dce,19ab897552a29490ed4b631fa6b0374f,d84dccdea031ad05d2cc02a6ed688e2971af192c,/home/petik/ss/malware/2026-01-14_19ab897552a29490ed4b631fa6b0374f_coinminer_elex_hijackloader_icedid,1/14/26,Shi Hu,33DB6C7028FCF6AFB84646806433D226
e2be5df1045a6162e920f8b0f804ab9c6631071b59d730857bb1a9af6cf2e5d0,2135fd71385ea8dbca5baa33a3082a89,5bb32998de94262cd863a076d67f9af984fe8693,2135fd71385ea8dbca5baa33a3082a89_529ca2fe32f14291a7f5fe6f2b0ea5e6.exe,1/14/26,"Yangzhou Dadaxing Internet Information Service Co., Ltd.",567E1FA7B741E453DEE4CBFAAD7D8062
0d0d6ac846c0118db3dd5a9de5ea1dfc405454aa2d95f6be8783801939ee6d4e,e1afe81c89fe3d29238b17eb704f3519,015ffeb5b423e30c8711024a7a2c40a332d7f599,2026-01-16_e1afe81c89fe3d29238b17eb704f3519_coinminer_elex_hijackloader_icedid,1/16/26,Shi Hu,33DB6C7028FCF6AFB84646806433D226
f871f59618c9d4bf9d39cd8e7c2784bb6a2c37678d9e0630602830cdad14186a,30917b5abb991df495827a9d7c7ebcbc,cdfefba9d3b684fffe3f7c3e20427342e1d96c4f,%LOCALAPPDATA%\microsoft\windowsupdate\cache\wu_20260128_f71fa35c@27\crashreport.dll,1/17/26,Portier Global Pty Ltd,4824B75744F606DCEEF3A06D638FFDA2
f1a9b7ca2235fc2c7642fff339782a184835ed6ab0d971690c079bbefc9a85c5,576514b58e494becadc0f16d28390936,27b7b80a77438aa949a0f34093f70b0584617f64,Fuet Corp.exe,1/17/26,Portier Global Pty Ltd,4824B75744F606DCEEF3A06D638FFDA2
871b438771c3560a366febc4a6648b28aee2897a7c79facc518c9fbd7e4681b5,2017498aa2a45bbbe36ec1273fe435da,a3c5208458e80dbb83a796ecb06c0bcd3a428dce,Fuet Corp.exe,1/18/26,Portier Global Pty Ltd,4824B75744F606DCEEF3A06D638FFDA2
2f9d518efcac496371e61c14b80c89db43fc77b40fe451c30cc09b54b1478d5c,da45fb663a452034eb23b2f27e11c0ed,ed3b1f168b93ac44beca6c9329d53bae3f0ca6ea,SteamSetup.exe,1/19/26,山西荣升源科贸有限公司,04EB8615F356CF0F5BF4DBCD08238DA4
1026e1df10b70fc7e77150caae7482370676d82f78d6e440c269925af18957e4,a9b75dcf502593a6f0ef47a3cebb4822,af9b6fae2bf228e42b7eba83a32775b08bc9958e,Fuet Corp.exe,1/20/26,Portier Global Pty Ltd,4824B75744F606DCEEF3A06D638FFDA2
097b38cef99feeb4d5acc40f6c204d83b49a1a4550038b88fd3572bd6c082be9,923f90e032ed3049f230ac57e6ec823b,8fb3c27bfca4d8801d59e82314ae46fc48fbe176,923f90e032ed3049f230ac57e6ec823b_806fe3abb6d45d41658731d65b6f6fe5.exe,1/20/26,"Yangzhou Dadaxing Internet Information Service Co., Ltd.",567E1FA7B741E453DEE4CBFAAD7D8062
6c58be97783c8706f67d81b90d96f925dac51c1f76c487812e04fc1bb4f0ff5a,b9bc1efc71a7ab3222cb25f209fc2d21,b86ce4af906b43002a3a038b1279862e9e9353ce,C:\Users\Administrator\Desktop\?????????_v4.5.2.0116.exe,1/21/26,Keroro Software LLC,0A04CAF1BB3BC17A33C6E155EC4F5883
4bb0ab993f57963362ca1c4ab45813414f45c04ea10c56654c8421c72975adbc,4bbe7d94b1fa5fcc47fbca57061319bf,4325cf5d550837d9d60d329f779f66aa0e4ba088,/home/petik/ss/malware/2026-01-23_4bbe7d94b1fa5fcc47fbca57061319bf_coinminer_elex_hijackloader_icedid,1/21/26,Shi Hu,33DB6C7028FCF6AFB84646806433D226
d791ee37a7cce09764ec9bc3a4d02f79ce5fc2137a9a857ebfd1b3886a8ed096,c8f0825fbb4e1c1c5bb7c4dfca3d4dc1,aea2c6df0162a7fee2b945f02e08a5ec2d18cbee,/home/petik/ss/malware/2026-01-21_c8f0825fbb4e1c1c5bb7c4dfca3d4dc1_coinminer_elex_hijackloader_icedid,1/21/26,Shi Hu,33DB6C7028FCF6AFB84646806433D226
c087d09c054598cff10a1f57b4defaab900e5d9977b22de9b382a4d2fe014877,1d78b55361a0b080a24fc7843dc5a085,248399129e96c98ab08a2aea9918c1333ea7c461,C:\Windows\usbcon01.dat,1/22/26,山西荣升源科贸有限公司,04EB8615F356CF0F5BF4DBCD08238DA4
3911fffa78be9e03d0abd9ff6fe477c5d772b4448e0bb6834eea056264d21778,771eb1b7fe47fea31e20748c343d8937,b586314ccd2be4370dec3a5e58a787edca1dcaf0,/home/petik/ss/malware/2026-01-22_771eb1b7fe47fea31e20748c343d8937_coinminer_elex_hijackloader_icedid,1/22/26,Shi Hu,33DB6C7028FCF6AFB84646806433D226
b693d6890634ab554ae7359a6189249b17e90f56346b7ef7f353669048b4ad54,6d11a01de403baf4db00e79287436691,aada182e015060a7275958e1ea5bf381959c54be,File.dll,1/23/26,"Hangzhou Saifan Technology Co., Ltd.",0DB8378E7C5F330A988848572F290434
b7ce0d3a44ce0e076a168db1de38d1c5df69b9ca5b6df26ae3b87222cc59cc7e,f98304a691f5f334cb498e16c83a5d15,7d8da22136b92dbbd5d8645e2fcc3edc56a72b26,3a439155-4d28-4d04-8e23-ffaccb946c32_HobbyPark Servo Config Tools.exe,1/25/26,Keroro Software LLC,0A04CAF1BB3BC17A33C6E155EC4F5883
c878f5752132fa53df3e72d4e9c6feafa4f1608fff73da1373b480c3f33cab1d,80b3d10735a51d3f7519a8029daf8b0a,392a22517e402dd549d568fbc540a38be5b84d7b,help.exe,1/26/26,"Hangzhou Saifan Technology Co., Ltd.",0DB8378E7C5F330A988848572F290434
c3ae869d24dab6203778b6e3e1bf44f80a5e010087331641559386450709b726,38f53da88afec046706f0633d47357a9,baa5ad8a79fe60e6159d8b7459d125802296df76,%E4%B8%80%E9%94%AE%E5%85%B3%E9%97%ADWindows%E5%86%85%E6%A0%B8%E9%9A%94%E7%A6%BB.exe,1/31/26,山西荣升源科贸有限公司,04EB8615F356CF0F5BF4DBCD08238DA4
c6ae1385b8eaa44a8de23551a82cdfdb0cecc55b6f9e387a9976c05c0afeecf8,4d12c383dc40ec6e19da5cfa198cf814,2f02222107a816c380ee053dd3e0c89241b0bb81,Activation.exe,1/31/26,山西荣升源科贸有限公司,04EB8615F356CF0F5BF4DBCD08238DA4
e0ddf39c8779e658b40356f537b903ea93530f0edf5d6c7415abc2df161e1f65,f66da51522ad2b800ca8a27296ab9feb,086d30a532fbf71ceb1b1960fc566e8d66e72ba1,%E5%88%A0%E9%99%A4PE.exe,1/31/26,山西荣升源科贸有限公司,04EB8615F356CF0F5BF4DBCD08238DA4
48d3d94c74db62d8f7e529c36decc08ec7e1eec81919a85923c301e8b9a64a6f,8a972163532f5115701800c8a5a3946a,6bb2a177e10d4d8bcfcb051842245243ce2cd8b3,GBSD.exe,1/31/26,山西荣升源科贸有限公司,04EB8615F356CF0F5BF4DBCD08238DA4
379d98203c77e714e34d1377ba176d1a54e64a0731bbd9a68df8a08240b49d8a,5c403329754aae85679f88451adc849d,6da41e4f2ec4fc7faf314c42d9bd117e8bd18418,%E4%BC%AA%E8%A3%85%E7%B3%BB%E7%BB%9F.exe,2/1/26,山西荣升源科贸有限公司,04EB8615F356CF0F5BF4DBCD08238DA4
116719ecd917d04b71840f868419fbd262e9f7e11cfb94cd40fceac2c014a454,7f37e5001db6815db49ea19ad3d7b308,acd4e133cef0d92f97e6e383941f453dd5e5a6cc,,2/1/26,山西荣升源科贸有限公司,04EB8615F356CF0F5BF4DBCD08238DA4
c6d206b860049c5a0b8081221a29ac4671eae52e841b5eb165730002997c3bab,95e824933769e32639c4176e895d5d9b,6c190c5713d55e4691c5d26f175c1e0ac07431e2,CPU Server.exe,2/5/26,Keroro Software LLC,0A04CAF1BB3BC17A33C6E155EC4F5883
a9f9235117e2454f8268c7451ed873474da67cee814b15931277cf17c644ed79,905c9ef57365286a5bae86149489829a,9cef8f140596051bcbd79affaedc3b90a7c979b8,Castuo_Pro_1.1.3.exe,2/6/26,PAPER & COTTON LTD,4C1CC72FD82F65C0089C202D
dc65bbe37bd1883f0911b5eda06ac32df96438ad1a154a5916763528e3dfd03e,8e12d4022a216d813052e1299727fc7c,7ce143ad5e8f560839e08d39b5f22bf8b756f681,Windows超级管理器 9.50 单文件版.exe,2/7/26,Keroro Software LLC,0A04CAF1BB3BC17A33C6E155EC4F5883
2395bd43440d70cab9c7a1d4ffac92e7d1fad3138049dff2fd868f87aa3d8227,c1da28dc506855b8c2ed3e3cd9ab615b,8243e50a7030cb1c63685feac6270c9cedceaf47,C:\Windows\d6x9z3hs.exe,2/9/26,Keroro Software LLC,0A04CAF1BB3BC17A33C6E155EC4F5883
aabbbb466b851d1eb33155abfe5f48019a031a953a20f94c63706e6095bdf545,85cc716e17036311c87058c0b7f5e490,982f20de96def9a1a43c48fd4506ab27b516e378,C:\Windows\9yjtaw23p.exe,2/9/26,Keroro Software LLC,0A04CAF1BB3BC17A33C6E155EC4F5883
097fa11178fd993b8d9cca874a49db61e15565dc4128ea7b338234d0c1893e38,84db9953af2d3c9a8aa22216909ebf45,577d287e2027203d4d18f68f1aeaa34b9c61a9ef,C:\Windows\98hem.exe,2/9/26,Keroro Software LLC,0A04CAF1BB3BC17A33C6E155EC4F5883
5b7aa8edd23f2df2d6116b047e09746839136d7de33e6260fd4cdcd9eb4b941a,3934450dcf981b58977b9bfc8fb1884c,f10b392467bcec79dba3a2156257c3f6a1d2ba4b,D:\auto_black_abuse\resources\unzipped\20260212_013433_2026-02-09\5b7aa8edd23f2df2d6116b047e09746839136d7de33e6260fd4cdcd9eb4b941a.exe,2/9/26,"Yangzhou Dadaxing Internet Information Service Co., Ltd.",567E1FA7B741E453DEE4CBFAAD7D8062
b9729cbf0aac83e043e544c2229da9e06b3bd2a95db7ab7a892286f40f8e4764,e2c56b88c9ab8f092f30af0d90ae8dac,136f419694854b75cfd0fb25de59c6fa314a88ef,Monitor.dll,2/12/26,Keroro Software LLC,0A04CAF1BB3BC17A33C6E155EC4F5883
45d177fb552f52d54c3f82aa9634e9af0ea4abf8939b70313989d1a7860818e9,f001b511c3863ca4273e717d0e3dfac1,1b92724655c27e46f27e79681fe37725a425b18b,,2/13/26,PAPER & COTTON LTD,4C1CC72FD82F65C0089C202D
86dab190e8727fb0aec4dea4c9099a2151c2576b328efe5407c9051c76e324f6,e7e76c84ae8080a42699deddce3b3421,9a6ff35cab78214c84489e9ed68484c7f58c2d3f,epjava.exe,2/15/26,Keroro Software LLC,0A04CAF1BB3BC17A33C6E155EC4F5883
d420ff98a0ec6dd1efe0a161b1101d08c29a3dbbbcab10512bfbb70b7a73a7d2,f96414a67754d71033804b26f372cc94,0b947b4c33433698a3748c3883e8d571e64c19d2,/home/petik/ss/malware/2026-02-17_f96414a67754d71033804b26f372cc94_cobalt-strike_coinminer_elex_emotet_glassworm_hijackloader_icedid_luca-stealer_njrat_remcos_stealc_vidar,2/16/26,Keroro Software LLC,0A04CAF1BB3BC17A33C6E155EC4F5883
3583e9bf6ff5cfe90c640777b30d7f1c1d80a0afc3674542b42ad63fa7b3371e,5084f2da61cdb09a966e3138af234221,6bdaca2da76abad6d649d6e747bade7fbc6d727e,/home/petik/ss/malware/2026-02-17_5084f2da61cdb09a966e3138af234221_cobalt-strike_elex_emotet_glassworm_hijackloader_icedid_luca-stealer_njrat_remcos_stealc_vidar,2/16/26,Keroro Software LLC,0A04CAF1BB3BC17A33C6E155EC4F5883
c735bc6402ae7e3addb112c965170302ae7ebe5d35a58a0b6c8c6bc2623f5dc9,efbe94c630f032e23eb6ed6d0446c2ba,df93ba0df7e2ae801d8e2fae4a5d79e013273073,Castuo_Pro_1.2.0.exe,2/17/26,PAPER & COTTON LTD,4C1CC72FD82F65C0089C202D
2dd6e1b7269ae9148cc8fdb927015518d0be90a85cf2035c5cf2138613192020,6ef141847a096b0d3995d8dcba772295,45aba181c392f1b783334aaf330b79441507f46f,/home/petik/ss/malware/2026-02-17_6ef141847a096b0d3995d8dcba772295_coinminer_elex_emotet_glassworm_icedid_poet-rat_remcos_wannacry,2/17/26,Keroro Software LLC,0A04CAF1BB3BC17A33C6E155EC4F5883
a22ba497ee49d165219035a861c9b7ef4bec4827a935d9927d0fbb1ce5e86b1d,f0ef423830c2430b7de84203b7b9b90c,1452a43bd7e53d39e69c04ffea1831171ea5908f,vibran.dll,2/18/26,"Hangzhou Saifan Technology Co., Ltd.",0DB8378E7C5F330A988848572F290434
1c1c4c38168faca28f367dfa804f2aa2a005627d2b0523b0a344e59808d35db3,e035366309d2e3b62c03db34e15850ca,ead8f1a4fd3cd03ac80013f85b2286b67494ac8e,trfopt.dll,2/18/26,"Hangzhou Saifan Technology Co., Ltd.",0DB8378E7C5F330A988848572F290434
ed92174fb56681690311f100753271dc112b975ca34896d08c3ef0c2855cffbf,b3c9391834ea140e92109239481da699,ead5909ba183d7172b13bdd9baf24415747c9f30,cheano64.dll,2/18/26,"Hangzhou Saifan Technology Co., Ltd.",0DB8378E7C5F330A988848572F290434
4096fb58b71916459fdc05d25e19ca95b7dd7bd0708353f253459ac6014cff06,23905d585d760ef81c5faae9aff31eed,25a83938e6847cc979d1aac8459d41e8a9d0cfb3,5ESafeClient.dll,2/18/26,"Hangzhou Saifan Technology Co., Ltd.",0DB8378E7C5F330A988848572F290434
db9430a622a96468499858902de69e7b84316cdea542d5fae4907ec9a83c2394,46707607403822891c56b681ed5b7fc2,5646fc1288fb74608bc755d1ca70e3369d589b90,Bucky64.exe,2/18/26,"Hangzhou Saifan Technology Co., Ltd.",0DB8378E7C5F330A988848572F290434
325bcc77cb42ef310f40e8c72df4f32f31df13c426f27d9b7d95d99c6118ed45,af63475e7dbb3ccd32968a6b873b169b,90d87e891bc8d8d973777723cacea0fd91d421af,Aga.Controls.dll,2/27/26,Keroro Software LLC,0A04CAF1BB3BC17A33C6E155EC4F5883
29398f4e31b244045dedef5fdd56f2f926507619170525049c3e1c3d87ade7f3,cbfe18833239b3f6edc98586cee2e4e5,511808e4da63ba856143b58a0f3c7cf908cd8803,AxGlyph_Setup_Win_en.exe,2/28/26,Keroro Software LLC,0A04CAF1BB3BC17A33C6E155EC4F5883
bfae451dd3087fbd3a56c949086c825d78226190ffed5de6f8e0b8ac2bafebeb,09c185767c67d531d81725038c40ea12,29e519b4bd637ec054dd8437084df1a982ef39ac,,2/28/26,"Hangzhou Saifan Technology Co., Ltd.",0DB8378E7C5F330A988848572F290434
7dc75fbf0e40d6ab090119e934e28d0f1bf272c2aac8cc0c9617608562d14bdc,27b97a6155627228a6237d6395ba8a9e,f96f03faab74fca78d13c0e6ddae43cf961f7acf,updats.exe,3/4/26,"Eugene Investment & Securities Co.,Ltd",0497D45997C350D2867A7764017C3F3F
a4c9176d29dec775aa41079cd4d3e37f7281fcfedb12e2504bd0db21b56638d6,14682833634cd6e91b282e00710baf3a,ff20c653f8f2ebedfd4f35de1c7fa6240f3d0e4c,Feedback.exe,3/4/26,"Xiamen Tuochao Software Development Co., Ltd.",009C32E4F7CE30CE6283084B355EC9FBAF
848507853b02e04494a7a3086a9cd01da038f4cea8ae1729cc6ed1297cbd1a4a,4858a6b972350ea1fed6c365f46bed87,3093c8de5e1ca06126553ea863dc97c0c53ad397,Fuet Corp.exe,3/4/26,"Xiamen Tuochao Software Development Co., Ltd.",009C32E4F7CE30CE6283084B355EC9FBAF
551006be1d93d5c26f5eb7596b471756350d31fad728c708d52a88b6bc3f82f3,456a4d90e78c8ecc80d13bce893508a8,6c1a0697bc48a4f6b0f35cbfd210fec052a36ecb,Feedback.exe,3/6/26,"Xiamen Wuan Network Technology Co., Ltd.",00EFCDE65B00EF4F8F30A7D043BAE2AE88
bddd6923f088a7a6847237b420c118473ab418d4de2772a35991402d5b0ab0e8,e8463de5a8ad78a8707dc40b0c644309,7f6f867bdd3e2ffce4ea5f2c1de702a436b7c7ba,D:\auto_black_abuse\resources\unzipped\20260310_033540_2026-03-07\bddd6923f088a7a6847237b420c118473ab418d4de2772a35991402d5b0ab0e8.exe,3/6/26,武汉市芙樾琳网络科技有限公司,49A710D6C41DA0A7CAC7F97A
86c527669f508a1d63fa33ddbb7488b26858f17283cf64d6eb1a2f2846aee798,b7ca32438c974e6a8c67e18987af3607,49dd33531637b27b6956a2e900fa2f319e7f5737,Feedback.exe,3/7/26,"Xiamen Limi Network Technology Co., Ltd.",24C1C7BD23D4D568C91241E510602337
b192ebc22b0b0f14c45be37c6c87d262b74b22b1dca6a7ffade4faa8e8dc4005,ddcea240d979f54eb7f3f696417d2212,d61a6751b8ebc2b2a986e6415ddcf4c73877d661,C:\Users\user\AppData\Local\Microsoft\WindowsUpdate\Cache\WU_20260308_b8ad6077@27\crashreport.dll,3/7/26,"Xiamen Wuan Network Technology Co., Ltd.",00EFCDE65B00EF4F8F30A7D043BAE2AE88
22354b8119261a765e1d68440e416e4c91c7d0a368bc8a896677f793e7417ca8,53c872fee831edffe199a909efb72bd2,374e3f2ed2439c4a2af700f2f728d4d8c52d8719,iTour_Subtitle_1.0.7.1.exe,3/8/26,合肥亲爱的译官信息科技有限公司,74B936AB655DB6CA62761A5C
00dd0e37045462145c9101cec45c6bd21aa4151109c4307ce8811525b6b69553,f73bd625cc2a1aa7d6d3984685a0e0e7,b40f21ff88e72b9750938540e8bcd45bb6a22e6f,SC_Starter.exe,3/8/26,Keroro Software LLC,0A04CAF1BB3BC17A33C6E155EC4F5883
873903b4f783c2d4f901b84a8863df6ea51fa7236b635c62f0862ea68f050695,9bf1128f09c651df16ae51dc46fee0ee,a909891e328f0ac43ff05d72b2b2e21dbc83de36,workspaces.dll,3/8/26,"Xiamen Limi Network Technology Co., Ltd.",24C1C7BD23D4D568C91241E510602337
a023f1f5b1f448ffebae4e5e44ab8e6bfbe3fe85d7fcaed81fccc89cd2e52bce,5c59333bf56665269c4f135b6aed74e9,29f5358ffa97eac9b249418d40fbf4435bc07e77,Feedback.exe,3/8/26,"Xiamen Limi Network Technology Co., Ltd.",24C1C7BD23D4D568C91241E510602337
80cf85302ccf963d663b86a49415c42ca2ee368ae1a304247e836412409e9d27,46ed59049856f1d59cec3e942b4c2820,5ca00e0adc00707b2a49c200094ef0231501c6ed,Feedback.exe,3/8/26,"Xiamen Limi Network Technology Co., Ltd.",24C1C7BD23D4D568C91241E510602337
6b47432078d607062c61135c4a2e34d602249b6a6fc58ca6771d66a415f4cca2,a70e47fb388113c4abd183f8c0b08db0,8b7487bdcf96f2dc23f97e412cc63d7b6b4e2edc,Feedback.exe,3/8/26,"Xiamen Limi Network Technology Co., Ltd.",24C1C7BD23D4D568C91241E510602337
a769eaa070125ad38353b41c7afa3eff42d8df87e88051c9b1bf8b09c6f602cd,b77e5f7b14ad16c90e4c6ff62bd210ec,2169acc0ca2578ef30bc1675f6b39f4f552f37d7,Feedback.exe,3/8/26,"Xiamen Limi Network Technology Co., Ltd.",24C1C7BD23D4D568C91241E510602337
16bd29898f8a2216e62fc05e915e2d3d35c51cfa559bac9f6d3e4028a3fecd11,616dd5cc6de7e56a199554842b39d342,438388b526f450dbbe59538944c3999693be2acc,%PUBLIC%\test05\kwpswnsserver\is-745vh.tmp,3/8/26,武汉市芙樾琳网络科技有限公司,49A710D6C41DA0A7CAC7F97A
4fd8a7a832833ec15aef36f4aa2f19b13195c1e41e0caa8a5d5e7b4ef1480f34,771007b4f44940d6888fe3b762937670,d211715d2111a830316bb67520525978d6e2b6c3,,3/9/26,Keroro Software LLC,0A04CAF1BB3BC17A33C6E155EC4F5883
540ffd1efc5d000095af50a277c4af8926694fe50846f39bc3ad53dc9a78a878,2e3c14905ca92277f5afee2f801601a0,969a6eeb2b57cf1e6533d9cda83dd0924c9269cf,crashreport.dll,3/9/26,"Xiamen Limi Network Technology Co., Ltd.",24C1C7BD23D4D568C91241E510602337
3d90f65a292902623f272e2ffb9c7aff50e33b5238c7005edb14c8cc3f7dac6a,13f3328e0af821e079f19620df4ef8b7,df6a70ebf016d560c2bf9b9c7eb2b4541ad5b59b,Feedback.exe,3/9/26,"Xiamen Sihai Rongchuang Network Technology Co., Ltd.",45D3E97BAEE6E4057EF4FA680CAF010D
82447740e38310f28c47a61c7cb743dfa075d4194bb5588812a08895e02c89ea,3b2d57a3dbb86f6a2d9dd5b43d78967e,98d893a751fa878d4d97e0bd69df7193abbac35d,Feedback.exe,3/9/26,"Xiamen Sihai Rongchuang Network Technology Co., Ltd.",45D3E97BAEE6E4057EF4FA680CAF010D
7b7eea76cb5309e373089984f77d914d7c5026e0019821c9ef5858c2a2ebafcb,9c1d211bdfd0b6f77f59a1241890d7f4,58c626940b44684bd9d83327f993bd197e32309b,クリックして閲覧.exe,3/9/26,武汉市芙樾琳网络科技有限公司,49A710D6C41DA0A7CAC7F97A
2018af3e5940f222ae1e530d1a8c50faae66c70386a814513f0e5af3972952ed,6d828108042fdbbe39dba1368c0a2401,cf44f2333c9b72ad18b384d76feda2e1ddc720b5,crashreport.dll,3/10/26,"Xiamen Sihai Rongchuang Network Technology Co., Ltd.",45D3E97BAEE6E4057EF4FA680CAF010D
3c3980e8f61882e50637230e20d1ace08bfff915e0533a4cfe1fef1de98c0325,befff1dda499f9c324202917405cfc9f,660a78b9e146fafa680cf37e4ce788e002321a78,newchromelevator_x64.exe,3/10/26,"Xiamen Sihai Rongchuang Network Technology Co., Ltd.",45D3E97BAEE6E4057EF4FA680CAF010D
f29858f51189b527a861614059e50df16faa9552f77a69b8410f8bf818c15b4e,e69cd9468b8e594294179aadb2392827,bf52f12634afd959541b98f320f7b93025c7a072,Feedback.exe,3/10/26,"Xiamen Sihai Rongchuang Network Technology Co., Ltd.",45D3E97BAEE6E4057EF4FA680CAF010D
db85bc9b9d45ffeeca96ee769b0c681675ff8659bbd80440547c2eeb35da83a3,3a24ef2416189debc4eb61971283d414,9bd5eeb4f7cfc2a789be2065963637b707e9ffcf,Feedback.exe,3/10/26,"Xiamen Sihai Rongchuang Network Technology Co., Ltd.",45D3E97BAEE6E4057EF4FA680CAF010D
261ee983b3d1d9149791a6efbd9b5f63fac3c210235a8c36e9e7c7e56dabf0f9,08e18862574078fa79f00048edd9b139,3377df5de4819b82559b363c12e36b32e3cce6f2,%PUBLIC%\test05\kwpswnsserver\is-6b4ge.tmp,3/10/26,武汉市芙樾琳网络科技有限公司,49A710D6C41DA0A7CAC7F97A
92735cb7f3d3a35a1a04ad86ee630f9e47fb6766c1da1aafa3f1b892a5447f76,3e66e5037379519f4800a5af408fad2b,223495f3cb7c66301aef4595fb5a96fe60d29c73,vcruntime140.dll,3/10/26,武汉市芙樾琳网络科技有限公司,49A710D6C41DA0A7CAC7F97A
8f7acf3ddb8cea7d19dca72dd0f125a41b2eb5930576c7191e2468044ef44e82,4b63e0ee877311ae917c33c53cc6958e,92493866941dd6584711b65023cd91a75b7dbcbb,クリックして閲覧.exe,3/10/26,武汉市芙樾琳网络科技有限公司,49A710D6C41DA0A7CAC7F97A
72c229baf23a09579a66f3121ced7038e1653158370ef0a4648cbc1a44c9d8a4,076babb6916747ed704fea207317a717,a47e7cdb8e879db170c354e7a12dd04fb2fff7ee,Feedback.exe,3/11/26,"Xinsiyi (Ningbo) Technology Co., Ltd.",2D6390A227DB381F5D8930952F2324A0
d6b96b68057e39d61ea0084885ef6541121d83c31b26b35b2f435bb7f8b59932,4e8daac6345125088a176a00ca9ede5f,e662938c7ca08b433a5ed871962cc9f7be477640,Feedback.exe,3/12/26,"Xinsiyi (Ningbo) Technology Co., Ltd.",2D6390A227DB381F5D8930952F2324A0
4a0cd46656ef9a074ddea25042495792d9f0a14eaf8418a054064eb84d984e9a,1f62942d54d2d34fa03fe4a2b6d8999a,dbdae506a3126e231264680c9cff87ca293935f1,Feedback.exe,3/12/26,"Xinsiyi (Ningbo) Technology Co., Ltd.",2D6390A227DB381F5D8930952F2324A0
d45e2cfdfc438ebf44c3b81e037ed2b59932ee63e29dbc6a3b8b72c26a7f9c8f,c08a57975f32f72fe785e44954cb7be6,1b571f20e0d1c36aa54b34f85a3771f3a914dde5,打包.exe,3/12/26,武汉市芙樾琳网络科技有限公司,49A710D6C41DA0A7CAC7F97A
9f991a5e4921d7db48f7a3d79afd41e65603cab771d66eae368c9c7583a672f4,55b8e1cb7755d3039efcb741f5871022,53f7713add8952f7ab14ee4e0a5761bb28301622,kwpswnsserver.exe,3/12/26,武汉市芙樾琳网络科技有限公司,49A710D6C41DA0A7CAC7F97A
db6a567ab7174530e73963af9ed92da6717210a5a26b6ddc56870e6b1ee34b92,561eed932d40a9d377fcfd271e3ee47b,be0881c069d83ecadcaafe0da593caf6fe051a4e,Feedback.exe,3/13/26,"Xinsiyi (Ningbo) Technology Co., Ltd.",2D6390A227DB381F5D8930952F2324A0
a8d911dd10c0abac0de077868ab455f1869f63cda456ecab048a1572c8d35e7f,f4e5a26167ca9b8515eef078e25c15f0,43c7c034b4a9d3b03751e17d0bb66cb111dda69f,images.exe,3/16/26,"Xiamen Lede Song Information Technology Co., Ltd.",00A5DFA3D16E72E4B9CA5FA3B9665C2805
e0ba6b57913ae6c29a18ccee23bdd17263f062bbdb25feef0ba43b23cd54d0f3,e982a368924d0dd920da528e47e2aaea,f0549f11caee1480428fca2fb92983f630796f02,images.exe,3/16/26,"Xiamen Lede Song Information Technology Co., Ltd.",00A5DFA3D16E72E4B9CA5FA3B9665C2805
f042b510f67620272140417df73d16136b2b0b15fb28145cd1f058ea40c282fc,1cfdc785402f160d5c4b6b6349a8f378,e5ff45f599ec0fdd5d1a4069fb9ec75ea16fe9c6,images.exe,3/18/26,"Xiamen Renxing Information Technology Co., Ltd.",00F085B0DB24FFD0E1E9998566D79E8342
7aca1f1bd08acf2416c4578186ce9c843ec364af5f1f3065d84969128f410cba,5e2f3961cdffb7bc6c9f8db6574ab9a5,61caedfa4076c7e7ec755aa7a4bcd4f3e43cc33a,18987888,3/19/26,Keroro Software LLC,0A04CAF1BB3BC17A33C6E155EC4F5883
98df5c4495e40ab8f91e0c5f80342f70bb64a7a259f6ec9746a45dc85e7a8322,1cbbc1a11bde652f17284c3c410c1a2f,693745eedb150cb1d632e231dfb5bad1455e9f90,images.exe,3/19/26,"Xiamen Renxing Information Technology Co., Ltd.",00F085B0DB24FFD0E1E9998566D79E8342
6e32515a25c6d486876172ac1993242ad8e785271bb8cbd5aa332fc8f6329888,2489c700fe3020962d2aed71edd027b5,5451f6d73783df4775f63863c3aadfe9e4116490,images.exe,3/19/26,"Xiamen Renxing Information Technology Co., Ltd.",00F085B0DB24FFD0E1E9998566D79E8342
12f5d5ad6b29051f68eed894ae607e6f2d6c9ba3024102129648712ff922aa01,505b645e8138a2a2091e3381dc620d48,e94fed92485ba47e96ee772bc3c549af027f28b3,クリックして閲覧.exe,3/19/26,武汉市芙樾琳网络科技有限公司,49A710D6C41DA0A7CAC7F97A
6fa5a7c42f0879f790a33ef93e4c044acc373aad237794ad813c604f772ba2c5,15022b0575b74fd72151b1276f772c8e,553d1a2a58fc9e66c354ee760a00a68a1a0c4fb6,images.exe,3/20/26,"Xiamen Lede Song Information Technology Co., Ltd.",00A5DFA3D16E72E4B9CA5FA3B9665C2805
308319f010d127aefd7e8bb917e6e84846d2b3371035dac203def50603f677ec,10d7ffe4284349733240e19e669f39cf,b5cb7d58b959693786c283349a96a7215adc6d9b,images.exe,3/20/26,"Xiamen Renxing Information Technology Co., Ltd.",00F085B0DB24FFD0E1E9998566D79E8342
59b08d36d3624dfe1e7de847fa5959b2cb75e8af39866e1167e6e85877c7ca68,b062ed52815dda244c742aa60b55690e,c825ce34b62d55a352792e6da9d30ed8de8a27d9,b062ed52815dda244c742aa60b55690e.exe,3/24/26,山西荣升源科贸有限公司,04EB8615F356CF0F5BF4DBCD08238DA4
db11c1ce860919f73e92fd546c0c5de873aa7ad13ebfd009f323d822613bd31d,a9a451684d804692f3fc097c73fb1e5a,a19ea91d6a585d68a4f86bc8c75cf39f4da0730b,crashreport.dll,3/24/26,"Xiamen Renxing Information Technology Co., Ltd.",00FE609B027105AECAB13FBDAC0DCAC73A
20d464c18acdcf2f6d0bde76594146eedd97a8c2a61b0067e6a406408a81f66c,f15c16ce790bec20cfecff8e8dde740d,a9d19f707c9b2e57fa0c7982bd6569d9610f1d35,chrome.dll,3/25/26,"Eugene Investment & Securities Co.,Ltd",0497D45997C350D2867A7764017C3F3F
a8b70ebeced15cef2896070fd8cacf3a9e62a59a2128f14613d371e438f44a9e,be3c9cff255ca8020ff8e9191ce18078,666ccaca0e444cb2e7128a00c3a08cf694ee8c5b,v1.exe,3/26/26,"Eugene Investment & Securities Co.,Ltd",0497D45997C350D2867A7764017C3F3F
22a2910e74a8ad188619c34e16845257260500c3b640111df1b82b8543f6ed73,d9ec312ec2fec5bc33a68f133e816b05,3f61f550ca960f03619d80bd1a7a8013e8c23648,C:\Windows\qvagqkyf.exe,3/26/26,山西荣升源科贸有限公司,04EB8615F356CF0F5BF4DBCD08238DA4
42da11414b6c3099d710f2f8dcb2bf7e76bbfad3c4d835ce123fde29fe305a64,a8155887a2b893a54f749939ec794a81,0a3bcef471d29de200b35f616d57ea1bfd4ea35c,v1.exe,3/26/26,SIMPLE S.A.,1144335932C394E43644A300BF7A746F
03262ae553984199273d81204e270bc9ec267e3f072154ac708e542665b58a8c,fdb69deb6410cfd1e27bc8cb10883dd7,e8fc94459d4d8546d8b05b0f8d5e353fc7fda237,v1.exe,3/26/26,SIMPLE S.A.,1144335932C394E43644A300BF7A746F
99e8452f6b0cefa1a218e93c76a66c0b38c9da20146fb1f49c6fdda83d9fdc6f,f5011ce2477fdde4cdb7f0f3a0df1ecf,0ef0eb5e55082108b6abac7cac5e16933f6135a7,WinIo64.sys,3/26/26,"Xiamen Renxing Information Technology Co., Ltd.",00FE609B027105AECAB13FBDAC0DCAC73A
a7c4549aac7ca0041caef0d14b8f3ae0030e602b7a2853b8a7ae39312eed5482,2c0e4806bdf7986ed47a50b3a1914186,bd1e385b99578d3b7312c815dc57c66a470896d2,D:\auto_black_abuse\resources\unzipped\20260522_033718_2026-05-19\a7c4549aac7ca0041caef0d14b8f3ae0030e602b7a2853b8a7ae39312eed5482.exe,3/26/26,武汉市阙桑翁科技有限公司,16E2CE36A3379CBF4103780925D01952
3dfb2d3495e720507d8b8f5380a3564252f7e9774825d816604a19c493612b2b,29fd67178ae941c91cf55898224f849b,6640493fd2f44eb0bc03fd31dde209b2bc8781c4,D:\auto_black_abuse\resources\unzipped\20260522_033718_2026-05-19\3dfb2d3495e720507d8b8f5380a3564252f7e9774825d816604a19c493612b2b.exe,3/26/26,武汉市阙桑翁科技有限公司,16E2CE36A3379CBF4103780925D01952
57ca24d9ee58a6859038c990d57149bca6bc35adc6859b621b26700a7e3e7083,3af6aa5c256f297881d25fc2cdbbb93c,c71ca87410960632da1bcce5f5c1edba72d24d56,C:\Windows\m0u6h7i4.exe,3/28/26,山西荣升源科贸有限公司,04EB8615F356CF0F5BF4DBCD08238DA4
35aaa4ff2a335d4cdea859fc7402cceb9c261dcd1e9b0542308b51a3033a37ed,9736db739eed5fb605a9c061c439f8af,0ae9ee504e382992c7f598dd090fb744529815be,crashreport.dll,3/28/26,"Xiamen Renxing Information Technology Co., Ltd.",00FE609B027105AECAB13FBDAC0DCAC73A
5bc87f1417c59f6d24aea0164ec60a983d219ddf572c01ff5e2908baa4c30cee,3e89aa3ab5c2ae34b108bc50e3336440,46889583dee2fbe36fe7813a32bb1d30780a7320,photo.exe,3/28/26,"Taiyuan Yuansu E-commerce Co., Ltd.",32A51E44B13F18E80C4C3D5F
4e96811c4ff4bf27d2f9e32fc7c74f2006604f12c60fc328976bbd3f7ef72493,79e1b7263b69ae2212d9cfe3f462dc23,da3644707a541a23cd83a48d37009b32fd4ed055,photo.exe,3/28/26,"Taiyuan Yuansu E-commerce Co., Ltd.",32A51E44B13F18E80C4C3D5F
862230807f82b8828b07f2f1c1ab1f7cc5a03a8efa428976d0b13415888ad3dc,710b36e28a770b9e93aca3c6b0785c84,36a9cf41a02d2cd5aac825da4ead6e2705f08f0c,photo.exe,3/28/26,"Taiyuan Yuansu E-commerce Co., Ltd.",32A51E44B13F18E80C4C3D5F
6ae9bbcac5af1c7c89e577121057d331e28c498a47a899fd5a7fd2ae54af7340,edd17f9091606c17da035b1c05f9b5f8,4e66af6f956a650dc3f20fa7463c1b47ecfb951e,%LOCALAPPDATA%\microsoft\windowsupdate\cache\wu_20260331_8e609c08@27\crashreport.dll,3/29/26,"Xiamen Renxing Information Technology Co., Ltd.",00FE609B027105AECAB13FBDAC0DCAC73A
72f236ac1074aaaab037b083b1ce01dbcd4ade4faeec0674ede2f7ce502d8091,78d5a9a39d57f38fb4ebf07781486349,aac43cc77ab475c2cc2e313cc3300008220f72e7,log.exe,3/29/26,"Taiyuan Yuansu E-commerce Co., Ltd.",32A51E44B13F18E80C4C3D5F
394d6af19047b74123ab2aa540beef606e356b126518489f6444a3a1dba274fe,36a7cbec1179de02527f35fe4582fb80,81b7603e4718a26a995f275efa45bcd42d687d81,crashreport.dll,3/31/26,"Xiamen Renxing Information Technology Co., Ltd.",00FE609B027105AECAB13FBDAC0DCAC73A
f715784257095099de83c708cfdbf28a994043c1c259d7b6294b6537c901220d,9b140ea7e0315684f114580989877eea,62d5fed908328681e3e0cb0c864c1d2fceafd3de,log.exe,3/31/26,"Xiamen Liuyong Information Technology Co., Ltd.",00831A7B254D0681288BEB3797AA141B77
04f4dde250db15de247e67ecd25134ab7e4512a77859589f4e979905685316c0,85e596bc08ac8e28887f0b40a4ec3064,9d3c257c150dc3581fcb7819e34566ee793405ba,cs.exe,3/31/26,"Xiamen Liuyong Information Technology Co., Ltd.",00831A7B254D0681288BEB3797AA141B77
f330851296897a36a359251cb0829e497813e274739553e3d043a70f5bbeaa6d,a2c7b5db1ccd579eba4d1791f23f6022,c31735acf9d4dd0a9901688e33af37de1886a379,cs.exe,3/31/26,"Xiamen Liuyong Information Technology Co., Ltd.",00831A7B254D0681288BEB3797AA141B77
7a91ff1286aba6857a45f092312fa14b767e751c28c23bd0511986badb4884ae,6a6e4e79ae349a8899e1fc4842f9ce14,f64ba652f2cf7d7965a06d13eb8ad517ea4158d1,cs.exe,3/31/26,"Xiamen Liuyong Information Technology Co., Ltd.",00831A7B254D0681288BEB3797AA141B77
6494f501758b431e6b68c84aaf4231ea763ec9f487ecbfe48114028656366f57,4c8afe909692ece80d19967486322863,0c4aa55a52b6cf6cb7a59cc5e094c6bf397c56cf,images.exe,4/1/26,"Xiamen Lede Song Information Technology Co., Ltd.",00A5DFA3D16E72E4B9CA5FA3B9665C2805
1d31059e584aa15e66cbf14839f55acc151519ec91971c3a66b3d5d7553bcef4,691125b510e35684db991b2ca673c5a8,7fcd1e2e11fa69b7cbe94f43a01548fa928f7cd8,images.exe,4/1/26,"Xiamen Lede Song Information Technology Co., Ltd.",00A5DFA3D16E72E4B9CA5FA3B9665C2805
833144d10e3b0787d11184c5bbb1d9b7dc29e90c2a8b12e87a78d5412670aa18,361c737a62f364194e70f5856b792d3e,8c2ef49fb4dde6bb6cf2e65dea47fe3df95ae28d,dttcodexgigas.8c2ef49fb4dde6bb6cf2e65dea47fe3df95ae28d,4/1/26,"Taiyuan Yuansu E-commerce Co., Ltd.",32A51E44B13F18E80C4C3D5F
ba29c3638198db9596c47a7131a13e65d151601f35fae13e6d390604c1b327fe,fa1ea90bc2d983ea7d63941a02b23772,df5b7708d3a8f13aa7847c9be5f09a40ab291050,cs.exe,4/1/26,"Xiamen Liuyong Information Technology Co., Ltd.",00831A7B254D0681288BEB3797AA141B77
b3c4e02ac95e2f47e23a4e5ec04e2fd03a9ad5a4667be3a15d82412b9697f305,906e614c56cda11b4cd12f4a865450bd,348306636167bca7cb173aefa1e8c2ee062e9fcc,crashreport.dll,4/1/26,"Xiamen Liuyong Information Technology Co., Ltd.",00831A7B254D0681288BEB3797AA141B77
7c995c884d4e3b0d38157c510bcc37cd7a8ca35ae24eb1ea0c7e52d76b8a7dca,5f1d50a35fc31260c37589950d914254,009de30e7ccf4f30fb7f735174958d364b7c51d4,D:\auto_black_abuse\resources\unzipped\20260405_033942_2026-04-02\7c995c884d4e3b0d38157c510bcc37cd7a8ca35ae24eb1ea0c7e52d76b8a7dca.exe,4/2/26,"Xiamen Dahonghuo Technology Co., Ltd.",38BF78674DA7DED94863D622BA150FDB
dd5b4c9ae54091e824791d3689ad7e1185fc823c11da6ff6144e736a05006d43,d36ac7078fa40092a64e2ec68d6af629,25e1d0e330a5fd5c01cb7cfd69538626a12df5b5,vhdx_backup.exe,4/3/26,Shi Hu,33DB6C7028FCF6AFB84646806433D226
8056135628805a2b37f991ff536f3884c80c85d4a9267108c16d38401d7563de,ef7d605ea6298049485d89d78174e1e8,20db089d90a2630b7e3cb3155160551ace9967b0,A1SysTest.exe,4/3/26,Shi Hu,33DB6C7028FCF6AFB84646806433D226
25867a90aa33a087b49c25d608933950ad84ae977155cfe5172c37fd22e855ef,5bc31a6d73187054d7331c219fcf4c7c,18fb5b1fa55d32aa0ebaa0ea2634aa7084e39600,crashreport.dll,4/4/26,"Xiamen Liuyong Information Technology Co., Ltd.",00831A7B254D0681288BEB3797AA141B77
49bf202136cb8751b91fbd92e2803eb96697c1bc8787162b2d57f142acff400b,79fe1a12374f2b8b95e012cfa6fc6dfc,fdcc847c20a859321e910790626dd159414d05e2,A1SysTest.exe,4/4/26,Shi Hu,33DB6C7028FCF6AFB84646806433D226
f07f18582ae64ec7d2f8cc9854dc299cd92cfd1b452b3ce63b4df85a255d8006,e3dbdaf85988b7140ec234468e01f739,70df64674d23dbdf99c99515113e40c1236ede08,A1SysTest.exe,4/4/26,Shi Hu,33DB6C7028FCF6AFB84646806433D226
c85911c6b8fa64bb84fe9a46c6f61e45c5aa8e47c73dfa839445a5037b1b43f9,c67d18d4590657ecaf6a6e5d56bb1b4e,b771147c2501d80fd44587d22f1a8ada41f81204,image2026040568.com,4/5/26,"Beijing 263 Enterprise Correspondence Co., Ltd.",03A4E330B16DED8C61AD0FB23ECB2E1A
d7121915d643fb80745bbfa0ab9425edcc9bc451e7117ec9a7be3b101af50d0a,d452baef1d3792590870e2f609ef1b8f,8a457e5041dabf1ee1cac1e70e719538c57c9867,D:\auto_black_abuse\resources\unzipped\20260408_033626_2026-04-05\d7121915d643fb80745bbfa0ab9425edcc9bc451e7117ec9a7be3b101af50d0a.exe,4/5/26,"Beijing 263 Enterprise Correspondence Co., Ltd.",03A4E330B16DED8C61AD0FB23ECB2E1A
85113d10061110c755626eec419703a57e82afebaf95064c83cf5d4c5c55193a,2a9cfae1039fcc214433222a5cc7d4c7,fab36ed43bc619c6e7afd03e7a51b2d956afb9e4,D:\auto_black_abuse\resources\unzipped\20260410_234336_2026-04-07\85113d10061110c755626eec419703a57e82afebaf95064c83cf5d4c5c55193a.exe,4/6/26,"MobSoft Co., Ltd",02ED93FDB6CFB33A477E218531F32922
5e841260983954da60716b99306a410898bca4d30c14626553205753f60a6d2f,477c521fe4d11e6fab07669f8fc6871c,f4a472703a1f660ee6ffbd5c63a550e3eda3ed29,TurboVPN.exe,4/6/26,INNOVATIVE CONNECTING PTE. LIMITED,06500EE65FFBFB6EA4F4B16AB6F910C6
8cbb6b35d2fa6989c816a16376ec4708ee112a38a91a18c9172a4890665ba208,f6fb34baed047ea41cc7be0217151ceb,62c9ee6d5d56dbfde8f5a12bb4cc3e0f57fb002d,OxyPlot.dll,4/7/26,Keroro Software LLC,0A04CAF1BB3BC17A33C6E155EC4F5883
4e6af9508cd830f754302481d7ea6bcac856f694511fed0f932b8ea88596a675,337c03a337567e9ab801f2c16cbb39cc,82505c5a957c8325b0eb41be5eaf8f28a8ca4f41,Newtonsoft.Json.dll,4/7/26,Keroro Software LLC,0A04CAF1BB3BC17A33C6E155EC4F5883
3f5dc139d7de72c460f106cf38d390a28c7c7348656034f9759195b03f8c0b24,be2cdddd5299e7c1788e5105fc980772,d29c06ee36b412dab47a6c13856c2dc2122d831a,RAMSPDToolkit-NDD.dll,4/7/26,Keroro Software LLC,0A04CAF1BB3BC17A33C6E155EC4F5883
0e844403c4c970024cb6b3598d95459a6990271e2aad8f02a9decfda1a99a769,6e0cda0e15104efc95defeab9a3e550e,e7b59682285635882f20f694d0d1d94fbceb7f3f,LibreHardwareMonitorLib.dll,4/7/26,Keroro Software LLC,0A04CAF1BB3BC17A33C6E155EC4F5883
3b85ae0b65af41dcb2033a47087c5f02431e1eba6fd41217bb393309c4ae9141,77a89c40658e756acd05d0f5abd7153e,de5d32df8321fdd4f2b05c9942eb527ae8f20768,HidSharp.dll,4/7/26,Keroro Software LLC,0A04CAF1BB3BC17A33C6E155EC4F5883
ef23637b2b2cd34b3370bbebd10505857360a0ccfa4d4abf810fb764d6004140,e036f3ff69f0957be8317ce8b2313663,96238528b436179172083cc7bed261a63f1d9328,ps.exe,4/7/26,"MobSoft Co., Ltd",02ED93FDB6CFB33A477E218531F32922
8492444e70af40fc58fdb4b1a1f30fbbb944c186224353d35e34036da6d11f08,f3af5bdb6dd4ea17b8e17d824530a911,73d1b83f7a7607f08e0000e2d0ceb263d7fa7e2f,image20260407869.com,4/7/26,"MobSoft Co., Ltd",02ED93FDB6CFB33A477E218531F32922
56541af54c5b4ad7de32560f780f0e606e5bf67170ad3bc241c9e2d75ea3f760,21a354797687001cd2d728cf63e3814a,39cca155dbc660be609ae3928bb98db032697414,D:\auto_black_abuse\resources\unzipped\20260410_234336_2026-04-07\56541af54c5b4ad7de32560f780f0e606e5bf67170ad3bc241c9e2d75ea3f760.exe,4/7/26,"MobSoft Co., Ltd",02ED93FDB6CFB33A477E218531F32922
31c1e8301f1e03e79de044f9bf044e8ba8508bb948a306c7597e9a4a5303bb45,0c571a5dd750ec73a345bf60f1214409,d72c8e545d233cc806b06c1b7e48df54c3a39285,%LOCALAPPDATA%\microsoft\windowsupdate\cache\wu_20260416_a98b6741@27\crashreport.dll,4/7/26,INNOVATIVE CONNECTING PTE. LIMITED,06500EE65FFBFB6EA4F4B16AB6F910C6
a8be52e0c969c0e76f17ba6dc758cce6082e676af6ffb35836a333e69950d4f2,223da1d904061eda36961026d194f144,ec04343dfa7989a8431ec0373e75dc5490db3fb2,%LOCALAPPDATA%\microsoft\windowsupdate\cache\wu_20260416_c928f06a@27\windui.dll,4/7/26,INNOVATIVE CONNECTING PTE. LIMITED,06500EE65FFBFB6EA4F4B16AB6F910C6
8e8cb13fb459f4ee486e828687218a1b2f4f5a1a045d68f74a7ade781cbfc47b,bc2fb3d85b03831e8c4831f737af9f27,ab5a602c04e2796056074b89d6dfbab2aaf6e704,%LOCALAPPDATA%\microsoft\windowsupdate\cache\wu_20260416_c928f06a@27\libuv.dll,4/7/26,INNOVATIVE CONNECTING PTE. LIMITED,06500EE65FFBFB6EA4F4B16AB6F910C6
273385cab52e7f297cb914f6896adf1a1ba46dc2ef8adf137bd9d5cef173168f,f14aa46267d02a24f3879003169220e1,f97b37d599dea45b1f72ac8c32d39efac1231fa6,%LOCALAPPDATA%\microsoft\windowsupdate\cache\wu_20260416_ab11e585@27\payment.dll,4/7/26,INNOVATIVE CONNECTING PTE. LIMITED,06500EE65FFBFB6EA4F4B16AB6F910C6
17993ab101f5656319dc04ca0aec9ead25ef1a371e68c31ecbe65b8b2ab80dc9,fe7e399dda648761a4e8af04c14fdef8,6bd3edf517eb4a33b34c437da54cb0b24470d67e,image20260407896.com,4/8/26,"MobSoft Co., Ltd",02ED93FDB6CFB33A477E218531F32922
00ed464e867fdc31ac4eb4e18757fe4b79b2f79ff63cc469cfcfeb205df20af0,d5494893d463fa1d3762f27b5e5fd863,64eff37e2f5b4f538dc58cff1199be86d8a79b6e,00ed464e867fdc31ac4eb4e18757fe4b79b2f79ff63cc469cfcfeb205df20af0.exe,4/8/26,深圳市优品投资顾问有限公司,01AF6469365C81AD7222E60FB1317062
7cb929fee994dc32a1718176d7dc3888bcba47d508117c13db143a5bd306fe30,d28c6ee7451a9717bb2a0858d4abf8b1,7fc20002f1150e026bc61a85e4a56eb458a9cf97,image2026040869.com,4/8/26,深圳市优品投资顾问有限公司,01AF6469365C81AD7222E60FB1317062
9ae8388b6bc4043a49573a617927cabbd61c254014e0ceb4223cf50431841b2c,1fdd4b5748b8b47b5faad69bc10aca00,f62b8f6175259bbced8f1ff6ab5df4cc631ffa3a,D:\auto_black_abuse\resources\unzipped\20260412_035334_2026-04-09\9ae8388b6bc4043a49573a617927cabbd61c254014e0ceb4223cf50431841b2c.exe,4/8/26,Brunner Informatik AG,0CAE428F1BDCBEBAF284EEE9A643B1D8
55ce327ac004ed006bd7f11a3da301e9e5a853f79b2d5bad9ea9c83845d406af,fad16f313211ee9e38640e7d86cc0941,876b5474f133e911dc44e56da061808b51dfa8d3,wss.exe,4/8/26,Brunner Informatik AG,0CAE428F1BDCBEBAF284EEE9A643B1D8
935a80f5327f3a719cdcafc4f7ac5a8a073618d51485258b96b0f2f61d94532a,1e4eefd289ebb8feeba5e31a529da561,87681a951c0da82d65177251f1ce0b4a0429e126,log.exe,4/9/26,"Taiyuan Yuansu E-commerce Co., Ltd.",32A51E44B13F18E80C4C3D5F
dc05f848515c046a75947917e13377b6ed21ea537e8346704933029f56b3f90f,bd5ee629c441502fcd9e6155147d7170,879ce14b2c3b360540cd3d00f4a968785db0edf0,photo2026040869.exe,4/9/26,深圳市优品投资顾问有限公司,01AF6469365C81AD7222E60FB1317062
34110c6a0a8c6e88ddd9647d2427a5448a23806aca460304a36df6dce65f7771,738b654fe91542664d7ee725b5d26446,4f17a9be8f49aa5d43a5e6c37b1d0d76fde11f5a,photo2026040968.com,4/9/26,Brunner Informatik AG,0CAE428F1BDCBEBAF284EEE9A643B1D8
12491915ec929b14808911bcde5a4459863b16aa417c6a8b09115dcf97066c01,f9bc74492bc5a4640d02eb22ebeb3ede,667f87b1c2d8ffa2184d2e66a607afac40b11e20,/home/petik/ss/malware/2026-04-11_f9bc74492bc5a4640d02eb22ebeb3ede_cobalt-strike_icedid_luca-stealer_njrat_satacom_stealc,4/9/26,Brunner Informatik AG,0CAE428F1BDCBEBAF284EEE9A643B1D8
53ef62aeb5380761b6b2bc3f881081a2b1f46b96f899b585c62ee26338b15c4a,6261ba8dc1e67b5ab19ec18f0db1432b,2d4066787f5fa616888a1ef68e884c86cef3555f,photo2026040968.com,4/9/26,Brunner Informatik AG,0CAE428F1BDCBEBAF284EEE9A643B1D8
c08a59750b5a72761d457e7b9875aa251f71c64d0c6bf7e391bb5c5f35cefc3c,28efeb22f104c799fba4bb0091352e1b,f94b990c3c6069b013223da5c9f0e34321242eb9,D:\auto_black_abuse\resources\unzipped\20260413_042234_2026-04-10\c08a59750b5a72761d457e7b9875aa251f71c64d0c6bf7e391bb5c5f35cefc3c.exe,4/9/26,Luxvisions Innovation Technology Corp. Limited,0AE04FFA7B23CC3F7395B25F41255157
be629aef6df812939b0bc1b4de07f455467359f39c2faa013c092237f7310bca,b52079a67610341964fb3565ba37714e,a3a1a7aa268e2bfa2bd562d21c261da26d0a8d6e,image2026040968.exe,4/10/26,Brunner Informatik AG,0CAE428F1BDCBEBAF284EEE9A643B1D8
c918dded298b0d76d4ac51f23b391f62a95f58b3fa2488202ecbbc9c7ce8e785,8b75ead7c8c8737570fd93ac7c530bfd,2c2f211341c461c405da622adbb1511834472fcb,c918dded298b0d76d4ac51f23b391f62a95f58b3fa2488202ecbbc9c7ce8e785.exe,4/10/26,DigiFors GmbH,049209454DB22190C7697285C3D5AD9B
41360e0c87b328b83cc673e1f4d4ecff995bc575ef8c7b87953059455ff3eca0,6f8ed94843c3d9b2690e38c4700d41e8,efa9c7329d5e91bc3187ca889d1a67d21511cfe5,A1SysTest.exe,4/10/26,Shi Hu,33DB6C7028FCF6AFB84646806433D226
4c7c01f5933b9714e037fafac97a4cefac605a54645045f911a769c940b404f7,78d8df6d5010d43760543b2cec326ff3,10b152408a53929fa7768343b641bc1fa017808d,image20260412689.com,4/11/26,DigiFors GmbH,049209454DB22190C7697285C3D5AD9B
e451d1e5a54bc38d04e503f51cbff5c37857a1a2a2ca2ca99ef7965b6047db04,98412854bf86db4efb952c868720b4f8,f1acd33c0a57f2b8cf2dde5d573e4988a714e4a6,image2026041168.com,4/11/26,DigiFors GmbH,049209454DB22190C7697285C3D5AD9B
723e75e5d76e16777459a516e3490a19b3da87ea3753dafdb6bbd62d0e34ab12,3359b138a646f5869cef72de529dae50,8aa648d48a6d82d347f545fd883cf0029dd7e69d,%LOCALAPPDATA%\microsoft\windowsupdate\cache\wu_20260413_3a909396@27\crashreport.dll,4/11/26,INNOVATIVE CONNECTING PTE. LIMITED,06500EE65FFBFB6EA4F4B16AB6F910C6
f76c31ecdafb59279833f17f350d9c2b1317da269823097e8dd1736c72449c88,b4263db99b0d01d92a32cf99adcd3e60,1930771ddbb704a3c42ca503b4d33215f7cd4e09,java.exe,4/12/26,PALIT MICROSYSTEMS LTD. TAIWAN BRANCH (BELIZE),0AF316CB4E5D9BAF35B35E85677B17EE
ba4de3c93d319523ab95cf3b724e6cef636e3890746c60067fd70b6f7792e428,487d6909140c0f7106934af4896d7348,0874f0fe5e440fb37806273929e01cf89ceed094,image20260412689.com,4/12/26,PALIT MICROSYSTEMS LTD. TAIWAN BRANCH (BELIZE),0AF316CB4E5D9BAF35B35E85677B17EE
6ff62e2099092a781caacc486c4088dd89690088408a6cf6198d145b80944c41,10482e5c36ca6063dbfd51b5c3d87a9b,269baaa8d86aea04b65767771f856f8cbeab1c79,photo202604126899.com,4/12/26,PALIT MICROSYSTEMS LTD. TAIWAN BRANCH (BELIZE),0AF316CB4E5D9BAF35B35E85677B17EE
d920a54b8b7c45a6709353fa8d9b8edf1d95bb2822fdde6477cb49b163567c2f,427f86b0c9e97551ed39c87b2572074b,436ae59c3afcb4d241d0ff2d970bac834d6e8586,QQHong_427f86b0c9e97551ed39c87b2572074b,4/12/26,MiniTool Software Limited,0099D8974C1EAA7BE996585FF2DE10D3AD
056bfca8608ea860e17fad10d04ebbb6c351ae5d82a46e3a7a7c5c33e33129ed,0b6e66a527eacfdfdbbbe22c38f0b5d2,f6213a119cb8847f884884f2655fec971c9da315,java.exe,4/13/26,PALIT MICROSYSTEMS LTD. TAIWAN BRANCH (BELIZE),0AF316CB4E5D9BAF35B35E85677B17EE
ff20d2da3da2db84fe20f162c51f54d53719a31c2a5f91f416641c6f014b1924,33c087a00eee5314165be10f093331e1,d8eee5ef48ead516d49391e6e3b83b1d4f1d4030,ff20d2da3da2db84fe20f162c51f54d53719a31c2a5f91f416641c6f014b1924.dll,4/13/26,"BlockCerts Blockchain Canada, Inc.",09186DCA3667374ADBD63A2F4FD96365
61b82798d812b2d4702dc1468fbada46e2f72e4d5b2598533ddbc33ac2fc843d,3d55b188b1b2e0e760d335e48eada95b,65251efe5460de92d826da52c75482d761772d42,TurboVPN.exe,4/13/26,"BlockCerts Blockchain Canada, Inc.",09186DCA3667374ADBD63A2F4FD96365
8509af4802dd79fc503c425c9dda035d9b636f22ffac81a8f04e6a9d080fdcc3,a1cee516736d36dd318f7b1b1436187e,f81f5b8733f3097efde5585953dedb3d00da8a10,D:\auto_black_abuse\resources\unzipped\20260417_063509_2026-04-14\8509af4802dd79fc503c425c9dda035d9b636f22ffac81a8f04e6a9d080fdcc3.exe,4/13/26,"BlockCerts Blockchain Canada, Inc.",09186DCA3667374ADBD63A2F4FD96365
3270bd6d4b467cd3fef05155d14278bd6a706d7d2d3e10b9f404e828891ef9a4,de7bbcd9c88b513a1322086607f5f656,632bd33be1a83cf3d500fd7050bcacd5260e5c2c,photo202604146896.com,4/14/26,"BlockCerts Blockchain Canada, Inc.",09186DCA3667374ADBD63A2F4FD96365
81d2e6fbe53c3af8a364b850f6df9389ecc72cd1c643b546e3dca490e5022e87,7bbf4bb01e4e236371f11cca38377373,fcefdeaa0aba4907bfcf7d22ea13e9954817aefd,Photo.exe,4/15/26,Biao Zhao,5BD368336404058DA643D99A3BBEB530
71e61ae439639582da7809637d683a5d4361d364040ce3e7880affa1dc443c8f,f765ac45f103de08f709dba8c20c5085,131df679d300bcf3282247cf91b54abfa5cfb026,test.sys,4/15/26,Biao Zhao,5BD368336404058DA643D99A3BBEB530
99b7658dc52cedff3403e0df0b392828baa3344571593115b2349579c2b840ca,03459421be0d110c68e81e233d7e2e7b,341bfe9404b0fff5ae6ef713c195fa1f0f09bf00,OpenVPNConnect.exe,4/16/26,Heyi Siwei Software Development Studio,0B416CA38FFA8579C017C0311CCD8D8A
dde53c40258f724605df61590b494b15b18c10632b9bd09218ba2d561cc8964f,ecd4fb49d917eab91cd3b0123d1cf145,540f4bdabe69f5f6cb87cc1992d09be19fd8a30c,%LOCALAPPDATA%\microsoft\windowsupdate\cache\wu_20260416_ab11e585@27\crashreport.dll,4/16/26,Heyi Siwei Software Development Studio,0B416CA38FFA8579C017C0311CCD8D8A
f8e04303b49e64c7025b758feb810eb250a6e409174d5ecf97f269f46eef0066,b01355e108067d1ac796870295d7f9a9,aec5b0a6d3e3ccd97a917eedd3e820dfe75e1a4e,crashreport.dll,4/16/26,Heyi Siwei Software Development Studio,0B416CA38FFA8579C017C0311CCD8D8A
bb24c5116eb8fe9bc2a2cddbbe4db6eeff414753f0eeb1e80e3d610b135b9840,7455ca1691653a37cb9dc683e20991ef,b9d7616d95e60bea57c0be6544d095b3c52dfaba,TurboVPN.exe,4/16/26,Heyi Siwei Software Development Studio,0B416CA38FFA8579C017C0311CCD8D8A
02f95352c8d55f41f53339283ffed6f1cf548b2c5040aa9d1e37bafcd9fa55b4,0ae98bf95cc9ea837be0144b7c9c54ba,b24aa3c6e2f60350cb308e38fb3c9c4e1890fbc7,D:\auto_black_abuse\resources\unzipped\20260419_075930_2026-04-16\02f95352c8d55f41f53339283ffed6f1cf548b2c5040aa9d1e37bafcd9fa55b4.exe,4/16/26,Shuttle Inc.,0654CDA3DEFAF29DC152EF189C11E337
36d22778dda953d192e7fd910faab2f4012421efbb35360ec7fe3e1c5109f1aa,cdd515caf69c6e7793dd75cddc63ba10,fd1b8fef0ccdf03729c5807cce1e1d3511f8fff5,java.exe,4/17/26,"SoftStory G.Zielinski, K.Jez s.c.",0E53B99068FF7BF9C1BBBB025ECEDB58
e6dc0e3229a1fa43bee721ab2165f36c18b9b5668b11f04de33d66490d240bf8,86a33a81ea20e34ca0ab78b4d21b5a91,aca3e4a5ff09dc52198c8510072f2b75df882e6d,D:\auto_black_abuse\resources\unzipped\20260423_044033_2026-04-20\e6dc0e3229a1fa43bee721ab2165f36c18b9b5668b11f04de33d66490d240bf8.exe,4/17/26,"SoftStory G.Zielinski, K.Jez s.c.",0E53B99068FF7BF9C1BBBB025ECEDB58
39781b4480850b78d8e644e53c581081d40c2a2761cafe3c670e0b06fcd16a7a,16027a8c74216f95e605e76efecd8f7d,3b4e77bcb96b44eaacef5ab9437876705ca6276a,D:\auto_black_abuse\resources\unzipped\20260423_044033_2026-04-20\39781b4480850b78d8e644e53c581081d40c2a2761cafe3c670e0b06fcd16a7a.exe,4/17/26,"SoftStory G.Zielinski, K.Jez s.c.",0E53B99068FF7BF9C1BBBB025ECEDB58
1056ba2ec7a2151e1ade4a02279ace0c291fadc329cfd661fa427b4efed53578,549dea9088294b6afff77bfc8c7c2c01,1ce6d0ed6c3012a758853a53945c55791abfefbd,D:\auto_black_abuse\resources\unzipped\20260423_044033_2026-04-20\1056ba2ec7a2151e1ade4a02279ace0c291fadc329cfd661fa427b4efed53578.exe,4/17/26,"SoftStory G.Zielinski, K.Jez s.c.",0E53B99068FF7BF9C1BBBB025ECEDB58
4ba01f317dd469c6ce5fb5333828ea5faf6761c263431ebcd0a5c17c06b00868,cc8e1a07a494db166097a99580b132b9,f110671a8200c3f747898323dade5a54051cfa95,D:\auto_black_abuse\resources\unzipped\20260420_045701_2026-04-17\4ba01f317dd469c6ce5fb5333828ea5faf6761c263431ebcd0a5c17c06b00868.exe,4/17/26,"SoftStory G.Zielinski, K.Jez s.c.",0E53B99068FF7BF9C1BBBB025ECEDB58
93d458ce6ebc98b2884e4a76c026d731a9f793cfcc6d514d4952ad6bf28fe8ac,fdcb6e1be56c91450e7774d5a7d2f41a,9c49c4ba6db1b8ec460821d9f561dbfa83ecf616,93d458ce6ebc98b2884e4a76c026d731a9f793cfcc6d514d4952ad6bf28fe8ac.dll,4/17/26,LENOVO (UNITED STATES) INC.,0D2AD57B10B7472BAE03D3DEFF05F54F
4d8c02745ed4c2bcd9bdb425d5763ebd1e6da459c1877fe9d0005e477622aa6a,8be059eb69e48c71563dfa68399e92d9,ec1e6ca4065c304c30100c530c69a0edaf60effb,D:\auto_black_abuse\resources\unzipped\20260421_091133_2026-04-18\4d8c02745ed4c2bcd9bdb425d5763ebd1e6da459c1877fe9d0005e477622aa6a.exe,4/18/26,"Xiamen Xianghe Information Technology Co., Ltd.",66220DA9448F87F52007149619EA4B37
ad90ad8bb29b5bd588e495fd314cd4777d4f16dffd98d5139354342222a0e2a0,16cf2e4afab283e55db3a3fd6434ce62,cd27e2f5503f48f0936321aca4648a99b3fb3617,image20260419685.exe,4/19/26,"Xiamen Xianghe Information Technology Co., Ltd.",66220DA9448F87F52007149619EA4B37
3f049dd0ef4d209cce7ac081c093d51bcf2c5c3e515d8c124c63b31c8310e1d2,1b8cdd0b62d21592e28b49c372daffeb,dcd4cd3c3c5ad2c2752d5cb887ed7452826a79fc,D:\auto_black_abuse\resources\unzipped\20260422_050903_2026-04-19\3f049dd0ef4d209cce7ac081c093d51bcf2c5c3e515d8c124c63b31c8310e1d2.exe,4/19/26,"Xiamen Yaolun Network Technology Co., Ltd.",00C30AE522FF59DD703FF3F27A2A9BCCCD
77638254ad22ebd7440534da279f8ad242f5eb4bfd32640a2159f4e52f062785,024c01e78afb6ae95f8b7bedccde25be,c806b48549f24dc072f35bfad7adaa90a18dc671,image2026041968.pif,4/21/26,"Xiamen Xianghe Information Technology Co., Ltd.",66220DA9448F87F52007149619EA4B37
7860dd085d9db6ff2fb594d9bbca23095779dc2bc7d9a201f76d5e0a285549ef,60d5038ffc7b41354656eb5f1a910394,dbe39a0de79da824dac3668ea13a046003e285cb,D:\auto_black_abuse\resources\unzipped\20260426_054006_2026-04-23\7860dd085d9db6ff2fb594d9bbca23095779dc2bc7d9a201f76d5e0a285549ef.exe,4/22/26,"Xiamen Senxing Shengxuan Network Co., Ltd.",00FA10235BA9E3446F612686DADCA79596
80b6790557199ce089982634cd6b03dbb9423f2fb0c3f16584b4f066934b9108,5a4d873f595540bee328ce108621a470,11829f54d1e66996bf45cc18bc75c629fbde661b,%LOCALAPPDATA%\updateservice\cache\detoured.dll,4/22/26,"Xiamen Senxing Shengxuan Network Co., Ltd.",00FA10235BA9E3446F612686DADCA79596
1bd9bd50e1905db904884b8d5612be26207fce2074d8e629fac78e595b9aef02,3271402787200e15ace260f43d1a57ac,046e387f1754146eff3ac3be15407241eb559ffd,Updaters.exe,4/22/26,"Xiamen Baoding Software Technology Co., Ltd.",008AF45AAD3F1E2DB7B6598AB02E8BFF35
b399af7558c0341d44be28f3b8f07121ec2e3e263e4d279706410a8434b8aa1c,06e27d2501276f8f47e574484d5db90e,0a25ff0035cf4225f40b6778191204395ab2977b,DCSDriver.sys,4/22/26,Biao Zhao,5BD368336404058DA643D99A3BBEB530
fc1c6226138e39545100bf85bacd42a349a03dc284410317738d95607088476f,424f1de181d6bfa97dae2a9e637c387c,ac87c1a9ff47c49a63c461e211a6503a7267aa0c,crashreport.dll,4/23/26,"Xiamen Senxing Shengxuan Network Co., Ltd.",00FA10235BA9E3446F612686DADCA79596
f91b9940cafb2e655588b0f7997b5815a05e0bd517c5912f2e4351579ba74d2b,9909cd12049db5cc68b51fa66a6b4464,efef4ea308864f73798a87703e57faafbbf89c99,libcrypto-1_1.dll,4/23/26,武汉市阙桑翁科技有限公司,16E2CE36A3379CBF4103780925D01952
94f9880eca650ef0dadb8d7edbc7bdd8a7695407c1518a9250b93f0aa51379ce,18da456bc786ada8a422f91627d834ab,66b27ba9e00788b5d93e55b5b712fafad3fe3acd,crashreport.dll,4/24/26,"Xiamen Senxing Shengxuan Network Co., Ltd.",00FA10235BA9E3446F612686DADCA79596
b48349b0454e0c1ee61990c85ee07c8c68397acc9e5fe980fbb930fc97d3f765,dca909354daf3f547daefdfa4d21abf0,45c0c9e81efb39815288f293980d99ba680be91e,crashreport.dll,4/25/26,LENOVO (UNITED STATES) INC.,0D2AD57B10B7472BAE03D3DEFF05F54F
cbed92fb360f6303af1ca4297c60b624e91d15b55c953f728f7598e44ee622dc,ef135c42e64cd715646618c389ed889c,0ef4e2d041290ee6a85d988e3061b1224ae66d2e,domrun.exe,4/27/26,Biao Zhao,5BD368336404058DA643D99A3BBEB530
e17d12a3cb758a7cd55d9e0305bc1471d30a7125cb14f3574d47f1bb91216fc4,8a439d79b71266e40b932055916c0ce6,d88690194f2f9d6c0f85b675f758b7c9f507c8ef,letsvpn_v3.5.6_x64.msi,4/27/26,MiniTool Software Limited,0099D8974C1EAA7BE996585FF2DE10D3AD
32b3084c6a77809830a317377826cc0844d9aa37de81a3af8a2830f4e4006d41,a4f384159bcbad79d4905234880bc5ab,fe11afd3f2eaf0d1762ee0105dad48a71d380954,xiaobait9-2026.04.14-installer.exe,4/29/26,Shi Hu,33DB6C7028FCF6AFB84646806433D226
61a064681a19321a1f8fc433e5b3963dd5e4b1c1e9e6f4b0c4388e92ec981599,0fac16d68b75ea3ae6a40bbfa4f08699,831a49e027a86f8ca8ca05fc07c34afd7f1685bf,旋风加速器2.msi,4/29/26,MiniTool Software Limited,0099D8974C1EAA7BE996585FF2DE10D3AD
f444ba7575ff03f5eaed61455da9773a5f24f22e66886d4cb59cd461cc51c32d,c4c2efa068c1a6a84b961a3d5a408ccd,d4d1086dbbea385f868e50f182c0b733c2f65b0b,NETMCDRIVER.SYS,4/30/26,Biao Zhao,5BD368336404058DA643D99A3BBEB530
c110297675697a9a57fdb104a1a94587844ac631a13c541a43cfc9c90e689ec8,a33e3d5ebd78d2f1fdbaf4f070418cd0,25044b330307cf39960dafa1bf9977d3b1d3e911,VPFilter.sys,4/30/26,Biao Zhao,5BD368336404058DA643D99A3BBEB530
154cc43dd22c05b6f13cae6234cfd921a5590e205458225c032b8bdea85a67a5,7ea532f2cee15d2b8526b9e307efe4d7,a0e72b636d7a03fd27aee2c6beb026c74ebcce4a,pandavpn_setup_9.2.0.msi,4/30/26,MiniTool Software Limited,0099D8974C1EAA7BE996585FF2DE10D3AD
fbc23a51c37f58eddef8c5b14fd5eff834ec91a30769e26f03298f3f1386c7a5,ee445cdf7afd28322b1373ff3df9c2d7,e6fa8cbc0fe2b955f8e984ff1f8409edc8eda44f,D:\auto_black_abuse\resources\unzipped\20260522_033718_2026-05-19\fbc23a51c37f58eddef8c5b14fd5eff834ec91a30769e26f03298f3f1386c7a5.exe,4/30/26,武汉市阙桑翁科技有限公司,16E2CE36A3379CBF4103780925D01952
7ef94a2341d50a41a523bff2f565a02c976787365f456c89571884481d05d12c,4c1e4cca0183b57fb2f6b17012b34ab7,15b19c667e35960c0c274be8ace3fb2764db66f4,2026-05-02_4c1e4cca0183b57fb2f6b17012b34ab7_cobalt-strike_icedid_stealc,5/2/26,"Xiamen Senxing Shengxuan Network Co., Ltd.",00FA10235BA9E3446F612686DADCA79596
a6784ff593e7f666a52a8fc4d1fec90ae9a68ebce88be8c30d9f39ebf1a6b4e8,ca63477663e2b64bfdf9b339dfd29d85,02992561a1c4a596893cb7788e7ed97c0bcf53bd,UU-Setup-1.5.7.exe,5/3/26,Biao Zhao,5BD368336404058DA643D99A3BBEB530
c410ce99e3781f45c1960fed172e05f7a62b7fae7b326837d1fd661f878aacb1,c82205eff5ad1da8a989e3ab5c85e600,6c77121e0073ebf2725976e770a2796dd61edbfa,AiVideoTool.exe,5/4/26,MiniTool Software Limited,0099D8974C1EAA7BE996585FF2DE10D3AD
fd02aab0f2027abbc577c9cec310d9fd8dfdf1438baafb24102a468acac8810a,ff634612a293520002dcde42250d0adc,283f9e506d60a48b250cfaeeb8c7039aa7887d3e,xzz.exe,5/4/26,MiniTool Software Limited,0099D8974C1EAA7BE996585FF2DE10D3AD
5a9e552374aa13b8597571e3f1a28ab0c35e7fb344472fb5cf1aa1f825a368a1,d6cfeaf727be55c28d6d4f76bbacc23e,1b49dc1cb132a38bd625cad9e95cd4f1b775809f,GGSafe.exe,5/6/26,MiniTool Software Limited,0099D8974C1EAA7BE996585FF2DE10D3AD
a517e15f12ad86986570dd0a875e1e3683d97f8c66289bfd477a4a6fec9c86b1,58b49a1ec97b0d83af2a9edb0e17f784,c285b61090b37e8def03e0a269fa3382d1819703,GGSafe.exe,5/6/26,MiniTool Software Limited,0099D8974C1EAA7BE996585FF2DE10D3AD
30f1e640cbd5c3898e3b2ab5ce817e8c3c998291174e285318d3b0abdfb78c62,1dd870c4f0d5ef195bc2e19596bd91f3,c0bf52f845658b5cc8cf7782552c447561bc3530,JDTool.exe,5/7/26,Biao Zhao,5BD368336404058DA643D99A3BBEB530
8ade995b7166e73a90b3a850c99a6d20b9871c8c32707064fb15f56d797ec752,113d82adda1df3d621f0fd0ccd043729,33f2730ee5e8e0014951bf07ce26944867bd6afe,SysIntg.sys,5/9/26,Shi Hu,33DB6C7028FCF6AFB84646806433D226
4c6b4af8818de417cd91758b0dd659fbd5b3667abecb57117b241f5438cdfd0c,4551262e42639b53250f6812cad2ef68,0840a38bb6dd91607032f7cb764e330c25d63135,100.dll,5/12/26,"Hangzhou Saifan Technology Co., Ltd.",0DB8378E7C5F330A988848572F290434
bd4470b7dbbffb736e31c5fdfe96acf476d609a84b4179597ee6061461e17386,828df44d47c7ea77602c200fdad11ff7,beea093c3a9d52896b32b630a73a53c0cf0ea961,D:\auto_black_abuse\resources\unzipped\20260522_033718_2026-05-19\bd4470b7dbbffb736e31c5fdfe96acf476d609a84b4179597ee6061461e17386.msi,5/15/26,武汉市阙桑翁科技有限公司,16E2CE36A3379CBF4103780925D01952
c4aa4f6bb971a80d113244c07613f6e8059a78e20d457f0035bc0a32a03067c0,49a768348436fdae83faba4a965936fc,f990307e1f186a42ab5678d5696c91e43dd5d030,DrvGatewayWin.exe,5/15/26,武汉市阙桑翁科技有限公司,16E2CE36A3379CBF4103780925D01952
92e232305326e7e8632407425747c2d4d0a1401574f761c5461e2453393cc8cb,2149c3e93f5b457466a4c578447b2606,b4839fc69ed781ec76f613fbeec8498a1210f525,MANAGERDECODER.exe,5/15/26,武汉市阙桑翁科技有限公司,16E2CE36A3379CBF4103780925D01952
caef6fe85c234616913702344fbbe8e57ada39cdf5003705f665f5310c3a1198,da04304e97fd626c8f3e41ba4403efe1,3237f4778c6605c2dc08f8b370fd343367daff2f,csrss.exe,5/15/26,武汉市阙桑翁科技有限公司,16E2CE36A3379CBF4103780925D01952
fb82c846e266654dde0c4c3e75dcd78fa3f169fed834301a1ce438c350138be4,fb72f3e2124944c9417b152ba9dfd0bf,937fe6a10af8d92484736e2c16ebef6abb5951a8,ContextAPIEx.exe,5/15/26,武汉市阙桑翁科技有限公司,16E2CE36A3379CBF4103780925D01952
9fd2ed10bfd7c73a17465aa4a82d26958088af3e62719d885c994c15df695050,29d1ea4901f023ad33e00feb85c22011,861eb9d2a819d468c0ed9e2059ea65f9af61e4e6,YY(1).exe,5/16/26,Biao Zhao,5BD368336404058DA643D99A3BBEB530
7b773e889e2d5db3ed61ff503832fb245c789abad98a5e7357abaf72e54139ae,0cbde5008b359306d3f13fd4078430cd,b678fcca11a04e4f1fb82f587ad945e9ba6b9da2,%ALLUSERPROFILE%\airlinks\libssl-1_1.dll,5/17/26,武汉市阙桑翁科技有限公司,16E2CE36A3379CBF4103780925D01952
720af381f6e895fab38894a5dcec76cd7bae37153c0e81b38852e1cb0b14493b,1ef1d3e3a62bc1a7bd9f487a0637dc32,4255cc8eaae9333aa20a2083d389355addbb03ac,lsass.exe,5/17/26,武汉市阙桑翁科技有限公司,16E2CE36A3379CBF4103780925D01952
6557bdebaed2670f3000c0f86081d79a29f4a9b043d4441ccf3f8f0973e56a84,ce771e667304187e50f30bdb7362d1e4,8abfbbbc31acf97a3ef1765ae4c7fe969d8fecf6,updater.exe,5/19/26,Biao Zhao,5BD368336404058DA643D99A3BBEB530
169b959d99a174bde955b8f33a2d17f9a8bb61ea4a6184dfb67335159aba15d0,8d2aa514a1f43b2d7c07e5bad53206c0,224c087ccd59a8644f19b227ccf484c39565856b,lsass.exe,5/19/26,武汉市阙桑翁科技有限公司,16E2CE36A3379CBF4103780925D01952
375559359bf5a1d4e132d9e09fc67b3bb55cd07639d49c039267ff22de28b427,a5c008fff9447e2b563a6842808f849e,b8bc43a60786a95ca2c086f76d100a1fb3335d9d,Baidu Antivirus,5/22/26,山西荣升源科贸有限公司,04EB8615F356CF0F5BF4DBCD08238DA4
41c7206accbfde04e613ccb24c5107b7586b81a27b88e59e57697cf26ed16681,cc340724a0f95ebec8929d9997316a10,ef2cd41e8e0a6659698e8610ddd3f254e9b1b307,Updater.exe,5/22/26,"Xiamen Shunhuitong E-commerce Co., Ltd.",3EAA4BD40D5DA98036B33023E0052869
8f469af7bccf401f24a06dfb32b4343ff505e2a894225bb4ea8cd988b9b8154e,5c01eb57fcf6a496b08a7b0b3d920dee,ddf102e71d8477a916d3e88215998dabbade4a50,C:\Windows\isy9c9.exe,5/22/26,MiniTool Software Limited,0099D8974C1EAA7BE996585FF2DE10D3AD
dbcf0a1ba938b3e5da2dd045c5ea28ff926f953bbc6de15af99dbed1507dedbd,3fc391c651f1faf2d5536db20e4907d6,80be99e03750aba3c639598e83e81f5eee8914fa,系统运维工具 v4.1.2.1229.exe,5/23/26,Keroro Software LLC,0A04CAF1BB3BC17A33C6E155EC4F5883
33d586660a6de71f551f9c19c23e011d2e78c395dd000845ab68336766ed340f,1bbffd16a5fe27392ddb5643b737b649,9ec1abdf1d287d8c3112dc02ee0b1c4b1d9e0feb,,5/23/26,Keroro Software LLC,0A04CAF1BB3BC17A33C6E155EC4F5883
e5a0289fa38bbbf958ebc57cee082111b55f7b8aa20aa9f2e52a38fd66011e80,b84dc9bb2d09ce7a47564ded3d16604b,3cc29d1cea3a1e5e6351d9bbc2a28bbbdb43630b,log.exe,5/23/26,"Xiamen Baoding Software Technology Co., Ltd.",008AF45AAD3F1E2DB7B6598AB02E8BFF35
3a31a4cfb320083dacbb817f471b38333ddf684af8f46ec2875160dff4a287d6,5be7413de86c5ce0da5b44b95f4bbf8d,6136a94fba041c21c3a736e07469b2f108c33be8,log.exe,5/23/26,"Xiamen Baoding Software Technology Co., Ltd.",008AF45AAD3F1E2DB7B6598AB02E8BFF35
15b6c4c3ae8e525a55a0a083088fa7f5a88378696c265016e916f50748ecc795,f71ec4b34cd72ed56fb0b7e090373dc4,f385760d08b99d4b33122939f32915ed04b4ad0d,log.exe,5/23/26,"Xiamen Baoding Software Technology Co., Ltd.",008AF45AAD3F1E2DB7B6598AB02E8BFF35
2babb35c9a90ea538fffdd8056339bbffd52f7c577ab79f37006dbb65d4630b1,5185b6545f4bcec9d5d0d71bbcef8e30,dde56dc248fbb64806d68ca2ff155edd4ccb4bd5,log.exe,5/24/26,"Xiamen Baoding Software Technology Co., Ltd.",008AF45AAD3F1E2DB7B6598AB02E8BFF35
79a8a8e60e6f8589fab03e0a02e28f79047ad8af8356f1ae8e4fc4409d7eafa3,0737a16383c5ae65c6530a3711d4b51d,30f253e83ce2e9f161df67c9380188a188109a26,log.exe,5/24/26,"Xiamen Baoding Software Technology Co., Ltd.",008AF45AAD3F1E2DB7B6598AB02E8BFF35
1eeaa68c3fc0663043ad29fcb67df7809ab9446e317a1629c918e115a2d6a2f7,43814b55a0b5a8d6d703e51df0d54be9,543b9758b6240044e5848f6455976fbf17223f96,lsass.exe,5/24/26,武汉市阙桑翁科技有限公司,16E2CE36A3379CBF4103780925D01952
e4439550ecd97e0f734a8d2fc79216bbbb91f5e0a776d9712e2970cc12c7436b,269d5271d590374069fdc57f3c16f62a,f5f983e0b5a68512bcf52da83cfc7d090bacbafc,explorer.exe,5/24/26,"Wuhan Quesangweng Technology Co., Ltd.",1D0AB4F108CE8496648853FA1A7BA839
cd8f573ec94c130693a119c83556c41729ec169c818771abcefa48fb04f8d406,0ae06440edffb21a414d128bc384bdfb,585dd3487038ca4aceff8dd641eca82fe8bc639e,log.exe,5/25/26,"Xiamen Baoding Software Technology Co., Ltd.",008AF45AAD3F1E2DB7B6598AB02E8BFF35
eb9f3e6f49fa2fb9eb9082bec350478cb60daa770a5539089bd3b572bb07ce32,9ac0174c693155df03d3491221f6d73d,318e67edab0ac9b7e1237764d921c9c24442ac5b,log.exe,5/25/26,"Xiamen Baoding Software Technology Co., Ltd.",008AF45AAD3F1E2DB7B6598AB02E8BFF35
527f54d68bc4d29ee1d64ba8040d5ed0ed5bde58e603bbc73698ab9bd0d8e792,6c1a351357cbcc6b5e3d2ef6931732c4,d1b5d39b2bb0a598f732088ea24168c26afa531f,log.exe,5/25/26,"Xiamen Baoding Software Technology Co., Ltd.",008AF45AAD3F1E2DB7B6598AB02E8BFF35
2d543623abc160a45cb1f8048ecda731f5dd4758fb4f50223d9c48a8d26dabb8,a8631be91887f339fb3fc08d4eefe72a,8fb37ecac83f9fbbd698336eb2470a62d1fba2cc,log.exe,5/25/26,"Xiamen Baoding Software Technology Co., Ltd.",008AF45AAD3F1E2DB7B6598AB02E8BFF35
2c8a0fce3673588a5382964fe6bb4adbf62f71c34a0f7d9a97fbb0cc7569e60d,dccd42db2bf95217617cfcd27e95981c,f071089d4679bea3e69244a32101bb477c172f3b,log.exe,5/26/26,"Xiamen Baoding Software Technology Co., Ltd.",008AF45AAD3F1E2DB7B6598AB02E8BFF35
5e19f5afe4378e53de36b75225ebf853fb67c49504f02894b6dd7e8215872128,e31a746ae3626376a253fc38c617b8e4,82798e63437977fd2feca830e01e87a37fe9d76a,log.exe,5/26/26,"Xiamen Baoding Software Technology Co., Ltd.",008AF45AAD3F1E2DB7B6598AB02E8BFF35
3c53b4206f3d6b92c303341d028c1a9c9ea750b584e23a572c0fd8dd9f530bab,d7ea23bac80fbe5030ebbaaf320cbaac,d41e85b0c75760b38a530b83fa6e41fdea2256fa,log.exe,5/26/26,"Xiamen Baoding Software Technology Co., Ltd.",008AF45AAD3F1E2DB7B6598AB02E8BFF35
47bcebd663ffed666f8bc712282e2a9419a578db9a5eea7f0122282f96fd3206,08305a73c510adc99c260703560748f2,b66d263449cc611d4c8081a3765680d73a6c0e9d,Snipaste_X64_02.exe,5/26/26,武汉市阙桑翁科技有限公司,16E2CE36A3379CBF4103780925D01952
1b2004a5cd34a640b560781547d78590f6d83d31beb66991b3c079a2a2a5dcd0,4daf288ff0e5aabc3c0c7e4654c317d9,ed99c5fc96ca60aa19817248f409b5580c841b1b,lsass.exe,5/26/26,武汉市阙桑翁科技有限公司,16E2CE36A3379CBF4103780925D01952
27b722c66f69e360c4da106daacf3b9eeaabd20634d7e5eff45a28bd70ebfd65,639b0dd0fe4da3f4743de6347d7d58b7,f04ccc9a18dc71ccc4d4b1f651d3d0d2af8ab402,%PUBLIC%\videos\crashreport.dll,5/27/26,LENOVO (UNITED STATES) INC.,0D2AD57B10B7472BAE03D3DEFF05F54F
4ca0fc7f31f625072d5ea7f00be1ec4b607f800ffcf8c0ab2ae3bbe43fd1f285,2144b7ae028bf76c55945db5ff8e20b2,c11b5754b6ecfcbc02a684eaae8cd9116f5df521,logs.exe,5/27/26,"Xiamen Shunhuitong E-commerce Co., Ltd.",3EAA4BD40D5DA98036B33023E0052869
a1d0813334f87a68227f9cb2470878b0599a7c02b043f6c9f3fd75a47ddd0045,a186c07d34af79fabaf9cd612dd89d3f,b4c11fc86dfd3810cc848a98fdd71c4b079d22ef,logs.exe,5/27/26,"Xiamen Shunhuitong E-commerce Co., Ltd.",3EAA4BD40D5DA98036B33023E0052869
322cb1594bddd26fb9b8f7a683867303311edf657c3104f1ee06e1efe9b5e231,e3d728615e1a73819aa14e7668b3166c,3488de8a43328e6fd4107a86d8a8d8f0cd08730a,logs.exe,5/27/26,"Xiamen Shunhuitong E-commerce Co., Ltd.",3EAA4BD40D5DA98036B33023E0052869
b1e6036407ac561deebf5a4885fda4d63686bdfbf808524e7554ea339a7bbe39,dd931872204b283b37cd3dd148d9ad2f,190968beeea39364a83cea8370a7348739c937ea,logs.exe,5/27/26,"Xiamen Shunhuitong E-commerce Co., Ltd.",3EAA4BD40D5DA98036B33023E0052869
107d4650b5cecf279600336875308767bee559d5b03ef2cc2dd40ab4f20a7b05,659192cfc4fb9796399589475263d75e,99434c03dd88124c2e7ae85065c67a092ca5c4ab,白签短yp.sys,5/27/26,"Gucheng County Qizhishang Trading Co., Ltd.",5E0016A3D3E00463E5BF0753D80CDED2
45e2e2b410dbfaf81463969f549185c4c60799e0ae412562a4c5a45ea177ffa6,e75c6d87cc5dc04b2f28df3e6c6fb908,c6780aa68cb587bc5e705a04a07f3d8ddf337b0b,tailscale-setup-full-1.82.0.exe,5/28/26,"Taiyuan Yuansu E-commerce Co., Ltd.",32A51E44B13F18E80C4C3D5F
71c70697a2d4550a9def0932c6381ae9a541ca326e72da16e8f58616676341be,3d23009246e56ee44dce6613499f3bbe,c185c794a953e4a1e5ece9647b1a33f8221bc890,chromelevator0311.exe,5/29/26,"Xinsiyi (Ningbo) Technology Co., Ltd.",2D6390A227DB381F5D8930952F2324A0
d7ea79239762267f0fde19680214f0df6f53f86656d398399046a79e7b64149a,5ec1775b14f12d2d76402b166136ef5d,ec49d83760066e544b64aedebf8bbb7251cca38e,log.exe,5/30/26,"Xiamen Baoding Software Technology Co., Ltd.",008AF45AAD3F1E2DB7B6598AB02E8BFF35
5913fb32a23f214d91084e5d9c64f440cd8a628a7ff367545422df67845a71f3,e3462db30cd8f768fe4dff2c9f7037b3,a4f5dcca7e43d8dbb3d00c1d517e04f50ef177a5,SafeAccelInstaller.dll,5/30/26,MiniTool Software Limited,0099D8974C1EAA7BE996585FF2DE10D3AD
96ccd05743137bdb83b4ecd22d5ba2bf5af3a5fc43ad6fa7b7b6cf62bb39aa81,9dc2b9ff9379c8156b89639c1f950d01,856d5948555318ae026f73b2df5aa409fd584db7,C:\Users\user\AppData\Local\Microsoft\LenovoUpdate\Update\Lenovo_20260609_2c9bfbcf@2026\DataPlugin.dll,6/2/26,LENOVO (UNITED STATES) INC.,0D2AD57B10B7472BAE03D3DEFF05F54F
a60f58618c8548ff60978d7c50176bebb38486690d87ba24a8581b62dd478228,d760b0cee0d67f1024f099edf280ea07,a179996effa6eaa7a4268ea3a5b9a615d3478d26,java.net.exe,6/2/26,Biao Zhao,5BD368336404058DA643D99A3BBEB530
7000392fc795a2223f35014822685202f1e8c419b1eca9472e5b6569ce3b78e5,ddb2b344520eced548153ccb6dd161de,4f321e3770c76cc5464eb41ab0816d0a280977e5,logs.exe,6/2/26,Biao Zhao,5BD368336404058DA643D99A3BBEB530
411ea623229d591865748ad00c5f0d98eadeb711b9737584fc10d093be52de5a,42fe3b56300da1f15f2a442394a902ee,fb42fd65ace0dbe6dfdb2a450387ba6494c976c1,DataPlugin.dll,6/3/26,LENOVO (UNITED STATES) INC.,0D2AD57B10B7472BAE03D3DEFF05F54F
bf58b2d47652bab303424f82bd09e945f02b09bcb99648f635fdc1fec8b4179e,0c9c9fbc133c09bbdead32fb75e967ff,b3e94b8c8fecd6a2a6ccc30018514209d88af041,logs.exe,6/3/26,Biao Zhao,5BD368336404058DA643D99A3BBEB530
149597c7beae6705939588481d7e0c1b65bb4aa3c3959b1536ab8eede16f19cb,1ec5fdb7a6effe646b832b9847c5cbaa,e8f34961778b10eb9219034dfdd3e0706483d8bc,lenovo.exe,6/3/26,Biao Zhao,5BD368336404058DA643D99A3BBEB530
4becda32ae31692790eec1c7e692eca0f6d6330fd3345006d1d989c904d19e21,8b94d36d4391948fda0b61df3af82dff,76f793a1427389b9631bfe98254a49362853c8f3,logs.exe,6/3/26,Biao Zhao,5BD368336404058DA643D99A3BBEB530
900eac9aac32dce2f1acba2e8f8462edf6bfd59d642c4701428e84e9aa08d25a,3f952fc64ed5d5c1dd00dd2d0f337112,d9c91dc84f0d92c0f28b416cc77e031d2dbdb636,logs.exe,6/5/26,Shi Hu,33DB6C7028FCF6AFB84646806433D226
6fdaca23dad0fd4ef6f767584c05f9e131bba994364f8e13b264278b717a2e51,3a5c573ddf5dc6c9b378b22a9636ae79,c5c4e35f90b0793464b769881fec1e7f74ae9552,LENOVO INC.exe,6/5/26,Shi Hu,33DB6C7028FCF6AFB84646806433D226
8fb51971a74fbc4e733a786f6ba6164925cd7209784b3e15543ec80e4a081fba,3b5c06a68986abd3c3d801d0b146e923,a28ec7970406aca40b29e6766dd3feabebf878ff,logs.exe,6/5/26,Shi Hu,33DB6C7028FCF6AFB84646806433D226
e40fd69fb9d96da8c85aa719e598949c325b2ced968d9a242cbf42eec30e0f9a,803ee2a73b298f43ff184070332b8e8e,a396aaeb9d1b137cca0b5343cf90eac35ed8ec94,logs.exe,6/7/26,Biao Zhao,5BD368336404058DA643D99A3BBEB530
b5b9c7347edbfbb0f77dfeff450b65e764febd81c3b9abf32bd710e407d70267,e3133397b6cd2393391ece2b8d94725c,bcc70b42d16f9d2dff599b3246b8ce7658fbdf05,LENOVO INC.exe,6/7/26,Shi Hu,33DB6C7028FCF6AFB84646806433D226
511fcf6ebf34ef8361856cbc1d04ba0cd25f3e97f14c484d8feb8b59a707ded0,6c3dabe4770a64b8adbd0f7cecf7e204,f2a9af2119de6331c3d34bae63c40411afb6dc51,LENOVO INC.exe,6/7/26,Shi Hu,33DB6C7028FCF6AFB84646806433D226
2f317454ae17727ba9805877a3a79b9ac65e98293f65a88472854adc2e204d38,74d9a5c768642792b81090976a92984c,fe0d348f51b1e62e5bac0bd8e6d93419169fd288,explorer.exe,6/7/26,"Wuhan Quesangweng Technology Co., Ltd.",1D0AB4F108CE8496648853FA1A7BA839
e80c18bd0a20ae47de5877f477316ead7c0518cadb4d1ec236a66499dfb92236,caa08c0e9f8aa90e7309f78482f53802,697f9a68cc3383b706a9f09722b57ec86e0b56fe,MFCApplication1.exe,6/8/26,Shi Hu,33DB6C7028FCF6AFB84646806433D226
02a4b91d12aba9886e5db4ef0b67d9491b06625b94a14a0be2994ff204ba65a1,fc2a5ecae9164dd637c71863dbefb1cd,4636923a7e8f07c0ba7601f5a550c9ad04d827f1,LENOVO INC.exe,6/8/26,Shi Hu,33DB6C7028FCF6AFB84646806433D226
a5bf5a2e4b898801143110941d4e2aab8c6484939d4cdf3aaaf62c7bcd579778,2f37cf6c4b22016c20f54d498521bffe,86f2852998a349501453bc572309741407c82cb8,SecurityHealthService.exe,6/8/26,Shi Hu,33DB6C7028FCF6AFB84646806433D226
e2b4f0c97a28b4d97f515a97c5c48aeb4aed0dd7a85b6db4ec770607d402bf04,b33e9e759f9492d810033e6babaf0c00,3a98379b834ac3e5489706f003d1f205d008c8bb,LENOVO INC.exe,6/9/26,Shi Hu,33DB6C7028FCF6AFB84646806433D226
d0b565b5104a22bc8a9350e4767b09c52323c56fdd2353a7d9347991c438a027,bdbeb6ca9ed614338aff6160ef90e332,5986504aad9091a92508bc8c378b9c803dea996f,LENOVO INC.exe,6/9/26,Shi Hu,33DB6C7028FCF6AFB84646806433D226
63f16c8f56160ce84b348b50be1b3624f49244e98e3b81a8b6091ace44d66a62,6aeb3740579fbdd342f6a3608af71997,4ebc436301362234606261c0e32588389513bd11,LENOVO INC.exe,6/9/26,Shi Hu,33DB6C7028FCF6AFB84646806433D226
ede57e3b0ca2355c4c442ddcd8cf63dad895faf10d4b7f95c60105a4e0047832,869ca8961bca7a7bf3a225207955e6c8,e11587e9c3854cde0c0a82c1e45cd504058b158b,DataPlugin.dll,6/10/26,Heyi Siwei Software Development Studio,0B416CA38FFA8579C017C0311CCD8D8A
0276e48ef7fa572a849b8871074e7a1523e1865592467bd581d6b634f4eaaff1,f343343771954229637ca60dce75f7a4,6903d0dbeb55fc544fda9d0fab95e3aa9196ea00,DataPlugin.dll,6/10/26,Heyi Siwei Software Development Studio,0B416CA38FFA8579C017C0311CCD8D8A
60113644257ee86eb908c73d47411d5b4f2b5b8c30a913b669c48af998c974e2,d39265356cbc32b405c6f64c0c3b7bd9,c838ae3a723994f7089419472c93a3507b5340bb,LENOVO INC.exe,6/10/26,Shi Hu,33DB6C7028FCF6AFB84646806433D226
51aeaf1863b3045314968f80a5dc5f169c248e63eee8d95ec72879a6bb9571c0,1f6e62625ea5bb8c8cd21893c400c5a4,f95e5ed78dd8b8a90ff654f7380c741c594a2bd9,C:\swscale-5.sys,6/10/26,Xiangyang Dianjue Trading Store (Sole Proprietorship),4C4C9F16877C6C8508A12BDD7C94607D
7fcc655db8a41cc56c68aa1a9c688460a2dfcdee908c629cdc6332e38578cf17,d8872db6a0f3dabfb3c87802144a0593,7f5597a63710441df21bc7848adcc4a1feee3fb7,DataPlugin.dll,6/11/26,Heyi Siwei Software Development Studio,0B416CA38FFA8579C017C0311CCD8D8A
1b60705d8f5b541c6b851e80d0a67074b757d82be5907b8f64839515a4c5ac30,a41b9eb60cfbde72918fc124ec848212,7c8ae59af3ed393ca5bc1fca36cf11845d669723,DataPlugin.dll,6/11/26,Heyi Siwei Software Development Studio,0B416CA38FFA8579C017C0311CCD8D8A
d086ad6b39b941a282fb80a895696a4952779b9dc292fe42cb9736ca31b82956,80dfee99d67560b0c1a7fc3c1df86378,5879df76b120644d110ea4168d006629f5e889c0,DataPlugin.dll,6/11/26,"Xiamen Shunhuitong E-commerce Co., Ltd.",3EAA4BD40D5DA98036B33023E0052869
5f797d7d8be811c3c5e59cc3a5531ba35086cd1814d55b1532f56019a9acc37d,d8b592f69ade8df1d6a4eeb4f8e25bb8,340265e0c7773144c1b08f264ae5ec197d957a75,LENOVO INC.exe,6/11/26,Shi Hu,33DB6C7028FCF6AFB84646806433D226
7864227cd2751dcce17aae0e3c26e5c67a6661b2d17c8e4c4456bdcf245206e8,2d652f5d3e3967586b00e203d296b419,ad46cff4741bec64131c8a9f6190999e822cf067,LENOVO INC.exe,6/11/26,Shi Hu,33DB6C7028FCF6AFB84646806433D226
0de6a560f50cd606c3ccd306685b6ef6efd8da982dd6a14b9bcdfc981f7c44d4,8a0b4fdaef859c6c616509d7274250af,d7d39c030bb41694af9da0a5a6974b2429f96abc,LENOVO INC.exe,6/11/26,Shi Hu,33DB6C7028FCF6AFB84646806433D226
d91950c8a5993f7ffe9cea7179e626a6eafb5256a679583ac75f28855cbdcf0a,ce1118f4d717261ede8881a79c6320f2,9a4c02d6ba087daf979923d103af7d22a252515f,LENOVO INC.exe,6/11/26,Shi Hu,33DB6C7028FCF6AFB84646806433D226
c0673d6ecc2d5a343b117f51cbaa7b04097d90ad5270b8846a5a77a35fae5506,eef02682d6e8e7c4b77a09f41adee351,f7c29c88684dbb49650160b15e5e542269bbe9d3,LENOVO INC.exe,6/11/26,Shi Hu,33DB6C7028FCF6AFB84646806433D226
f0a127fd09dc9f4e76669374e78c2bcdaaf18bae230f9ddcaa1e7248e937072e,32f8a1f4f018209894e42653772e9939,e14bf154710b477eb9396bb969aae83d77188e60,LENOVO INC.exe,6/12/26,Shi Hu,33DB6C7028FCF6AFB84646806433D226